go_term,p_value_rank_sum,p_value_gprofiler,p_value_clusterprofiler,methods,significant_methods
GO:0001818,0.0397919757893466,8.74967002459936e-05,0.0005669612486103,3,3
GO:0002221,0.0040742211120645,1.0151449457107636e-10,3.03792111767096e-07,3,3
GO:0002227,1.1224057134906018e-07,0.0111717508870288,1.89459724107683e-06,3,3
GO:0006935,0.000435191540066,0.0010332726348314,0.0004761613021056,3,3
GO:0009615,4.7677238348458914e-05,2.2119175160039072e-10,5.01353622700991e-16,3,3
GO:0030183,0.0008044437230912,5.581088397206878e-07,0.0007808661323756,3,3
GO:0032481,0.0395067796878079,0.0060821545987215,0.0001515614235635,3,3
GO:0032760,6.279723088771796e-13,0.0075980195235479,8.51422104219381e-05,3,3
GO:0034341,5.397109846119267e-10,0.0120948627851478,4.41950952076918e-07,3,3
GO:0035456,1.1485264249700222e-05,0.0374333037256487,5.3548354909567e-08,3,3
GO:0042100,0.005487403934948,0.0002376342705045,0.0001115728559118,3,3
GO:0042113,0.0034607963937658,9.601381831689594e-11,0.0001344853474973,3,3
GO:0043401,0.044426397795373,0.0006344875466091,0.0016609388108301,3,3
GO:0045088,0.0225511336993304,1.4356366786210637e-12,8.4946651011277e-09,3,3
GO:0045089,0.0116634430402626,2.67721730005589e-11,1.92141299838227e-07,3,3
GO:0045824,0.0043305978440197,0.0144550764132713,0.0029711150832796,3,3
GO:0050727,0.0169591908269001,0.0001344775331332,0.0015239505109797,3,3
GO:0050729,6.91681593826523e-08,0.0005094302957977,9.95643661807334e-06,3,3
GO:0050852,0.0202854667932609,2.065904716432969e-06,0.0019484871887983,3,3
GO:0050853,1.345604865076009e-05,0.0016332967908865,7.96911503387086e-16,3,3
GO:0051607,1.0874201045142766e-10,4.0736377009631345e-09,2.06997617023009e-17,3,3
GO:0071222,2.922767719326749e-07,0.0004809640420885,5.44036204591926e-05,3,3
GO:0071346,0.0001653488150598,0.0392430104099369,5.69761577825223e-06,3,3
GO:1905665,0.0029926569076026,0.0463495943263863,0.0017201250027727,3,3
GO:0001819,0.2611474783166798,3.3249691374602e-09,2.0179121752052702e-09,3,2
GO:0002218,0.2589005477662709,2.3297267553594346e-12,9.8453731194851e-07,3,2
GO:0002237,0.072023589448393,1.6414280471518236e-05,0.0001830395586824,3,2
GO:0002385,0.3484716094834019,0.0496251474786104,1.26755067860638e-05,3,2
GO:0002429,0.3829230282733479,1.0151449457107636e-10,1.03619587416225e-16,3,2
GO:0002753,0.0600952401087785,1.7819584588696214e-07,0.0002041905106754,3,2
GO:0002768,0.945717885619189,6.494317841267229e-12,8.653627785310169e-18,3,2
GO:0007159,0.6573762175282744,3.148607711858791e-12,0.003816647103861,3,2
GO:0016032,0.2715613971293623,5.977769679832983e-11,3.69003195890617e-06,3,2
GO:0019079,0.6459707159006676,0.0045787654550239,3.16972544441282e-08,3,2
GO:0022407,0.7371980689923334,3.4442860966457984e-11,0.0029161696188087,3,2
GO:0030099,0.4502844786634947,1.3166421426594454e-10,0.0005041635712177,3,2
GO:0030218,0.403092877929822,0.018089574253167,0.0050431364843534,3,2
GO:0030518,0.5663060271256453,0.0006344875466091,0.0016609388108301,3,2
GO:0030522,0.3931375899459239,2.549706750097776e-09,1.3903857399269e-06,3,2
GO:0030595,0.6548384621037779,0.0024825771690859,0.0024986661378786,3,2
GO:0032479,0.0819784212674609,4.419793942580034e-05,0.0002333118916891,3,2
GO:0032496,0.0869408163378614,4.840893647200192e-05,0.0001210389830322,3,2
GO:0032680,0.2367209699683936,0.0005565077080444,2.66163255896125e-05,3,2
GO:0032728,0.0875948411136066,0.0057733250481734,0.0001402404678472,3,2
GO:0042116,0.1557700957319609,0.0002254228447263,4.32399910024693e-05,3,2
GO:0045785,0.7191542133171718,1.2378089108010426e-06,0.0017307709305885,3,2
GO:0050777,0.0632089936587211,0.0004085524463675,0.0017856151413382,3,2
GO:0050851,0.1994898147902043,1.0628575049600732e-09,4.6930047516278e-16,3,2
GO:0050864,0.5518123298007306,4.668949722136436e-07,0.0047232811389461,3,2
GO:0050900,0.8606611920983265,0.0005406576575594,0.000387563260583,3,2
GO:0071219,0.1599125430408422,0.000394146995853,8.30485341807412e-05,3,2
GO:0140374,0.215690206344996,0.0003280467839487,0.00117350199655,3,2
GO:1903706,0.1254362149613014,2.0647937180345495e-10,0.0007118775545916,3,2
GO:0000122,2.864203225999543e-20,3.24190486939059e-06,,2,2
GO:0000380,1.413301723409779e-06,1.1630939091571054e-05,,2,2
GO:0000381,1.1268886673226795e-15,0.0002188244468373,,2,2
GO:0000422,0.0063249482265695,0.0025167330954057,,2,2
GO:0000723,0.0002452141960375,0.0101777560293561,,2,2
GO:0001562,,0.0454241871354286,4.30920460626342e-06,2,2
GO:0001649,0.0009139543065469,9.729534273478772e-06,,2,2
GO:0001774,3.272864422866408e-05,,0.0002005251403635,2,2
GO:0001779,0.0397024702849299,0.0026766379927294,,2,2
GO:0001890,0.0440410952388718,0.0367348838279504,,2,2
GO:0001932,0.0381967112354888,0.0007113773981759,,2,2
GO:0002181,2.081352946234556e-25,0.003762263633854,,2,2
GO:0002224,0.0024755260268231,8.50205892310229e-05,,2,2
GO:0002250,9.71276893582959e-37,5.426987726274168e-07,,2,2
GO:0002251,,0.043010559382833,1.71289613245819e-05,2,2
GO:0002274,,8.68334762135194e-08,1.44549354908553e-06,2,2
GO:0002327,0.0241383149140993,,0.0034215358392086,2,2
GO:0002376,0.0004145818591237,5.482399307553101e-41,,2,2
GO:0002443,,2.7036560932349696e-05,1.1065903276144698e-11,2,2
GO:0002449,,0.0004218513837718,1.7583725855909497e-11,2,2
GO:0002460,,1.7595817257682715e-05,1.05974700443507e-11,2,2
GO:0002523,0.0204138542626868,,0.005050704182605,2,2
GO:0002683,0.0107513163568387,6.680992469168562e-12,,2,2
GO:0002698,,0.005398708992407,0.0048814480208684,2,2
GO:0002720,8.54389378484827e-06,8.060230187776385e-05,,2,2
GO:0002755,0.0230820089172322,0.0104631077927439,,2,2
GO:0002756,,0.0324662993773382,0.0044748892119043,2,2
GO:0002757,0.036678360979039,2.598369220573294e-21,,2,2
GO:0002758,,7.48826186369385e-12,5.02280230044936e-07,2,2
GO:0002832,,0.0062480108260616,0.0001829339982197,2,2
GO:0002833,,1.6864628285738146e-11,4.16152629729408e-07,2,2
GO:0003149,0.0027840918528677,0.0364703796417893,,2,2
GO:0005975,0.0291541734427575,0.0009136486991945,,2,2
GO:0006006,0.0232381322441489,0.0179106735481616,,2,2
GO:0006091,0.0009544761096702,6.645502703927926e-09,,2,2
GO:0006096,0.040479429131999,0.0069302556698209,,2,2
GO:0006119,0.0006330725752563,1.99439060748359e-07,,2,2
GO:0006120,4.144622624101853e-07,5.79953789303841e-07,,2,2
GO:0006163,0.0054316233724599,1.92481991640124e-07,,2,2
GO:0006189,0.0357261365964006,0.0213494913368599,,2,2
GO:0006275,2.847309476821402e-06,0.033092031759794,,2,2
GO:0006281,0.0042019468277984,1.0345051041665209e-07,,2,2
GO:0006325,2.0455205772262577e-11,2.044464797261369e-17,,2,2
GO:0006338,1.527570678574735e-16,2.5224654982412628e-11,,2,2
GO:0006355,1.3446543906485898e-32,3.944310803528761e-25,,2,2
GO:0006357,5.800660915045762e-31,5.545105882295413e-19,,2,2
GO:0006364,1.7496051479009048e-11,0.000342518121959,,2,2
GO:0006400,0.0411609212902336,0.0332904378638177,,2,2
GO:0006405,9.663872485478988e-05,0.0120948627851478,,2,2
GO:0006406,0.0105113062302326,0.0483189341783291,,2,2
GO:0006412,0.0018023608022877,3.3346669036966336e-11,,2,2
GO:0006417,0.0038270832638633,1.0958877556857497e-08,,2,2
GO:0006457,0.0269670875452678,0.0325849423349371,,2,2
GO:0006468,0.0030990385895219,4.5619531010583386e-08,,2,2
GO:0006606,0.015983210978062,0.0217203338895375,,2,2
GO:0006617,0.0009583846739391,,0.0044748892119043,2,2
GO:0006629,9.1323146714225e-07,0.0019528119692436,,2,2
GO:0006644,0.0190851378450167,0.0004971801493588,,2,2
GO:0006661,0.0228861959306583,0.0054395768714814,,2,2
GO:0006811,0.0258876088855243,0.0487513497985825,,2,2
GO:0006869,0.0347236117376126,0.021185715720621,,2,2
GO:0006892,0.0435462700351036,7.392074596179984e-05,,2,2
GO:0006898,0.0001856091920443,0.008332737318128,,2,2
GO:0006913,3.6462212968794088e-06,4.516363734281494e-06,,2,2
GO:0006914,0.0002599821167469,8.68334762135194e-08,,2,2
GO:0006915,0.0306563385924517,3.749821322227614e-17,,2,2
GO:0006952,1.3692999300926871e-08,3.2546167070179986e-21,,2,2
GO:0006954,1.1023420704546332e-05,5.294680024962942e-11,,2,2
GO:0006955,1.0090192914200324e-05,2.1664817192516373e-25,,2,2
GO:0006959,0.0005947856716539,,1.55377493288715e-16,2,2
GO:0006974,2.850574227059965e-05,8.760642319394813e-16,,2,2
GO:0006979,2.3525424896323513e-09,2.6278657097351145e-05,,2,2
GO:0007004,0.0012799225020558,0.0234885110775077,,2,2
GO:0007009,0.0283272179861938,0.0124738543092298,,2,2
GO:0007017,0.0390588936658371,0.0055653230892171,,2,2
GO:0007030,0.0025416314677352,0.001267696638647,,2,2
GO:0007034,0.0136154303039312,0.0015557947633964,,2,2
GO:0007040,0.0057330499941228,0.0007704536022894,,2,2
GO:0007098,0.0101310714733018,0.0142693284282232,,2,2
GO:0007155,0.0421424725289731,8.132733896875491e-07,,2,2
GO:0007169,0.0111507897733323,1.4029998677839231e-05,,2,2
GO:0007224,0.0242777109298685,0.0341348414985117,,2,2
GO:0007399,1.3287540656577456e-11,3.3918723712509737e-06,,2,2
GO:0007417,0.0037121914836858,0.0010706987360627,,2,2
GO:0007420,0.0002899768915442,0.0220037154154519,,2,2
GO:0007596,0.0003872900167011,0.0001139266669486,,2,2
GO:0007599,0.0327830018858765,6.173980573883031e-05,,2,2
GO:0008033,0.0044452714192547,0.0056063992730974,,2,2
GO:0008104,0.0002949193444688,6.685118756691994e-30,,2,2
GO:0008284,0.0124940802145403,0.0005718903134547,,2,2
GO:0008637,0.0490263510407208,0.0364703796417893,,2,2
GO:0009060,1.3942893888766504e-08,1.6770850233615154e-09,,2,2
GO:0009165,0.0364120439352067,2.887216703461739e-06,,2,2
GO:0009299,0.0310450675152107,0.0103179814469252,,2,2
GO:0009451,0.0459426348353098,0.009686553749653,,2,2
GO:0009966,0.009392052094088,4.4591691838417695e-31,,2,2
GO:0009967,0.0012061597044541,1.5760558402247866e-14,,2,2
GO:0010332,0.0133833355061041,6.716518047632933e-05,,2,2
GO:0010457,0.0001057804120827,0.03088058693934,,2,2
GO:0010468,2.7622531577545166e-06,7.963477285800107e-18,,2,2
GO:0010498,1.2977600054666064e-05,7.033453500801776e-06,,2,2
GO:0010557,0.0051200709407358,7.021373792768381e-25,,2,2
GO:0010564,0.0047104060836614,2.5302968227958673e-08,,2,2
GO:0010572,2.225754346917963e-05,0.0279631274566612,,2,2
GO:0015986,0.0028263024408243,1.8529309628290757e-07,,2,2
GO:0016055,0.0001744487535652,6.162662139675878e-05,,2,2
GO:0016064,3.114494775561444e-15,,2.01963410259694e-11,2,2
GO:0016072,0.0111341361919609,0.0001384044065141,,2,2
GO:0016236,0.0301880142321218,0.0009726183496551,,2,2
GO:0016567,0.021011540825825,1.7652223033219226e-08,,2,2
GO:0017015,0.0457715334885306,0.0051550737692866,,2,2
GO:0017148,0.0007938965218807,0.0001259054614387,,2,2
GO:0019058,,4.683075089519557e-07,7.56210968180891e-05,2,2
GO:0019221,0.035399601320793,0.0085479289216013,,2,2
GO:0019538,0.043038410623814,2.2507795287955114e-43,,2,2
GO:0019731,2.9339345689379535e-06,,2.00212673411133e-13,2,2
GO:0019732,0.0011794700799667,,0.0025021064947392,2,2
GO:0019882,0.009010989781915,0.0030278173558283,,2,2
GO:0019941,0.0223124203669208,4.160700178473984e-06,,2,2
GO:0022904,3.00606454964107e-06,1.8603078717431655e-08,,2,2
GO:0030030,0.0003623433837081,6.618241199348285e-08,,2,2
GO:0030041,0.0004848550563129,0.0089747013523912,,2,2
GO:0030071,0.007484265040951,0.0111454683835078,,2,2
GO:0030098,,1.4969570331322717e-22,8.68508566398647e-05,2,2
GO:0030154,2.03961567326941e-06,2.322360097244292e-18,,2,2
GO:0030155,0.0082300586988902,2.489525355173404e-08,,2,2
GO:0030163,0.0072836839651709,3.8020800155672294e-11,,2,2
GO:0030178,0.0448960613402854,0.0404556770695277,,2,2
GO:0030182,0.0002375265637316,0.0152439538466993,,2,2
GO:0030217,0.0286441860972221,2.7972355850748058e-15,,2,2
GO:0030334,4.793256077389492e-05,2.512835261987932e-05,,2,2
GO:0030521,0.0420565549559473,0.0463495943263863,,2,2
GO:0030888,0.0164128612744176,0.0041922202534039,,2,2
GO:0030890,0.002543200598302,0.0370903858383117,,2,2
GO:0031123,0.0037359703544678,0.0374333037256487,,2,2
GO:0031124,0.0070637609727141,0.0272218048375193,,2,2
GO:0031175,0.027430166967364,0.0012098767363073,,2,2
GO:0031333,0.0184619307233785,0.028587896990912,,2,2
GO:0031344,0.0037625960998074,6.638994165501703e-05,,2,2
GO:0031396,0.0441170532648391,0.0003861445260138,,2,2
GO:0031640,0.0105877492304171,,1.0917688364673801e-10,2,2
GO:0032102,,9.353871538793097e-05,0.0048946302903188,2,2
GO:0032200,0.000121779872066,0.0103179814469252,,2,2
GO:0032204,0.0012344978087353,0.0007704536022894,,2,2
GO:0032210,0.0048246792862197,0.0085608137613445,,2,2
GO:0032446,0.0451516630870046,3.810550829037237e-11,,2,2
GO:0032543,6.425974645399526e-08,0.0023596583801264,,2,2
GO:0032602,,0.0023828502222363,0.0030868180732666,2,2
GO:0032606,,4.419793942580034e-05,0.0002333118916891,2,2
GO:0032608,,0.0024040039410436,0.0004918707133429,2,2
GO:0032640,,0.0005565077080444,2.66163255896125e-05,2,2
GO:0032642,,0.0023828502222363,0.0030868180732666,2,2
GO:0032648,,0.0024040039410436,0.0004918707133429,2,2
GO:0032722,0.0019872276734151,0.0160551329523636,,2,2
GO:0032732,0.048401950695922,0.0483189341783291,,2,2
GO:0032755,0.0006082238114669,0.0132251844224671,,2,2
GO:0032784,0.0115598641816742,0.0089901119004729,,2,2
GO:0032786,0.0001001762265547,0.003762263633854,,2,2
GO:0032922,9.951485973261071e-05,0.0018816243516843,,2,2
GO:0032940,0.0381964102993578,0.0070320034348201,,2,2
GO:0032943,,5.099421880216098e-10,0.0033354510147216,2,2
GO:0033173,3.831839120340347e-05,0.0370903858383117,,2,2
GO:0033540,0.0021252177903914,0.0279631274566612,,2,2
GO:0034063,1.2537310883463525e-06,0.000613424589545,,2,2
GO:0034067,0.0091709654337105,0.0426979696338866,,2,2
GO:0034097,0.0085322936845321,3.990572262212984e-07,,2,2
GO:0034138,0.009837566971395,0.0063898017677609,,2,2
GO:0034145,1.8731817006661456e-05,,0.0039316896856422,2,2
GO:0034154,0.0003003351691994,0.0114497545948844,,2,2
GO:0034394,0.0484418292881378,0.0063898017677609,,2,2
GO:0034599,0.0106270308866677,0.0102174003964967,,2,2
GO:0034612,0.0180541308804544,,7.31455705795125e-05,2,2
GO:0034976,0.0005511245065473,0.0222459502592522,,2,2
GO:0035455,0.0010343346406419,,0.0002583991003244,2,2
GO:0035556,0.0122175669669659,3.045793861964417e-37,,2,2
GO:0036109,0.0005826192935557,0.0463495943263863,,2,2
GO:0036258,0.0190365316058082,0.0426979696338866,,2,2
GO:0038094,0.0073399812635327,0.0101856149596121,,2,2
GO:0039529,0.0059136466720955,0.0065573434887549,,2,2
GO:0040011,0.0461242373218835,3.6910027812499223e-06,,2,2
GO:0042110,9.915379085466106e-06,3.81082263490051e-18,,2,2
GO:0042127,0.038807334877369,7.9088845955798e-10,,2,2
GO:0042157,0.0012444941399969,0.0144456454591797,,2,2
GO:0042254,1.1627733769626856e-10,2.6974047483933397e-05,,2,2
GO:0042307,0.005759299586392,0.0463495943263863,,2,2
GO:0042330,,0.0013413094511241,0.0004761613021056,2,2
GO:0042742,1.0878563162728774e-19,,7.2162271494585e-22,2,2
GO:0042752,0.0223976073430057,0.0499522831496076,,2,2
GO:0042775,0.0448700645134458,5.924299585027194e-07,,2,2
GO:0042776,1.1405893973387096e-08,1.5446708539985723e-08,,2,2
GO:0042832,0.0038000252684285,,4.30920460626342e-06,2,2
GO:0043030,0.0127062341055396,0.0480629641887734,,2,2
GO:0043066,0.014263028666602,3.277943782992663e-05,,2,2
GO:0043123,0.009489252755742,0.0007512915710643,,2,2
GO:0043254,0.0043160590822655,5.3494578407584307e-05,,2,2
GO:0043374,6.29052911693917e-08,0.00364157693966,,2,2
GO:0043484,3.3050287361837346e-05,5.52734573518248e-10,,2,2
GO:0043488,0.0001935465983739,0.0063250650901822,,2,2
GO:0044546,0.0191286467661506,0.0179539501990305,,2,2
GO:0045069,,0.0322592037110475,2.89394935595327e-08,2,2
GO:0045071,5.1877846471435834e-08,,6.04060638402932e-10,2,2
GO:0045087,8.970993194949564e-14,1.974075602755456e-14,,2,2
GO:0045184,0.026003022108802,1.9519378832621084e-10,,2,2
GO:0045333,0.0026341626941955,1.4006014244728375e-10,,2,2
GO:0045429,0.0168176863209581,0.0012014995867511,,2,2
GO:0045454,0.0060356663933106,0.0463495943263863,,2,2
GO:0045582,6.252893427809656e-06,0.0010982585807564,,2,2
GO:0045596,0.0037074532415213,0.0012174585827921,,2,2
GO:0045597,3.0000035456694607e-06,1.7432214104597788e-06,,2,2
GO:0045599,0.0127890442278613,0.0017213023767644,,2,2
GO:0045637,,0.0079832541106899,0.0012730460162944,2,2
GO:0045786,0.0004049301606627,1.1948355085899443e-06,,2,2
GO:0045814,0.0014387009202706,0.0036874555634444,,2,2
GO:0045892,3.0045858252306487e-19,7.929955489372061e-11,,2,2
GO:0045893,1.3797954555040636e-13,7.125468465659536e-17,,2,2
GO:0045916,0.014564463501389,,0.0034215358392086,2,2
GO:0045926,0.0019031024743509,0.0019968655200889,,2,2
GO:0045944,9.370765824289068e-12,5.553740459855832e-10,,2,2
GO:0046631,0.0022766499905748,3.368665243804471e-15,,2,2
GO:0046651,,9.827784232391901e-11,0.0031260935126326,2,2
GO:0046931,0.0203552722924851,0.0098093502254525,,2,2
GO:0048024,0.0007222057652809,2.221608750642907e-06,,2,2
GO:0048147,0.0450042570095251,0.003762263633854,,2,2
GO:0048468,0.017455934343239,1.1824972895872825e-17,,2,2
GO:0048513,0.0019127033768603,0.000613424589545,,2,2
GO:0048525,,0.0374333037256487,9.11596418109112e-10,2,2
GO:0048699,0.0003594595318685,0.0099642562004046,,2,2
GO:0048863,0.0202308295413323,0.0203743269037142,,2,2
GO:0048872,,1.0101080826971937e-05,0.0023855158527058,2,2
GO:0050792,,0.0097265148868683,1.99310441434966e-07,2,2
GO:0050821,1.3072361086468092e-06,2.4045882796849383e-05,,2,2
GO:0050829,5.286403955648698e-05,,1.77741140004569e-08,2,2
GO:0050830,4.728611247995496e-13,,5.44532052807302e-07,2,2
GO:0050832,0.0001115531982582,,2.76430411623082e-10,2,2
GO:0050854,,6.8459870259733095e-06,0.0001046578706924,2,2
GO:0050856,,0.0045146608299009,0.0048112595107559,2,2
GO:0050858,,0.0244139941575601,0.000183979447881,2,2
GO:0050863,0.0021528955858354,3.3692982854441234e-13,,2,2
GO:0051028,3.22443458697351e-06,3.086739182035316e-06,,2,2
GO:0051056,0.0009790204822882,0.0002226997836883,,2,2
GO:0051093,0.0423595969976836,9.90318705412346e-06,,2,2
GO:0051168,0.0049336522613154,0.0004019577211814,,2,2
GO:0051301,0.0293229227759247,2.2607723568825138e-07,,2,2
GO:0051649,0.0321026129267816,7.292664885616967e-23,,2,2
GO:0051707,6.96800519308969e-07,5.36803945321879e-18,,2,2
GO:0051726,0.0022782801924131,6.375044722997323e-09,,2,2
GO:0060070,0.0448703458648158,0.0001593429279057,,2,2
GO:0060255,0.0327964267175135,2.2644702873587817e-25,,2,2
GO:0060271,0.001185325477357,0.0161132030757548,,2,2
GO:0060322,0.0016011094173529,0.0103179814469252,,2,2
GO:0060337,0.0074657268883248,,3.92459776769305e-08,2,2
GO:0060612,0.0271122907842776,0.0116307609787719,,2,2
GO:0061157,0.0008701370190457,0.0463495943263863,,2,2
GO:0061844,1.832891253774677e-07,,3.11502345904169e-06,2,2
GO:0062207,,1.6988893455606568e-08,3.20803826144899e-05,2,2
GO:0062208,,0.0005565077080444,1.31670417929428e-05,2,2
GO:0070106,0.0109411564817556,,3.07507601758527e-07,2,2
GO:0070269,0.0007494868447821,,0.0001402404678472,2,2
GO:0070555,0.0406604427709373,0.0489311821602363,,2,2
GO:0070661,,1.3311524540731859e-09,0.0013184335388216,2,2
GO:0071168,1.787131534175529e-05,0.0156402383587555,,2,2
GO:0071216,,4.80034974992204e-06,0.0001595460764387,2,2
GO:0071345,0.0179753906237957,3.922823652410042e-06,,2,2
GO:0071357,1.0816620628121208e-10,,5.04269098442556e-08,2,2
GO:0071360,0.0234928662678169,,0.0039316896856422,2,2
GO:0071383,0.002172382572001,0.0009249073417773,,2,2
GO:0071396,0.0203608560916135,8.273542522919613e-06,,2,2
GO:0071456,0.0007062896042215,0.038515724961819,,2,2
GO:0071493,0.0060921839208134,0.0114497545948844,,2,2
GO:0071560,0.0123820285868654,5.2719955271399985e-06,,2,2
GO:0071639,0.0004927597201151,,0.0029448619747504,2,2
GO:0071706,,0.0005979617616075,3.9019028861982e-06,2,2
GO:0072539,3.0600887572720995e-06,0.0036327749127238,,2,2
GO:0072540,0.0286375993684183,0.0111454683835078,,2,2
GO:0080135,0.0075473412460045,3.019581027302279e-09,,2,2
GO:0090200,0.0031794399039559,0.0026766379927294,,2,2
GO:0090201,0.0009519436715666,,0.005050704182605,2,2
GO:0090316,0.0394819775537883,0.0001610042140668,,2,2
GO:0097193,0.0425418397827223,2.5033860540801193e-07,,2,2
GO:0098869,1.6735063445204048e-05,0.0057380856176367,,2,2
GO:0120035,0.027520949186556,0.0001237415667936,,2,2
GO:0140467,0.0062189315328566,0.0156402383587555,,2,2
GO:0140588,0.0009977700951755,0.0026389765760805,,2,2
GO:0140694,0.0288013693318094,0.004076139606309,,2,2
GO:0141091,0.0293458206903397,0.0001846056563986,,2,2
GO:0141193,,0.0030278173558283,0.0012730460162944,2,2
GO:1901524,0.0001935409035608,0.0252264084161168,,2,2
GO:1902459,5.2154991771100475e-05,0.000405697025638,,2,2
GO:1902533,0.0300461503038706,1.2497043967113163e-11,,2,2
GO:1902600,4.224244564005012e-07,0.0002000568477741,,2,2
GO:1903039,,1.4807596954275512e-08,0.0048184489828793,2,2
GO:1903131,,9.391762428410096e-23,4.08394850017598e-06,2,2
GO:1903555,,0.0005979617616075,3.9019028861982e-06,2,2
GO:1903557,,0.0111454683835078,0.0001030705281237,2,2
GO:1903900,,0.0275466594092587,4.74127712675567e-07,2,2
GO:1904357,0.0311272172929134,0.0184175138108639,,2,2
GO:1905168,3.932278749746824e-05,0.0035444571300638,,2,2
GO:1905323,0.0020025912836673,0.0364703796417893,,2,2
GO:1905664,,0.0279631274566612,0.0044748892119043,2,2
GO:2000036,0.0093684605805614,0.0110605485526644,,2,2
GO:2000562,0.0023312852619233,0.0114497545948844,,2,2
GO:2000736,3.2174027344972634e-05,0.0100265384905541,,2,2
GO:2000779,0.0043841309108803,0.0036961803281668,,2,2
GO:2000781,0.0001045479947726,0.0013413094511241,,2,2
GO:2001233,0.0431168856891176,0.0001536675861352,,2,2
GO:0000018,0.3209969616633217,0.0027534017742466,,2,1
GO:0000070,0.9190507362724796,0.0111454683835078,,2,1
GO:0000077,0.5985683163729572,0.0136428899107613,,2,1
GO:0000082,0.9873121297986192,3.9040785579254755e-06,,2,1
GO:0000154,0.153473383610317,0.0063898017677609,,2,1
GO:0000165,0.2268605292555425,0.0002465828395439,,2,1
GO:0000209,0.3802804033165307,4.915602862771857e-05,,2,1
GO:0000226,0.4305464179775323,0.0029590823387794,,2,1
GO:0000278,0.921532007867946,1.3851435754192062e-09,,2,1
GO:0000281,0.7714286277253853,0.0155258001556705,,2,1
GO:0000423,0.2071642412532753,0.0027550701558728,,2,1
GO:0000724,0.1166067118910465,0.0002168871582015,,2,1
GO:0000725,0.1521931939748357,0.0002339190060641,,2,1
GO:0000902,0.1310323925850303,0.0006539657085939,,2,1
GO:0000956,0.4911115929560289,0.0111454683835078,,2,1
GO:0001503,0.5026527421775013,4.9385351552731935e-05,,2,1
GO:0001525,0.2016941841377758,0.0348421870334288,,2,1
GO:0001558,0.6763482198959809,0.0035187134089494,,2,1
GO:0001568,0.3900895356096673,0.0135630467359351,,2,1
GO:0001659,0.2376917273743798,0.0121267313810236,,2,1
GO:0001666,0.2557654812089871,0.0479566443585414,,2,1
GO:0001701,0.3531358351199731,0.0009576254404895,,2,1
GO:0001775,0.3713318046758046,2.1538812386831695e-32,,2,1
GO:0001817,0.1722854451997308,8.361509141205534e-15,,2,1
GO:0001933,0.1775812835918971,0.0045787654550239,,2,1
GO:0001944,0.3936693616216148,0.0085208123156452,,2,1
GO:0002009,0.6847186225047903,0.0102592668565327,,2,1
GO:0002223,0.1703135908300943,0.0193207135197318,,2,1
GO:0002230,0.1238409182948953,0.0274465536439655,,2,1
GO:0002286,0.8381971830250122,0.0120948627851478,,2,1
GO:0002437,0.7859387898478479,0.0211698210105414,,2,1
GO:0002456,0.9778196959984724,0.0001745607471788,,2,1
GO:0002526,0.2234018192315088,,0.0003912724598826,2,1
GO:0002532,0.5906337794171043,0.0284545521574799,,2,1
GO:0002573,0.4764306263434208,1.2706267027443671e-05,,2,1
GO:0002682,0.0847529057502676,1.2573545956231342e-38,,2,1
GO:0002684,0.8359918893679454,3.2329576865513356e-27,,2,1
GO:0002819,0.0930661363934194,5.750278009806457e-07,,2,1
GO:0002821,0.4941637550109919,0.0008832080927037,,2,1
GO:0006082,0.0728345895956623,0.0079105043746203,,2,1
GO:0006110,0.8718128866576582,0.0276274410013826,,2,1
GO:0006164,0.7299835687970262,6.782461626502179e-06,,2,1
GO:0006259,0.3464864688018574,4.486142412220228e-12,,2,1
GO:0006260,0.4151938127480249,9.076632355685104e-05,,2,1
GO:0006261,0.0695911848721702,0.0168812275531366,,2,1
GO:0006278,0.1965095147126264,0.0374333037256487,,2,1
GO:0006282,0.2895174224535477,0.0035872143289376,,2,1
GO:0006302,0.4814951570459377,0.0001536675861352,,2,1
GO:0006310,0.0621078780754664,0.0010472663856989,,2,1
GO:0006351,0.3050012188578764,3.765170223924852e-26,,2,1
GO:0006354,0.1852395594865832,0.0008102361136429,,2,1
GO:0006360,0.202609918062791,0.0009090982773502,,2,1
GO:0006366,0.2049213713842376,4.9286097479582494e-20,,2,1
GO:0006368,0.2653963647020073,0.0030278173558283,,2,1
GO:0006383,0.7757421722465945,0.0128038292776816,,2,1
GO:0006399,0.8719220779563785,0.0065878152949942,,2,1
GO:0006401,0.0707524445430179,5.5206218791257104e-05,,2,1
GO:0006402,0.7199580718784084,0.0010343805314985,,2,1
GO:0006413,0.4693489005317728,0.0016316792070375,,2,1
GO:0006414,0.217955949504652,0.0012332421373186,,2,1
GO:0006446,0.1452694214238525,0.0070245166867798,,2,1
GO:0006469,0.2306191933494739,0.01404322001891,,2,1
GO:0006476,0.6673215256693891,0.0322320897006257,,2,1
GO:0006508,0.0568221303335482,0.0028763746911234,,2,1
GO:0006509,0.4672539183146774,0.0499222920926233,,2,1
GO:0006511,0.1198086837477685,5.330740109781059e-06,,2,1
GO:0006611,0.4308474371143723,0.0217061455347762,,2,1
GO:0006623,0.8996597176029052,0.0398033438815072,,2,1
GO:0006650,0.1642904933271894,0.0004195061732223,,2,1
GO:0006744,0.2219025155706396,0.0088938938158815,,2,1
GO:0006753,0.2805540448335389,8.555242992708483e-09,,2,1
GO:0006754,0.2699140549139942,2.8085549513310826e-06,,2,1
GO:0006790,0.7144843844141633,0.0230283318228469,,2,1
GO:0006796,0.4515902166401455,2.1355594983501303e-20,,2,1
GO:0006809,0.0659009525077433,0.0055533092965703,,2,1
GO:0006812,0.995807803966814,0.0114464103614061,,2,1
GO:0006886,0.4452067583486748,4.331707426608886e-11,,2,1
GO:0006887,0.7669931686538299,0.0333113641404887,,2,1
GO:0006888,0.6301478635712829,0.0004346161630536,,2,1
GO:0006893,0.310314351805914,0.0011759805033583,,2,1
GO:0006897,0.5959489188081968,2.0735556649866936e-10,,2,1
GO:0006903,0.9011507950109454,0.0348658269439543,,2,1
GO:0006906,0.2081145685501144,0.0321907798696328,,2,1
GO:0006909,0.0552807452746613,0.0012280167682539,,2,1
GO:0006950,0.6301657871597366,5.7684932506582585e-43,,2,1
GO:0006953,0.2325358518646383,,0.0032473464538228,2,1
GO:0006956,0.0656140751249426,,2.76430411623082e-10,2,1
GO:0006958,0.9236882489299107,,1.0324058342083001e-10,2,1
GO:0006996,0.2448757744141229,8.172295342321546e-32,,2,1
GO:0006997,0.9540549643543564,0.0005094302957977,,2,1
GO:0006998,0.6398603757677692,0.0036011745832271,,2,1
GO:0007005,0.0602250854229419,8.166176128846475e-09,,2,1
GO:0007010,0.0988146994620132,2.311240993523016e-05,,2,1
GO:0007015,0.5817639471210911,8.646730435040111e-05,,2,1
GO:0007029,0.0688325587033392,0.0021458152066709,,2,1
GO:0007032,0.7006779404330995,0.0013413094511241,,2,1
GO:0007033,0.5533263652389266,0.000769148081322,,2,1
GO:0007041,0.8265905271443134,0.0321907798696328,,2,1
GO:0007059,0.9939332998525346,5.4544884223465035e-05,,2,1
GO:0007091,0.3028311924878275,0.0096957870799342,,2,1
GO:0007154,0.1180053302788368,8.266918740597539e-18,,2,1
GO:0007162,0.911528223831045,4.419793942580034e-05,,2,1
GO:0007165,0.890956686253797,1.063446265967435e-19,,2,1
GO:0007166,0.1279348214744015,1.9920195289218025e-19,,2,1
GO:0007167,0.2165837126074518,2.314117747282861e-07,,2,1
GO:0007173,0.4699037220737776,0.0468124902827638,,2,1
GO:0007178,0.1574156671212226,0.00049214440894,,2,1
GO:0007179,0.0883508697802702,0.0001632855541362,,2,1
GO:0007249,0.99584157359741,1.2666918941374606e-05,,2,1
GO:0007259,0.8010151562516911,0.0011355715281686,,2,1
GO:0007264,0.0762448976257361,1.0969428220363517e-07,,2,1
GO:0007265,0.3235361718418393,0.0075380050134116,,2,1
GO:0007275,0.2514187062352836,4.5969769813237814e-14,,2,1
GO:0007346,0.6590528971538484,3.611242512559527e-07,,2,1
GO:0007623,0.1879655100718306,0.0028763746911234,,2,1
GO:0008064,0.8929881688358151,0.0244139941575601,,2,1
GO:0008154,0.499805086526792,0.0015381602662238,,2,1
GO:0008219,0.3541025377559303,6.210262187085174e-17,,2,1
GO:0008283,0.3136839714773882,2.1875987489842934e-10,,2,1
GO:0008285,0.1763266590565441,6.2024822498561875e-06,,2,1
GO:0008298,0.9774408879226854,0.016533519859792,,2,1
GO:0008333,0.8138191773639103,0.0187886045209936,,2,1
GO:0008360,0.3497327100805973,0.0001354400237351,,2,1
GO:0008361,0.2162073659147571,0.0057986948705068,,2,1
GO:0008610,0.722651864279112,0.0176032845374635,,2,1
GO:0008630,0.7845818546687489,0.0004525710327954,,2,1
GO:0008631,0.3116901447386094,0.0217061455347762,,2,1
GO:0008645,0.2958112306877201,0.0103819480420264,,2,1
GO:0008654,0.117060440137117,1.2706267027443671e-05,,2,1
GO:0009100,0.8790524931089398,0.0364703796417893,,2,1
GO:0009117,0.1063745754049963,1.6777875266136672e-07,,2,1
GO:0009123,0.636101991860207,0.0075980195235479,,2,1
GO:0009142,0.0611331635384197,5.474135612525027e-07,,2,1
GO:0009267,0.5466986089416952,0.0165008774224152,,2,1
GO:0009314,0.1914470328525572,0.0192422752438324,,2,1
GO:0009411,0.4064865740784316,0.0031228031219357,,2,1
GO:0009416,0.7683520721079795,0.0463495943263863,,2,1
GO:0009611,0.4427389404472136,8.264771364063038e-06,,2,1
GO:0009617,0.2614164416518346,0.0001493880755989,,2,1
GO:0009636,0.3428080949252217,0.0371920372360689,,2,1
GO:0009653,0.074833267158714,9.338225173780088e-06,,2,1
GO:0009725,0.4516716241818098,0.0001348949526511,,2,1
GO:0009755,0.616894392614793,,0.0022762717854551,2,1
GO:0009888,0.0874194065294804,0.0018333006853451,,2,1
GO:0009891,0.4962888160938044,1.7201429104898224e-24,,2,1
GO:0009893,0.6328536009874982,1.184294966735304e-32,,2,1
GO:0009896,0.685750929393473,4.927477529750768e-05,,2,1
GO:0009968,0.582687638241295,3.4326930773352627e-12,,2,1
GO:0010212,0.1902640041525233,0.0162263880585102,,2,1
GO:0010224,0.1541148852339297,0.0104631077927439,,2,1
GO:0010506,0.4361372014104924,0.0018047744884516,,2,1
GO:0010543,0.3465466635377285,0.0146347626228171,,2,1
GO:0010556,0.1172138992589254,8.326099765295138e-19,,2,1
GO:0010569,0.587143104728344,0.0047873316255078,,2,1
GO:0010604,0.677237950670291,8.306104081699183e-33,,2,1
GO:0010605,0.0724647699989331,0.0009038814076902,,2,1
GO:0010628,0.9059853223864638,2.821906238753309e-13,,2,1
GO:0010632,0.1183087850832749,0.0348658269439543,,2,1
GO:0010646,0.0922068906250833,1.1079396426825242e-27,,2,1
GO:0010647,0.3373938937975675,3.035965405632154e-12,,2,1
GO:0010818,0.9270804586359874,,0.000641994948086,2,1
GO:0010821,0.9180583568569696,0.005888269598706,,2,1
GO:0010824,0.4957236523141484,0.0344921685694024,,2,1
GO:0010833,0.219330964693544,0.0194298285398229,,2,1
GO:0010975,0.5558080617812697,0.0102592668565327,,2,1
GO:0010976,0.7458380135625873,0.0045787654550239,,2,1
GO:0012501,0.5774097730880384,3.2666057697211464e-17,,2,1
GO:0015031,0.329279776527916,1.0477941105397108e-17,,2,1
GO:0015914,0.8738076779633775,0.0028814456392486,,2,1
GO:0016024,0.8492432364541165,0.0279631274566612,,2,1
GO:0016043,0.2130803034007818,0.0107893663091906,,2,1
GO:0016050,0.7354259415654005,1.9736593219979553e-05,,2,1
GO:0016192,0.1452046776545519,7.394864582580701e-19,,2,1
GO:0016197,0.3896992076618132,0.0100034190040161,,2,1
GO:0016310,0.6193802245808093,3.1593787231677415e-10,,2,1
GO:0016311,0.5229682684689264,0.0124484882608395,,2,1
GO:0016322,0.3049760643563363,,0.0025021064947392,2,1
GO:0016477,0.1745803809151853,4.170075229500417e-07,,2,1
GO:0016601,0.6893048880450848,0.0071731559825872,,2,1
GO:0016925,0.0630647121796922,0.0228022888442584,,2,1
GO:0017004,0.6319092200502288,0.0290016580530994,,2,1
GO:0018108,0.8238888405840109,0.0086882077822253,,2,1
GO:0019082,0.7339811954100051,0.003762263633854,,2,1
GO:0019318,0.0905438589202647,0.0054371062830189,,2,1
GO:0019637,0.4612584903369701,8.493582176895126e-12,,2,1
GO:0019722,0.6997776912748861,0.0014520026894285,,2,1
GO:0019724,0.9380887706426966,,3.00555048632015e-11,2,1
GO:0019725,0.75674632870257,4.5126399272096825e-05,,2,1
GO:0019730,0.1375529269300365,,1.2820961805631299e-11,2,1
GO:0019752,0.647200784049345,0.0079832541106899,,2,1
GO:0021762,0.0922513077356976,0.0370903858383117,,2,1
GO:0022008,0.0893650948619169,0.0011170929830052,,2,1
GO:0022011,0.8291355289588512,0.0184175138108639,,2,1
GO:0022038,0.7636224728330909,0.0111454683835078,,2,1
GO:0022408,0.9088078410508428,2.0962939103842555e-05,,2,1
GO:0022409,0.7342497451755633,8.68334762135194e-08,,2,1
GO:0022603,0.1442451285961758,3.0336016590124984e-05,,2,1
GO:0022604,0.7638473112682015,0.0001139266669486,,2,1
GO:0022900,0.1659185926558148,2.182384547536582e-07,,2,1
GO:0023051,0.5421874208032261,1.4984412270225472e-28,,2,1
GO:0023052,0.7361549174709469,6.125539997348595e-19,,2,1
GO:0030003,0.4069349557461891,0.0278432292487904,,2,1
GO:0030031,0.2207909639905199,8.264771364063038e-06,,2,1
GO:0030036,0.7122930451638254,0.0006365911890365,,2,1
GO:0030097,0.0554208292704034,1.5282872429463777e-29,,2,1
GO:0030100,0.8871298846043976,0.0028788704419096,,2,1
GO:0030111,0.8622566067150663,0.0072096403501981,,2,1
GO:0030162,0.2045135269680906,0.0468124902827638,,2,1
GO:0030168,0.430596260152321,0.0001862639989689,,2,1
GO:0030278,0.7846639292016084,0.0282761956125195,,2,1
GO:0030282,0.4270112012633645,0.0373891295204067,,2,1
GO:0030316,0.3022397369977181,0.0010464791919665,,2,1
GO:0030330,0.9735888972119294,0.0351665572906748,,2,1
GO:0030335,0.5403769582403023,0.0054322083625486,,2,1
GO:0030336,0.4295529416599932,0.0190280804367428,,2,1
GO:0030509,0.6905204465463535,0.0153778295169172,,2,1
GO:0030512,0.213728806824144,0.0197861740691586,,2,1
GO:0030520,0.6901617440941388,,0.0003231248939454,2,1
GO:0030865,0.1664413080049943,0.0254855797208697,,2,1
GO:0030866,0.476855942825221,0.0093970979993324,,2,1
GO:0030901,0.2212578891276989,0.0111454683835078,,2,1
GO:0030953,0.2577060880019297,0.0036402460983251,,2,1
GO:0031023,0.6947879515534738,0.016533519859792,,2,1
GO:0031103,0.5229195957444153,0.0085608137613445,,2,1
GO:0031122,0.0718557482782548,0.0096028780149389,,2,1
GO:0031167,0.2666420312502121,0.0499562289336847,,2,1
GO:0031295,0.1988781416996168,0.0019528119692436,,2,1
GO:0031334,0.0915369823853409,0.0007149936755627,,2,1
GO:0031346,0.7239121368576622,0.0006005905377119,,2,1
GO:0031398,0.0929035897381443,0.000613424589545,,2,1
GO:0031507,0.7224629799484789,0.010937674772833,,2,1
GO:0031529,0.1167496355285109,0.0091779577114793,,2,1
GO:0031589,0.814052652909312,0.0244139941575601,,2,1
GO:0031647,0.5305259791861812,7.746037045253226e-06,,2,1
GO:0031648,0.6637005055395087,0.0217061455347762,,2,1
GO:0031667,0.2542175155164236,0.0006144863993817,,2,1
GO:0031669,0.9735410277775208,0.001193707712075,,2,1
GO:0031670,0.9024582180956484,0.0344921685694024,,2,1
GO:0031929,0.3525220560240883,0.0107829830686572,,2,1
GO:0032008,0.0539401336923711,0.0374333037256487,,2,1
GO:0032388,0.8055214237463804,0.0001159067956031,,2,1
GO:0032480,0.7803240227261469,0.0290016580530994,,2,1
GO:0032502,0.1687618469850136,6.29514754281238e-24,,2,1
GO:0032649,0.1809060337544734,0.0156162780703233,,2,1
GO:0032651,0.9052487224327694,0.0111454683835078,,2,1
GO:0032675,0.6089043371997815,0.0005979617616075,,2,1
GO:0032682,0.0592390417872702,,0.0009686318836413,2,1
GO:0032717,0.2848945406812548,0.0324662993773382,,2,1
GO:0032735,0.2145810173056744,0.0310834011612035,,2,1
GO:0032740,0.4515704233869,0.0477353674883071,,2,1
GO:0032743,0.1529576862537178,0.003762263633854,,2,1
GO:0032753,0.9898465392962744,0.0193207135197318,,2,1
GO:0032868,0.2706568329147977,0.0183390780392523,,2,1
GO:0032869,0.6019904133194645,0.0179539501990305,,2,1
GO:0032870,0.7807232945607148,0.0014561206835479,,2,1
GO:0032880,0.2540954735458675,2.1452902599300793e-08,,2,1
GO:0032956,0.5423416746558132,0.0281122542003478,,2,1
GO:0032968,0.0848894025323879,0.0463495943263863,,2,1
GO:0033044,0.0543021963308018,5.735023425845633e-06,,2,1
GO:0033077,0.2049405549136673,0.000613424589545,,2,1
GO:0033157,0.8765739189656301,5.8802033951578315e-05,,2,1
GO:0033554,0.2508687835313546,7.9489178894995615e-25,,2,1
GO:0033993,0.2079566639020319,4.00701401284461e-07,,2,1
GO:0034101,0.6086153882703742,0.0146485103069216,,2,1
GO:0034113,0.8841608653713052,0.0408893433789415,,2,1
GO:0034121,0.6516782392733875,0.0021654113595463,,2,1
GO:0034204,0.9898968792296838,0.003762263633854,,2,1
GO:0034220,0.438752571377462,0.0193207135197318,,2,1
GO:0034243,0.3036570438658282,0.0252666606364048,,2,1
GO:0034340,0.0563292083040344,,7.81721934037943e-08,2,1
GO:0034405,0.9941141931583032,0.0310834011612035,,2,1
GO:0034504,0.8818942094879032,1.052795789341186e-05,,2,1
GO:0034644,0.0535426922056423,0.0079832541106899,,2,1
GO:0035020,0.3651232949738824,0.0312140910894054,,2,1
GO:0035162,0.1748342363589754,0.0015381602662238,,2,1
GO:0035295,0.986548440531201,0.0092827489431749,,2,1
GO:0035457,0.1838877218947601,0.0463495943263863,,2,1
GO:0036092,0.081257266934612,0.0013139064947264,,2,1
GO:0036211,0.1953166465016433,1.4273496973705153e-22,,2,1
GO:0036465,0.8480569212804323,0.0234235285820135,,2,1
GO:0038061,0.4985317766097004,0.0177860430190102,,2,1
GO:0038066,0.2837391134891495,0.0016332967908865,,2,1
GO:0038093,0.0752230792671785,0.0036011745832271,,2,1
GO:0038202,0.1176477635309483,0.008934836890232,,2,1
GO:0040008,0.7425823507382117,9.849812655044943e-07,,2,1
GO:0040012,0.5370561402389017,3.808082200640869e-05,,2,1
GO:0040029,0.0897355894762971,0.0041922202534039,,2,1
GO:0042060,0.4252337874118932,0.0001808413309786,,2,1
GO:0042088,0.3647876876080698,0.0463495943263863,,2,1
GO:0042093,0.1078740219686475,2.903253748876529e-05,,2,1
GO:0042098,0.102361338368199,8.67637499844961e-07,,2,1
GO:0042102,0.3237208902881698,0.0054153992777663,,2,1
GO:0042129,0.7238843716465946,1.4110246189098686e-05,,2,1
GO:0042130,0.3587542170858846,0.0022294269934887,,2,1
GO:0042149,0.6206519469530942,0.0344921685694024,,2,1
GO:0042176,0.2002885884428752,0.0002413682284308,,2,1
GO:0042325,0.4199960481602554,0.0001308289608493,,2,1
GO:0042326,0.7521440933552017,0.0006005905377119,,2,1
GO:0042542,0.2356988419170589,,0.001725797405794,2,1
GO:0042592,0.9450116418995228,3.5861275499501457e-10,,2,1
GO:0042594,0.6851355828936831,0.012494294907392,,2,1
GO:0042770,0.2513271958707468,0.0001295338759786,,2,1
GO:0042771,0.2652019263999714,0.0080911431834911,,2,1
GO:0042773,0.1395844178582108,5.924299585027194e-07,,2,1
GO:0042789,0.0577467493841173,0.0179539501990305,,2,1
GO:0042981,0.7626815560518233,6.481898342678513e-12,,2,1
GO:0043001,0.3769825965006015,0.0203733253695874,,2,1
GO:0043065,0.4332807076216297,4.120304896551059e-09,,2,1
GO:0043067,0.9915675776176046,3.206849976804514e-12,,2,1
GO:0043068,0.4332121293723752,1.54260690611413e-09,,2,1
GO:0043069,0.2476740101827275,2.4393147854068644e-05,,2,1
GO:0043085,0.3063157192963133,0.0136428899107613,,2,1
GO:0043086,0.2588831895049921,0.000273261521726,,2,1
GO:0043087,0.0681893206525006,2.2085555143063432e-05,,2,1
GO:0043122,0.312329121700693,2.3875154659103223e-05,,2,1
GO:0043161,0.2931406502973983,4.491543526420399e-05,,2,1
GO:0043217,0.4338936993723802,0.0324662993773382,,2,1
GO:0043276,0.6791038444270638,0.0163331685913758,,2,1
GO:0043388,0.9161890135428372,0.0111454683835078,,2,1
GO:0043408,0.0832225623611675,0.000796117241998,,2,1
GO:0043409,0.0503121123766795,0.0075980195235479,,2,1
GO:0043410,0.2899825765534238,0.0145473561803479,,2,1
GO:0043434,0.993932303165764,0.0058744240752764,,2,1
GO:0043491,0.0529818879742582,0.0004738566994512,,2,1
GO:0043547,0.7214849493167446,0.0002385495719508,,2,1
GO:0043549,0.4439077210402014,0.0369253904077977,,2,1
GO:0043687,0.0847598290524416,3.5449224288043155e-11,,2,1
GO:0044089,0.8645380873947677,0.0007704536022894,,2,1
GO:0044281,0.6198402056261746,6.282010882335868e-09,,2,1
GO:0044283,0.3222362708873492,0.0220037154154519,,2,1
GO:0044770,0.0688390908769098,6.33377891017855e-08,,2,1
GO:0044772,0.8122742452458405,1.1742648938357478e-07,,2,1
GO:0044782,0.1535507451575264,0.0144733588823422,,2,1
GO:0044788,0.0575907579999791,0.008953248723998,,2,1
GO:0044794,0.7657477856366781,0.0354051916837352,,2,1
GO:0044829,0.3701086641318081,0.0463495943263863,,2,1
GO:0044830,0.188768305417159,0.0213494913368599,,2,1
GO:0045321,0.5131814623843072,6.403960687178974e-30,,2,1
GO:0045332,0.8181858124645707,0.0028396665942018,,2,1
GO:0045428,0.5296794464588936,0.0063459891323517,,2,1
GO:0045444,0.2923844269587591,2.799230440758182e-06,,2,1
GO:0045580,0.9186009148524128,2.6385478720767364e-06,,2,1
GO:0045595,0.1727419422198448,7.346248733352543e-12,,2,1
GO:0045598,0.4157811586463049,6.782461626502179e-06,,2,1
GO:0045600,0.0546662183111808,0.0041922202534039,,2,1
GO:0045621,0.398550783226031,3.2307517959383684e-05,,2,1
GO:0045638,0.6468320601280269,0.03088058693934,,2,1
GO:0045646,0.637334850650798,,0.002688968005321,2,1
GO:0045648,0.4719801916309457,,0.0010639420101336,2,1
GO:0045667,0.2381970495508463,1.0947241905414903e-07,,2,1
GO:0045668,0.4362036014802259,0.0011119100259595,,2,1
GO:0045669,0.0665404931662168,0.0051488929707596,,2,1
GO:0045732,0.8941911253118237,0.0014106485946768,,2,1
GO:0045739,0.2809934355345928,0.0021458152066709,,2,1
GO:0045778,0.2886418139194922,0.0394792895792217,,2,1
GO:0045807,0.1205421466329001,0.0150238634234526,,2,1
GO:0045859,0.1186831244398422,0.0493724063700535,,2,1
GO:0045927,0.7922535605288957,0.0253091123794023,,2,1
GO:0045930,0.1256695561372598,0.0002455899735889,,2,1
GO:0045931,0.1751035493742716,0.0163331685913758,,2,1
GO:0045947,0.6298821500150953,0.0057433116669641,,2,1
GO:0046034,0.8197791865574994,2.8838809906522853e-08,,2,1
GO:0046209,0.6238756429619139,0.008953248723998,,2,1
GO:0046328,0.2242797229227231,0.0332065711998331,,2,1
GO:0046329,0.3113530124266039,0.003762263633854,,2,1
GO:0046474,0.9938687148593616,3.0114702980454935e-05,,2,1
GO:0046486,0.2591802020297605,0.0154997643297453,,2,1
GO:0046488,0.1053349187737963,0.0031228031219357,,2,1
GO:0046605,0.7746259314622487,0.0366210861657239,,2,1
GO:0046718,0.97978273695016,0.0008832080927037,,2,1
GO:0046777,0.5528103723440652,0.025236230119755,,2,1
GO:0046822,0.690571805640849,0.0004566489626508,,2,1
GO:0046825,0.5381320266013744,0.0011759805033583,,2,1
GO:0046827,0.635708715144594,0.0098093502254525,,2,1
GO:0046839,0.1168126598090607,0.0057733250481734,,2,1
GO:0046856,0.7446468389277049,0.0300742503911653,,2,1
GO:0046907,0.167910129764953,8.556572146257981e-22,,2,1
GO:0048008,0.796021312546345,0.0489311821602363,,2,1
GO:0048013,0.6479164187983388,0.0426979696338866,,2,1
GO:0048193,0.5206311669916266,6.321626045089701e-09,,2,1
GO:0048247,0.3218812665427315,,0.0032473464538228,2,1
GO:0048488,0.4830260666997421,0.0276022017623074,,2,1
GO:0048514,0.4556166904120474,0.031713031828496,,2,1
GO:0048545,0.1245094604630396,0.0012886084594671,,2,1
GO:0048589,0.4219640927463303,0.0010442377503197,,2,1
GO:0048666,0.0919818733129143,0.0160483309229222,,2,1
GO:0048678,0.2104332089455388,0.0194298285398229,,2,1
GO:0048731,0.4061260872842102,5.322855062693349e-09,,2,1
GO:0048870,0.5554424545375753,0.0002581486574705,,2,1
GO:0048873,0.0634960200285051,0.0463495943263863,,2,1
GO:0050658,0.6206082058255851,3.7275921625557593e-06,,2,1
GO:0050671,0.5309403483574053,0.0005023444548741,,2,1
GO:0050673,0.644044993156201,0.0153778295169172,,2,1
GO:0050678,0.6122647990188399,0.0094433266279888,,2,1
GO:0050684,0.282742223291089,1.172951354048469e-06,,2,1
GO:0050688,0.9133317043924476,0.0348658269439543,,2,1
GO:0050691,0.4182624421322958,0.0034156109198549,,2,1
GO:0050769,0.714143928327079,0.0074435127713573,,2,1
GO:0050776,0.0692258958447024,4.72060920439939e-28,,2,1
GO:0050778,0.7979509730676736,2.477873384704533e-22,,2,1
GO:0050790,0.3698999888265089,2.597210230830626e-07,,2,1
GO:0050793,0.0621402683106392,2.875811357113306e-18,,2,1
GO:0050801,0.1822691923466166,0.0043935060344204,,2,1
GO:0050855,0.1771486735286036,0.0002445578693286,,2,1
GO:0050860,0.5588737201992471,,0.0012718736441343,2,1
GO:0050861,0.0709270416695918,0.0092827489431749,,2,1
GO:0050868,0.2584092827004638,2.453824932611968e-05,,2,1
GO:0050869,0.4479841681350116,0.0274465536439655,,2,1
GO:0050870,0.2324235122303837,2.1388362962503981e-07,,2,1
GO:0050871,0.6150764870622134,0.0004289181738258,,2,1
GO:0050873,0.3663090757424412,0.0394792895792217,,2,1
GO:0050920,0.9620132861601924,0.0017574044275426,,2,1
GO:0051017,0.7061634930972325,0.0098931999371336,,2,1
GO:0051049,0.0992334216753609,1.7465701173110327e-07,,2,1
GO:0051050,0.5681920170648436,9.799812705586217e-08,,2,1
GO:0051051,0.9961699153567306,0.0428155400030732,,2,1
GO:0051052,0.4156935780621902,3.1656257037281025e-08,,2,1
GO:0051054,0.6444591601199935,4.681526136050896e-06,,2,1
GO:0051094,0.9230692585272124,1.0124003583503707e-11,,2,1
GO:0051129,0.7647775938642133,1.6218396135207492e-06,,2,1
GO:0051130,0.2499794562843067,5.755732727641942e-13,,2,1
GO:0051223,0.4286672776636276,0.0009974472267832,,2,1
GO:0051239,0.7915712294693122,1.4097685225970908e-27,,2,1
GO:0051240,0.7734697161232761,2.8580727147181972e-18,,2,1
GO:0051241,0.3836484895749205,1.3271863571817092e-07,,2,1
GO:0051246,0.3184542958414225,5.821506407806809e-20,,2,1
GO:0051247,0.6080247210671714,4.447467912954184e-07,,2,1
GO:0051248,0.2400872633324682,1.0263535205714881e-08,,2,1
GO:0051252,0.1722090561911379,5.123689945267202e-30,,2,1
GO:0051258,0.4818112000992716,0.0006552128495902,,2,1
GO:0051259,0.0935416054884867,0.0003435769302596,,2,1
GO:0051260,0.938019953075021,0.0046027128120287,,2,1
GO:0051276,0.0632474943479702,0.0002528024688969,,2,1
GO:0051298,0.7859400878592622,0.0082667937259475,,2,1
GO:0051402,0.312441938875294,0.0344921685694024,,2,1
GO:0051493,0.7862265070164687,0.0011984274518299,,2,1
GO:0051495,0.4277999926097028,0.0025970209159192,,2,1
GO:0051560,0.7806164121944308,0.0329259679954315,,2,1
GO:0051604,0.1485545068711089,0.0005578137013429,,2,1
GO:0051650,0.1885947812024471,0.0397738925624743,,2,1
GO:0051896,0.5201794445882972,0.0013862775047158,,2,1
GO:0051897,0.6007703043477421,0.0374013845765826,,2,1
GO:0051928,0.6845922612984381,0.0144550764132713,,2,1
GO:0051983,0.8912907561755845,0.0030278173558283,,2,1
GO:0055085,0.5251102043995677,7.515628245052184e-05,,2,1
GO:0055086,0.1117711662043469,3.217710676215742e-09,,2,1
GO:0060326,0.65320442761241,0.0091018021575506,,2,1
GO:0060338,0.088300661168039,,0.0021942370528932,2,1
GO:0060339,0.1880127102635705,,0.0003000813051523,2,1
GO:0060341,0.2035836472499727,5.771177370489908e-05,,2,1
GO:0060348,0.7805779834707028,0.0135630467359351,,2,1
GO:0060429,0.3764455194699917,0.0338193942744876,,2,1
GO:0060627,0.8402235706173078,0.0006690292917546,,2,1
GO:0060765,0.1508894387786154,0.003762263633854,,2,1
GO:0060828,0.1672553170883858,0.0265876706063079,,2,1
GO:0060907,0.3349663377532053,0.0329259679954315,,2,1
GO:0061014,0.9847422983750552,0.0477353674883071,,2,1
GO:0061024,0.7128874752854968,3.735964231979409e-11,,2,1
GO:0061061,0.277004856791269,0.0121221280673224,,2,1
GO:0061462,0.3274053481915516,0.0321364259567036,,2,1
GO:0061640,0.065055056804832,0.002794639155218,,2,1
GO:0061744,0.5241482093264065,0.0110605485526644,,2,1
GO:0061951,0.1160860433618748,0.0019972381347061,,2,1
GO:0070201,0.2010663159801631,0.0002405285996964,,2,1
GO:0070212,0.1401573611984961,0.0213494913368599,,2,1
GO:0070231,0.4029380770636817,0.0036011745832271,,2,1
GO:0070371,0.7670834286422002,0.0065244865427653,,2,1
GO:0070372,0.8315547794918243,0.028587896990912,,2,1
GO:0070665,0.8367046113543051,0.0012280167682539,,2,1
GO:0070828,0.6041604811140644,0.0046014966173026,,2,1
GO:0070848,0.4345069291225032,1.2807467678814008e-05,,2,1
GO:0070925,0.1211397969534304,6.653956766232067e-06,,2,1
GO:0070936,0.2062813829695617,0.0008335651517098,,2,1
GO:0070979,0.6845323247210164,0.0496251474786104,,2,1
GO:0071347,0.8378609830007455,,0.0023385723806694,2,1
GO:0071353,0.0739828287016832,0.0374333037256487,,2,1
GO:0071356,0.9052676171860834,,4.12832421801604e-05,2,1
GO:0071363,0.1275689862604651,8.672879873184324e-06,,2,1
GO:0071375,0.9404482833776614,0.0127313563979555,,2,1
GO:0071393,0.0841272638533329,0.0489311821602363,,2,1
GO:0071470,0.5534562178535392,0.0394792895792217,,2,1
GO:0071480,0.0827581189256248,0.0193207135197318,,2,1
GO:0071498,0.0782069230910374,0.0065878152949942,,2,1
GO:0071559,0.1953132826878763,2.8566128247608235e-06,,2,1
GO:0071763,0.8641279315314042,0.0344921685694024,,2,1
GO:0071897,0.7397415261652183,0.0005565077080444,,2,1
GO:0072332,0.6190292221286188,0.0370903858383117,,2,1
GO:0072359,0.4611882576020315,0.0162904092034096,,2,1
GO:0072538,0.7314767136318092,0.0010352932043026,,2,1
GO:0072593,0.7514344149301673,0.0101856149596121,,2,1
GO:0072657,0.7318285860863425,0.0035700595541274,,2,1
GO:0072659,0.0576480864385727,0.0024366551535264,,2,1
GO:0080090,0.4737017801596822,2.9416330794020864e-49,,2,1
GO:0090092,0.8485090010367735,0.0045000878649774,,2,1
GO:0090114,0.1239674374623542,0.043010559382833,,2,1
GO:0090141,0.9952956138962068,0.0189821727792037,,2,1
GO:0090336,0.7631106027832761,0.016533519859792,,2,1
GO:0090407,0.7336250899072625,2.661477886890718e-12,,2,1
GO:0090630,0.1694360047935297,0.0426979696338866,,2,1
GO:0097028,0.2498443284947604,0.0272218048375193,,2,1
GO:0097035,0.0521635512770294,0.0021292604760889,,2,1
GO:0097190,0.2612926916050203,2.472619703684128e-07,,2,1
GO:0097191,0.228469550712776,0.0030305421732149,,2,1
GO:0097194,0.3590929150654204,0.0446220608017301,,2,1
GO:0097237,0.7519262856918223,0.0096957870799342,,2,1
GO:0097294,0.0710358133675589,0.0092827489431749,,2,1
GO:0097320,0.427311238742733,0.0331866016785269,,2,1
GO:0097435,0.1467107276168533,5.16477738768299e-05,,2,1
GO:0097553,0.6004855300356733,0.0374333037256487,,2,1
GO:0097696,0.0870298063049923,0.0041922202534039,,2,1
GO:0098609,0.2621614371355298,4.6813733130310855e-09,,2,1
GO:0098655,0.2003080064034392,0.0071476212100853,,2,1
GO:0098657,0.1869369232900171,9.174909634919847e-10,,2,1
GO:0098813,0.8924907909265949,0.0026862051445934,,2,1
GO:0098876,0.6492856429444802,0.0274181210459305,,2,1
GO:0098883,0.0625471459758493,,0.0003000813051523,2,1
GO:0099022,0.4435865311387404,0.0426979696338866,,2,1
GO:0110053,0.9344275047988052,0.0244139941575601,,2,1
GO:0140546,0.2919767493509714,7.346248733352543e-12,,2,1
GO:0141198,0.0967533785143024,0.0022285671674167,,2,1
GO:0150076,0.8700198896916831,,0.0016485099081923,2,1
GO:1900024,0.2469038580340526,,0.0053280863637496,2,1
GO:1900180,0.4026956408339049,0.0083400753780172,,2,1
GO:1900181,0.6462982798613068,0.0496251474786104,,2,1
GO:1900744,0.1550048240438525,0.0147548357468092,,2,1
GO:1900745,0.5336570403582835,0.0063898017677609,,2,1
GO:1901135,0.6728901511668037,3.874330466202673e-12,,2,1
GO:1901137,0.2101371215037668,4.437756537059023e-07,,2,1
GO:1901525,0.079217432316119,0.0114497545948844,,2,1
GO:1901652,0.4221172646378788,4.683075089519557e-07,,2,1
GO:1901701,0.1423917317773288,5.275478632408922e-07,,2,1
GO:1901987,0.2438168874779616,1.5488349502420433e-07,,2,1
GO:1901990,0.0723481914177262,1.248578000406703e-07,,2,1
GO:1901991,0.054703099045714,0.000689765849115,,2,1
GO:1902107,0.6629936605605122,0.000416936919651,,2,1
GO:1902531,0.0597687740787705,7.747739616639302e-27,,2,1
GO:1902532,0.3515301645850548,1.0165363404298079e-10,,2,1
GO:1902806,0.0830479772335646,2.7036560932349696e-05,,2,1
GO:1902807,0.3670087364063403,0.0002087882235976,,2,1
GO:1902905,0.7463862045319491,0.0147157026232545,,2,1
GO:1903037,0.1060616936843868,3.31067607098795e-11,,2,1
GO:1903038,0.2023108806183366,0.0002130248050169,,2,1
GO:1903146,0.1361140735907392,0.0067406331444548,,2,1
GO:1903311,0.3202832045081105,4.683075089519557e-07,,2,1
GO:1903432,0.2977761622668822,0.0155258001556705,,2,1
GO:1903829,0.1110507700105563,0.0002277646808518,,2,1
GO:1904659,0.5273178142692838,0.0103819480420264,,2,1
GO:1904951,0.548764728648171,0.0012174585827921,,2,1
GO:1905820,0.7569327872004631,0.0426979696338866,,2,1
GO:1990000,0.2246726831058485,0.0089996876500657,,2,1
GO:1990748,0.1478769784585413,0.0063596944488909,,2,1
GO:1990845,0.2711307253144919,0.017187014600865,,2,1
GO:2000008,0.9994557227657684,0.0463495943263863,,2,1
GO:2000009,0.1600895868528735,0.0114497545948844,,2,1
GO:2000026,0.9532529197307034,7.71504423648097e-10,,2,1
GO:2000045,0.8640389974505777,2.463426503828189e-06,,2,1
GO:2000134,0.5789914772155254,0.0003802997509558,,2,1
GO:2000145,0.8333387569755996,9.62835127182e-05,,2,1
GO:2000146,0.0575526030724753,0.043374305767072,,2,1
GO:2000147,0.5389536263903054,0.0160614156381694,,2,1
GO:2000278,0.0686268271659969,0.0004594324759658,,2,1
GO:2000563,0.710213647300754,0.008118342660865,,2,1
GO:2000573,0.7924976466017929,0.0272218048375193,,2,1
GO:2000811,0.5892623392082883,0.0331866016785269,,2,1
GO:2001234,0.1447460738640155,0.0069333679270659,,2,1
GO:2001235,0.1382606582172925,0.0086882077822253,,2,1
GO:2001242,0.3584951543592247,0.0003676809098797,,2,1
GO:2001243,0.1990107822610765,0.0007128476400673,,2,1
GO:2001244,0.4425891393997915,,0.0048112595107559,2,1
GO:0000027,0.0135960593536128,,,1,1
GO:0000038,0.023675454224665,,,1,1
GO:0000050,0.0475840487640092,,,1,1
GO:0000055,0.0104533625265251,,,1,1
GO:0000056,0.008832668520769,,,1,1
GO:0000075,,0.0153386597790176,,1,1
GO:0000109,0.0312317949701078,,,1,1
GO:0000123,4.741405558367606e-05,,,1,1
GO:0000149,0.0312070836983864,,,1,1
GO:0000166,2.9481896227287585e-05,,,1,1
GO:0000220,0.0023958252056514,,,1,1
GO:0000221,0.0195491582957952,,,1,1
GO:0000242,0.0044533682253957,,,1,1
GO:0000245,0.0126956747467416,,,1,1
GO:0000301,0.0390409274443994,,,1,1
GO:0000339,0.0135714060918865,,,1,1
GO:0000375,0.0004278059253418,,,1,1
GO:0000387,0.0284386064966843,,,1,1
GO:0000398,2.509819209632359e-06,,,1,1
GO:0000407,0.0069094047518562,,,1,1
GO:0000421,0.0080798392942506,,,1,1
GO:0000447,0.0174180034645928,,,1,1
GO:0000448,0.000475873455474,,,1,1
GO:0000462,9.079506256059744e-05,,,1,1
GO:0000463,0.0012898258131577,,,1,1
GO:0000466,0.0483252434529472,,,1,1
GO:0000470,0.0382836894489919,,,1,1
GO:0000502,4.283007286389523e-08,,,1,1
GO:0000775,0.0012864213509459,,,1,1
GO:0000776,0.0319095484702163,,,1,1
GO:0000781,0.0001089635531148,,,1,1
GO:0000785,2.070724988728924e-19,,,1,1
GO:0000786,2.3157949681795358e-10,,,1,1
GO:0000791,0.0422194705974781,,,1,1
GO:0000792,6.466003507703667e-05,,,1,1
GO:0000815,0.0056566593335215,,,1,1
GO:0000819,,0.0006808044438589,,1,1
GO:0000900,0.006375164314976,,,1,1
GO:0000910,,0.0349469991481461,,1,1
GO:0000976,3.41777752889141e-09,,,1,1
GO:0000977,1.4873356747679713e-08,,,1,1
GO:0000978,8.836077198871702e-25,,,1,1
GO:0000981,1.5384976869428507e-20,,,1,1
GO:0000987,0.0195877580067862,,,1,1
GO:0000993,0.0077005738442104,,,1,1
GO:0001094,0.0003356082204194,,,1,1
GO:0001164,0.007764154842627,,,1,1
GO:0001181,0.0139601430730665,,,1,1
GO:0001188,0.006148244020415,,,1,1
GO:0001222,0.0118365371044205,,,1,1
GO:0001223,0.0161893443516199,,,1,1
GO:0001227,1.0141505097219751e-09,,,1,1
GO:0001228,0.0001395092782654,,,1,1
GO:0001510,0.0443044757525131,,,1,1
GO:0001517,0.0065195833829122,,,1,1
GO:0001530,0.0461368973092561,,,1,1
GO:0001540,0.0081007737576232,,,1,1
GO:0001556,0.0168032112520403,,,1,1
GO:0001614,0.022858150099269,,,1,1
GO:0001640,0.0425803565571105,,,1,1
GO:0001650,7.4635979723879e-07,,,1,1
GO:0001652,0.0242100722718849,,,1,1
GO:0001658,0.0072438246344669,,,1,1
GO:0001667,,0.03088058693934,,1,1
GO:0001676,0.0006611400033007,,,1,1
GO:0001709,0.0264169407741671,,,1,1
GO:0001732,0.0011368247670048,,,1,1
GO:0001736,0.0374206700961305,,,1,1
GO:0001773,,0.0111454683835078,,1,1
GO:0001776,,0.019866800764863,,1,1
GO:0001816,,1.1373668853496823e-14,,1,1
GO:0001836,0.0344498228263703,,,1,1
GO:0001837,8.48030594324599e-05,,,1,1
GO:0001848,0.0308385879311411,,,1,1
GO:0001851,0.0002902151166148,,,1,1
GO:0001865,,0.0234235285820135,,1,1
GO:0001886,0.0038232834107019,,,1,1
GO:0001906,,,2.7215176132578304e-09,1,1
GO:0001917,0.0160026761987313,,,1,1
GO:0001935,0.0169932866781606,,,1,1
GO:0001959,,0.0202513282655142,,1,1
GO:0001975,0.0244280091575028,,,1,1
GO:0002003,0.0006284438780384,,,1,1
GO:0002020,0.0250841250024287,,,1,1
GO:0002027,0.026618402752894,,,1,1
GO:0002039,0.0013506199876477,,,1,1
GO:0002062,0.0411964161067235,,,1,1
GO:0002064,,0.0170051688642502,,1,1
GO:0002090,0.0429965322817354,,,1,1
GO:0002162,0.0059709137950109,,,1,1
GO:0002183,0.0110444414922092,,,1,1
GO:0002199,0.0245126480413584,,,1,1
GO:0002200,,0.0153778295169172,,1,1
GO:0002220,,0.0292511330209331,,1,1
GO:0002228,0.0455002884490313,,,1,1
GO:0002232,0.0025782108472284,,,1,1
GO:0002244,0.0496030053606209,,,1,1
GO:0002252,,1.4324155863710964e-08,,1,1
GO:0002253,,1.2593157497014369e-22,,1,1
GO:0002262,,0.0040381538213354,,1,1
GO:0002263,,3.8461142852982485e-05,,1,1
GO:0002269,,,0.0002005251403635,1,1
GO:0002281,0.0164405339990146,,,1,1
GO:0002285,,0.0004809640420885,,1,1
GO:0002287,,6.162662139675878e-05,,1,1
GO:0002292,,0.0001344775331332,,1,1
GO:0002295,,0.0036912647719309,,1,1
GO:0002314,0.0047543317214816,,,1,1
GO:0002315,0.0007166143247022,,,1,1
GO:0002326,,0.0213494913368599,,1,1
GO:0002360,,0.0002110655382492,,1,1
GO:0002363,,0.000613424589545,,1,1
GO:0002366,,4.5616540553617314e-05,,1,1
GO:0002367,,5.087397385097597e-05,,1,1
GO:0002369,,0.0147548357468092,,1,1
GO:0002371,,0.03088058693934,,1,1
GO:0002440,,3.363889463002294e-05,,1,1
GO:0002444,,0.0358114792923379,,1,1
GO:0002455,,,6.84584032809429e-12,1,1
GO:0002457,,0.0213494913368599,,1,1
GO:0002477,0.0066754518844084,,,1,1
GO:0002478,,0.0354051916837352,,1,1
GO:0002507,,0.003762263633854,,1,1
GO:0002520,,0.0001788358216728,,1,1
GO:0002521,,6.244749947335752e-23,,1,1
GO:0002544,0.0369214645316213,,,1,1
GO:0002562,,0.0051488929707596,,1,1
GO:0002643,,0.0052005914406705,,1,1
GO:0002685,,0.031713031828496,,1,1
GO:0002688,,0.0307998813020599,,1,1
GO:0002694,,8.438132398246627e-20,,1,1
GO:0002695,,3.4016923109642805e-07,,1,1
GO:0002696,,2.67721730005589e-11,,1,1
GO:0002697,,1.951246640100993e-08,,1,1
GO:0002699,,0.0001330462731187,,1,1
GO:0002700,,7.746037045253226e-06,,1,1
GO:0002702,,2.5553769859872755e-05,,1,1
GO:0002703,,2.5994845559468857e-06,,1,1
GO:0002704,,0.0194298285398229,,1,1
GO:0002705,,0.0005979617616075,,1,1
GO:0002706,,2.477354819458022e-05,,1,1
GO:0002707,,0.0217061455347762,,1,1
GO:0002708,,0.0126842073762879,,1,1
GO:0002709,,0.0103819480420264,,1,1
GO:0002715,0.0066754518844084,,,1,1
GO:0002718,,5.087397385097597e-05,,1,1
GO:0002724,,0.0147548357468092,,1,1
GO:0002730,,0.03088058693934,,1,1
GO:0002752,0.0059103527154574,,,1,1
GO:0002764,,5.51714683647125e-24,,1,1
GO:0002767,4.994994453233787e-05,,,1,1
GO:0002820,,0.0247263913925946,,1,1
GO:0002822,,6.571978779636166e-06,,1,1
GO:0002823,,0.0217061455347762,,1,1
GO:0002824,,0.0038411556301324,,1,1
GO:0002831,,4.721506628794421e-13,,1,1
GO:0002862,0.0393359302735129,,,1,1
GO:0002888,,0.0098093502254525,,1,1
GO:0002921,,,0.005050704182605,1,1
GO:0002931,0.0403212893897121,,,1,1
GO:0003062,,0.0489311821602363,,1,1
GO:0003148,0.0277488725481371,,,1,1
GO:0003151,0.0090032405576936,,,1,1
GO:0003162,0.0306987358350288,,,1,1
GO:0003180,0.0435210120057865,,,1,1
GO:0003181,0.0028709738454939,,,1,1
GO:0003184,0.0069776955225266,,,1,1
GO:0003198,0.0457192311680728,,,1,1
GO:0003203,0.0087861129752054,,,1,1
GO:0003223,0.0002043890297358,,,1,1
GO:0003357,0.001731143357616,,,1,1
GO:0003360,0.0026967651793148,,,1,1
GO:0003407,0.0095932397543582,,,1,1
GO:0003676,4.331229370250489e-22,,,1,1
GO:0003677,3.1790179821664116e-36,,,1,1
GO:0003678,3.5581072419578725e-06,,,1,1
GO:0003680,0.0052308330380313,,,1,1
GO:0003682,2.4049565510742074e-20,,,1,1
GO:0003684,0.0047227257700559,,,1,1
GO:0003688,0.0499741181818091,,,1,1
GO:0003689,0.0381701484571361,,,1,1
GO:0003690,0.0153724704176938,,,1,1
GO:0003691,0.0053972249943843,,,1,1
GO:0003697,2.6720060352716604e-06,,,1,1
GO:0003700,4.3772080184813264e-10,,,1,1
GO:0003712,3.6731103174253466e-06,,,1,1
GO:0003713,3.2262737840403227e-12,,,1,1
GO:0003714,1.7340142833905784e-06,,,1,1
GO:0003723,5.04058975636277e-42,,,1,1
GO:0003724,0.0001624452038001,,,1,1
GO:0003729,2.6267763914168328e-15,,,1,1
GO:0003730,0.0127308332210855,,,1,1
GO:0003735,0.0420149452347784,,,1,1
GO:0003823,6.81771503924686e-27,,,1,1
GO:0003985,0.0271724908309257,,,1,1
GO:0003997,0.0015461641996713,,,1,1
GO:0004022,0.0466539270850892,,,1,1
GO:0004028,0.0015353746339834,,,1,1
GO:0004030,0.0028009943173724,,,1,1
GO:0004065,0.028495316651541,,,1,1
GO:0004090,0.0241153469795985,,,1,1
GO:0004112,0.0401654502718299,,,1,1
GO:0004128,0.0204044297561798,,,1,1
GO:0004129,0.0197015269968583,,,1,1
GO:0004143,0.0233902042725788,,,1,1
GO:0004175,0.0143432996348794,,,1,1
GO:0004176,0.0370293479728954,,,1,1
GO:0004180,0.0037149977885355,,,1,1
GO:0004181,0.0162229236164653,,,1,1
GO:0004185,0.0184374812122284,,,1,1
GO:0004252,0.0108736083077542,,,1,1
GO:0004298,0.0010709627020861,,,1,1
GO:0004322,0.0362225005646292,,,1,1
GO:0004331,0.0180996641234882,,,1,1
GO:0004364,0.0061641636454231,,,1,1
GO:0004386,2.5379826676040603e-09,,,1,1
GO:0004402,0.0068799423166305,,,1,1
GO:0004427,0.0082253087950679,,,1,1
GO:0004464,0.0212017731145085,,,1,1
GO:0004467,0.0030281390656674,,,1,1
GO:0004553,0.0102880575797506,,,1,1
GO:0004563,0.0243609977448591,,,1,1
GO:0004579,0.0105448174561913,,,1,1
GO:0004601,0.0070021577769358,,,1,1
GO:0004602,0.0364042109386662,,,1,1
GO:0004620,0.0139825811587154,,,1,1
GO:0004622,0.0001062621876013,,,1,1
GO:0004623,0.0038828340093036,,,1,1
GO:0004668,0.0025256613867027,,,1,1
GO:0004672,0.0147295287755308,,,1,1
GO:0004674,0.0312346771123622,,,1,1
GO:0004697,0.0004225171929311,,,1,1
GO:0004699,0.0046923994692624,,,1,1
GO:0004771,0.010729038237977,,,1,1
GO:0004791,0.0146270458246449,,,1,1
GO:0004812,0.0432141617247117,,,1,1
GO:0004857,0.003080665570476,,,1,1
GO:0004859,0.0008527367892217,,,1,1
GO:0004864,0.01849920022806,,,1,1
GO:0004866,7.56397491113794e-05,,,1,1
GO:0004867,0.0107261285982044,,,1,1
GO:0004895,0.0428234090475883,,,1,1
GO:0004931,0.022858150099269,,,1,1
GO:0004966,0.0129471385718271,,,1,1
GO:0004984,0.0070257822671963,,,1,1
GO:0005041,0.0016116705172472,,,1,1
GO:0005044,0.0011635516362351,,,1,1
GO:0005049,0.0209339412583959,,,1,1
GO:0005068,0.0257699396870191,,,1,1
GO:0005085,0.002431349560227,,,1,1
GO:0005096,0.010643051705846,,,1,1
GO:0005105,0.0250222477786796,,,1,1
GO:0005111,0.0051536007720276,,,1,1
GO:0005149,0.0282474400973043,,,1,1
GO:0005163,0.0412273085194371,,,1,1
GO:0005215,0.0361762973885405,,,1,1
GO:0005229,0.0030904509474688,,,1,1
GO:0005246,0.0092300027264189,,,1,1
GO:0005254,0.010751967430281,,,1,1
GO:0005295,0.0056387070974049,,,1,1
GO:0005298,0.0408806957014173,,,1,1
GO:0005344,0.0061947556919538,,,1,1
GO:0005432,0.0447171344496665,,,1,1
GO:0005484,0.0179159526772278,,,1,1
GO:0005496,0.0436038398237242,,,1,1
GO:0005502,0.0446125852357796,,,1,1
GO:0005504,0.0018165325155409,,,1,1
GO:0005507,0.0427196154926716,,,1,1
GO:0005513,0.0124328626701645,,,1,1
GO:0005515,6.181776917470327e-14,,,1,1
GO:0005516,0.0104494900279886,,,1,1
GO:0005518,0.0280193451457006,,,1,1
GO:0005521,0.0420474962465714,,,1,1
GO:0005523,0.0121080296023526,,,1,1
GO:0005524,4.0667972838739795e-08,,,1,1
GO:0005536,0.0286863247727441,,,1,1
GO:0005542,0.0006410999109093,,,1,1
GO:0005548,0.0489928381433702,,,1,1
GO:0005576,2.5553294023317992e-05,,,1,1
GO:0005577,0.0445892598858137,,,1,1
GO:0005589,0.0184729858619943,,,1,1
GO:0005615,1.3888963832110374e-15,,,1,1
GO:0005634,7.134541160486106e-52,,,1,1
GO:0005635,0.0355760837772067,,,1,1
GO:0005637,0.0083206546647341,,,1,1
GO:0005642,0.039529110817389,,,1,1
GO:0005643,0.0171448166536686,,,1,1
GO:0005654,1.0585897050586642e-44,,,1,1
GO:0005664,0.0437563177812173,,,1,1
GO:0005667,0.0007907888590235,,,1,1
GO:0005668,0.0167660721295749,,,1,1
GO:0005681,0.0003035744814144,,,1,1
GO:0005694,1.502561968259224e-07,,,1,1
GO:0005697,0.0200159857183526,,,1,1
GO:0005721,0.0018553945744088,,,1,1
GO:0005726,0.0091543830458208,,,1,1
GO:0005730,3.51073046157139e-10,,,1,1
GO:0005737,2.937198281848926e-07,,,1,1
GO:0005739,4.041732881521945e-13,,,1,1
GO:0005741,0.0016428348737607,,,1,1
GO:0005743,2.9332544897477285e-14,,,1,1
GO:0005758,0.0018538165121408,,,1,1
GO:0005759,0.0238168529285591,,,1,1
GO:0005761,8.602136855587336e-05,,,1,1
GO:0005762,1.310796858360669e-08,,,1,1
GO:0005763,0.0113724966702204,,,1,1
GO:0005764,6.431681808725619e-13,,,1,1
GO:0005765,2.016791490423735e-09,,,1,1
GO:0005769,0.0017787120456659,,,1,1
GO:0005770,0.0002884271597885,,,1,1
GO:0005771,0.0057059942731572,,,1,1
GO:0005773,0.0154340025035283,,,1,1
GO:0005786,0.0013093567306486,,,1,1
GO:0005789,0.0334034202031574,,,1,1
GO:0005801,0.0228572741752203,,,1,1
GO:0005811,0.0100690224404486,,,1,1
GO:0005813,1.57447311972783e-09,,,1,1
GO:0005814,0.0111351382396572,,,1,1
GO:0005815,0.0033699715736231,,,1,1
GO:0005819,0.004390071849923,,,1,1
GO:0005832,0.0188879890065232,,,1,1
GO:0005833,7.661165803517056e-05,,,1,1
GO:0005838,0.0049500948473093,,,1,1
GO:0005839,9.866039040045928e-12,,,1,1
GO:0005840,0.0030615300040728,,,1,1
GO:0005852,0.0017065628325476,,,1,1
GO:0005856,0.000726527863193,,,1,1
GO:0005868,0.0440821832576817,,,1,1
GO:0005869,0.0304379973714134,,,1,1
GO:0005874,0.0086073880592329,,,1,1
GO:0005883,0.0430118855882227,,,1,1
GO:0005885,0.0379746089144955,,,1,1
GO:0005886,1.863184891452287e-05,,,1,1
GO:0005903,0.0061199025002536,,,1,1
GO:0005911,7.724671474289832e-06,,,1,1
GO:0005912,0.0038503096207088,,,1,1
GO:0005916,0.0106352329958761,,,1,1
GO:0005923,2.2289419332597494e-05,,,1,1
GO:0005925,0.0007827631651869,,,1,1
GO:0005929,0.0010171623686125,,,1,1
GO:0005930,0.0076123250373952,,,1,1
GO:0005938,0.0150701979776065,,,1,1
GO:0005955,0.0034753636503271,,,1,1
GO:0005996,,0.006089564767249,,1,1
GO:0006000,0.0420974452374521,,,1,1
GO:0006003,,0.0489311821602363,,1,1
GO:0006012,0.0037848855416228,,,1,1
GO:0006024,0.0298613754132624,,,1,1
GO:0006027,0.0392904104752282,,,1,1
GO:0006068,0.0373267617046998,,,1,1
GO:0006090,,0.0019708576648772,,1,1
GO:0006094,0.0019832766987375,,,1,1
GO:0006098,0.0021932447677962,,,1,1
GO:0006109,,0.0188572700894297,,1,1
GO:0006122,0.0051715277360871,,,1,1
GO:0006123,0.045869657351695,,,1,1
GO:0006171,0.0357357249718418,,,1,1
GO:0006188,,0.0234235285820135,,1,1
GO:0006195,,0.0104265015768254,,1,1
GO:0006220,,0.0366210861657239,,1,1
GO:0006248,0.0007906823027312,,,1,1
GO:0006249,0.0034228740908164,,,1,1
GO:0006264,0.0148077522106952,,,1,1
GO:0006269,0.0224437709859792,,,1,1
GO:0006270,0.0416223907142927,,,1,1
GO:0006271,0.0283430597529334,,,1,1
GO:0006301,0.0482526069314852,,,1,1
GO:0006303,0.0331326842480848,,,1,1
GO:0006346,0.0160836523910008,,,1,1
GO:0006353,0.0113504951991046,,,1,1
GO:0006356,,0.0179539501990305,,1,1
GO:0006376,3.6943162073777435e-05,,,1,1
GO:0006397,1.7233887993246878e-17,,,1,1
GO:0006403,,1.980330343979619e-08,,1,1
GO:0006465,0.0306424063457558,,,1,1
GO:0006487,0.0149432435981851,,,1,1
GO:0006493,0.0008851706246997,,,1,1
GO:0006515,0.0149902262241135,,,1,1
GO:0006518,0.0139589326389648,,,1,1
GO:0006525,0.0232788784974095,,,1,1
GO:0006526,0.0231295489365593,,,1,1
GO:0006541,0.0428482710810956,,,1,1
GO:0006563,0.0312220359326469,,,1,1
GO:0006569,0.0035846752886359,,,1,1
GO:0006584,0.0125766994767183,,,1,1
GO:0006607,0.0211313953222932,,,1,1
GO:0006621,0.0125062615867768,,,1,1
GO:0006625,0.0438774231871433,,,1,1
GO:0006631,0.000159720502286,,,1,1
GO:0006635,0.0463848015292113,,,1,1
GO:0006636,0.0325606759234203,,,1,1
GO:0006656,0.0356915079886739,,,1,1
GO:0006689,0.0268890408968037,,,1,1
GO:0006691,0.0064054897145623,,,1,1
GO:0006729,0.0380740754550174,,,1,1
GO:0006739,0.0037059425191366,,,1,1
GO:0006743,,0.0098093502254525,,1,1
GO:0006749,7.211326823214637e-06,,,1,1
GO:0006778,0.0007801710502667,,,1,1
GO:0006779,0.0494964719877855,,,1,1
GO:0006782,0.0053381667983144,,,1,1
GO:0006783,0.0139088853251982,,,1,1
GO:0006785,0.0040663306411632,,,1,1
GO:0006793,,1.4969875302091355e-20,,1,1
GO:0006805,0.0462898311068518,,,1,1
GO:0006810,,3.735260410215942e-33,,1,1
GO:0006873,,0.0241931896780634,,1,1
GO:0006878,0.0115977602518321,,,1,1
GO:0006911,0.0285082252184922,,,1,1
GO:0006941,1.6347094787546408e-12,,,1,1
GO:0006995,0.0373584085647195,,,1,1
GO:0006999,0.0003936333944296,,,1,1
GO:0007020,0.0213187729274173,,,1,1
GO:0007028,,0.016533519859792,,1,1
GO:0007035,0.0109771638849709,,,1,1
GO:0007042,3.1113631414755996e-05,,,1,1
GO:0007049,,9.863108996926032e-13,,1,1
GO:0007062,0.003557496945096,,,1,1
GO:0007097,0.0054325501865142,,,1,1
GO:0007156,0.0039168680680002,,,1,1
GO:0007163,0.0469878041172975,,,1,1
GO:0007190,0.0335455733937033,,,1,1
GO:0007196,0.0127165045959216,,,1,1
GO:0007215,0.004365240501756,,,1,1
GO:0007216,0.0262791004261881,,,1,1
GO:0007220,0.0116400229006894,,,1,1
GO:0007283,0.0060453214084564,,,1,1
GO:0007369,0.0045207918793988,,,1,1
GO:0007389,0.04805261329462,,,1,1
GO:0007411,0.0007847199973101,,,1,1
GO:0007507,1.4340118056272056e-05,,,1,1
GO:0007517,0.0036630933389755,,,1,1
GO:0007520,0.0223541433134428,,,1,1
GO:0007567,0.0302306504729035,,,1,1
GO:0007608,0.0084387096752695,,,1,1
GO:0008009,0.0042264507332263,,,1,1
GO:0008013,0.0165365860912537,,,1,1
GO:0008015,0.0020021132560541,,,1,1
GO:0008021,5.1544732016816585e-08,,,1,1
GO:0008035,0.0145338899600917,,,1,1
GO:0008037,0.0476377048624349,,,1,1
GO:0008063,0.039547310973256,,,1,1
GO:0008094,0.0035304250136528,,,1,1
GO:0008121,0.0270050752259812,,,1,1
GO:0008137,5.503309220176705e-06,,,1,1
GO:0008139,0.0290441809210889,,,1,1
GO:0008143,0.0001025835315355,,,1,1
GO:0008168,1.0262918469293448e-05,,,1,1
GO:0008186,0.0058812809751848,,,1,1
GO:0008191,0.0122540734321233,,,1,1
GO:0008207,0.0200694358471109,,,1,1
GO:0008266,0.0091520704528491,,,1,1
GO:0008270,1.1661398453925867e-28,,,1,1
GO:0008271,0.0413396912226527,,,1,1
GO:0008278,0.0024228811966493,,,1,1
GO:0008289,0.0405961285347472,,,1,1
GO:0008343,0.0309676235186011,,,1,1
GO:0008344,0.0328236066644506,,,1,1
GO:0008366,0.0206079911587932,,,1,1
GO:0008379,0.0096055108263974,,,1,1
GO:0008380,1.1732316248777258e-14,,,1,1
GO:0008406,0.012571412782757,,,1,1
GO:0008408,0.0237185058972444,,,1,1
GO:0008430,0.0017072233250148,,,1,1
GO:0008467,0.0090723881793285,,,1,1
GO:0008484,0.0144941922203373,,,1,1
GO:0008510,0.0302132520594837,,,1,1
GO:0008541,0.0006235794431332,,,1,1
GO:0008543,0.0143332868718661,,,1,1
GO:0008544,0.034189059526599,,,1,1
GO:0008568,0.0178117878432946,,,1,1
GO:0008589,7.908479186936987e-05,,,1,1
GO:0008593,0.0130583557340103,,,1,1
GO:0008643,,0.0019512605696274,,1,1
GO:0009055,0.0001659029898815,,,1,1
GO:0009056,,3.235615627242849e-24,,1,1
GO:0009057,,7.46749351904946e-16,,1,1
GO:0009112,,0.0274465536439655,,1,1
GO:0009124,,0.0290016580530994,,1,1
GO:0009127,,0.0193207135197318,,1,1
GO:0009132,,0.0025576892624739,,1,1
GO:0009134,,0.0103179814469252,,1,1
GO:0009135,,0.0021185356336141,,1,1
GO:0009137,,0.0040947933502387,,1,1
GO:0009141,,3.738066843321287e-08,,1,1
GO:0009144,,1.533450370623816e-07,,1,1
GO:0009145,,2.109369696052836e-06,,1,1
GO:0009150,,1.8529309628290757e-07,,1,1
GO:0009152,,4.01978038967118e-06,,1,1
GO:0009154,,0.0041528483579996,,1,1
GO:0009156,,0.0163331685913758,,1,1
GO:0009166,,0.0038971526744399,,1,1
GO:0009168,0.0371170668905231,,,1,1
GO:0009179,,0.0021185356336141,,1,1
GO:0009181,,0.0040947933502387,,1,1
GO:0009185,,0.0057420350936793,,1,1
GO:0009191,,0.0089901119004729,,1,1
GO:0009201,,2.945146336160631e-06,,1,1
GO:0009205,,1.9626045785002618e-07,,1,1
GO:0009206,,3.4596016996776355e-06,,1,1
GO:0009253,0.0237923962138001,,,1,1
GO:0009259,,3.738066843321287e-08,,1,1
GO:0009260,,9.706311666217756e-07,,1,1
GO:0009261,,0.0023516569452845,,1,1
GO:0009298,0.0277170226662422,,,1,1
GO:0009410,0.023673206704048,,,1,1
GO:0009435,0.0011241135037229,,,1,1
GO:0009605,,1.4359516330007049e-21,,1,1
GO:0009607,,1.8947760859139716e-19,,1,1
GO:0009620,,,5.47787767354108e-10,1,1
GO:0009628,,0.0003084999011587,,1,1
GO:0009635,0.0004869111788025,,,1,1
GO:0009719,,6.900056931906757e-09,,1,1
GO:0009750,0.0002958316845441,,,1,1
GO:0009791,0.0203832254251478,,,1,1
GO:0009812,0.020212996115177,,,1,1
GO:0009880,0.0376963147938126,,,1,1
GO:0009887,0.0007892337309727,,,1,1
GO:0009889,,1.960436933406552e-19,,1,1
GO:0009890,,0.0213494913368599,,1,1
GO:0009892,,4.950637872965889e-05,,1,1
GO:0009894,,5.2868575248814725e-11,,1,1
GO:0009895,,0.0004907550534063,,1,1
GO:0009987,,0.0061797351812609,,1,1
GO:0010001,0.0080254134419081,,,1,1
GO:0010008,0.016937949056806,,,1,1
GO:0010256,,4.732531809372156e-11,,1,1
GO:0010273,0.0003866340225182,,,1,1
GO:0010314,0.0309617069514481,,,1,1
GO:0010459,0.0434600768833045,,,1,1
GO:0010466,0.0492168300171284,,,1,1
GO:0010467,0.0334925903808113,,,1,1
GO:0010484,0.0017447084357429,,,1,1
GO:0010494,0.0068913062169252,,,1,1
GO:0010499,4.4707848763620324e-07,,,1,1
GO:0010558,,0.023505389844485,,1,1
GO:0010563,,8.30362987266443e-06,,1,1
GO:0010587,0.0288873969508162,,,1,1
GO:0010594,0.0259380901006657,,,1,1
GO:0010606,0.0021725361179798,,,1,1
GO:0010629,0.0118638838089891,,,1,1
GO:0010636,0.0240842785883848,,,1,1
GO:0010638,,2.8870301156365177e-08,,1,1
GO:0010639,,0.0019528119692436,,1,1
GO:0010648,,1.423815281780224e-11,,1,1
GO:0010720,,6.102718728831687e-06,,1,1
GO:0010745,0.0062477734536162,,,1,1
GO:0010756,0.0314619382174375,,,1,1
GO:0010801,0.0449468439646026,,,1,1
GO:0010827,,0.0110605485526644,,1,1
GO:0010842,0.0191752096307989,,,1,1
GO:0010867,0.000558427432869,,,1,1
GO:0010875,0.0007597019568375,,,1,1
GO:0010887,0.0309431253308502,,,1,1
GO:0010934,,0.0374333037256487,,1,1
GO:0010935,,0.0374333037256487,,1,1
GO:0010948,,3.023449759020455e-06,,1,1
GO:0010994,0.0440004298717328,,,1,1
GO:0014004,,0.016533519859792,,1,1
GO:0014033,0.0447607190517714,,,1,1
GO:0014069,8.368446498175233e-06,,,1,1
GO:0014732,0.0050262401438699,,,1,1
GO:0014842,0.0207865538755082,,,1,1
GO:0015016,0.0012546788303296,,,1,1
GO:0015026,0.0008271459725055,,,1,1
GO:0015030,0.029360795972956,,,1,1
GO:0015078,0.0071025544041351,,,1,1
GO:0015095,0.0021047927472627,,,1,1
GO:0015203,0.0071716370783239,,,1,1
GO:0015245,0.0223602642382254,,,1,1
GO:0015288,0.0060788599617014,,,1,1
GO:0015459,0.0498960465469725,,,1,1
GO:0015616,0.0357835536451637,,,1,1
GO:0015631,0.027317847599802,,,1,1
GO:0015662,0.0195132418903347,,,1,1
GO:0015670,0.0086323387797103,,,1,1
GO:0015671,0.0061947556919538,,,1,1
GO:0015693,0.0004270490099876,,,1,1
GO:0015748,,0.0013843832225653,,1,1
GO:0015749,,0.003762263633854,,1,1
GO:0015816,0.0312555062503791,,,1,1
GO:0015866,0.0248687316508958,,,1,1
GO:0015908,0.0134956871571335,,,1,1
GO:0015909,0.0192349678674175,,,1,1
GO:0015931,,9.297174758121868e-07,,1,1
GO:0015935,4.232876527341141e-07,,,1,1
GO:0015980,,5.049589905238273e-09,,1,1
GO:0016019,0.0036052779298458,,,1,1
GO:0016020,0.0300449883143506,,,1,1
GO:0016042,0.0001975423998582,,,1,1
GO:0016045,1.459246571111258e-05,,,1,1
GO:0016049,,0.0006527158106783,,1,1
GO:0016070,0.0318665993515494,,,1,1
GO:0016139,0.0022847916964003,,,1,1
GO:0016209,0.0006180127869995,,,1,1
GO:0016235,0.0158482016604213,,,1,1
GO:0016264,0.0291618803436621,,,1,1
GO:0016272,0.046985931622938,,,1,1
GO:0016274,0.000575428199187,,,1,1
GO:0016282,0.0196087421392207,,,1,1
GO:0016298,0.0345750087737988,,,1,1
GO:0016301,0.0157627317816822,,,1,1
GO:0016323,0.0333221266650609,,,1,1
GO:0016363,2.9576553987821945e-05,,,1,1
GO:0016444,,0.0051488929707596,,1,1
GO:0016447,,0.0374333037256487,,1,1
GO:0016471,0.0092916258574891,,,1,1
GO:0016479,0.0155810520716535,,,1,1
GO:0016482,,0.0126211604126358,,1,1
GO:0016491,2.802716290134381e-05,,,1,1
GO:0016493,0.0034591355232392,,,1,1
GO:0016504,0.0475946808032434,,,1,1
GO:0016514,7.773055380092128e-07,,,1,1
GO:0016559,0.0182081275963035,,,1,1
GO:0016579,0.0414310598499102,,,1,1
GO:0016581,0.0104259583922019,,,1,1
GO:0016604,9.045523317302154e-07,,,1,1
GO:0016605,0.0062712405921436,,,1,1
GO:0016607,2.5110986909009795e-09,,,1,1
GO:0016668,0.0456540683946444,,,1,1
GO:0016671,0.0185798590748373,,,1,1
GO:0016706,0.0124306841198269,,,1,1
GO:0016740,0.0021193205457058,,,1,1
GO:0016773,0.0028759330271043,,,1,1
GO:0016790,0.0429566186071643,,,1,1
GO:0016812,0.0391667312834617,,,1,1
GO:0016829,0.0333330249552955,,,1,1
GO:0016887,2.2649202080843618e-13,,,1,1
GO:0016922,0.0009938841862913,,,1,1
GO:0016936,0.0077567008524706,,,1,1
GO:0017022,0.0114484378008066,,,1,1
GO:0017053,0.0016575752602986,,,1,1
GO:0017056,6.87101692966861e-05,,,1,1
GO:0017070,0.021913894728152,,,1,1
GO:0017116,0.0229527012198679,,,1,1
GO:0017121,0.0066394496222878,,,1,1
GO:0017134,0.0179793710472237,,,1,1
GO:0017151,0.0051279897732931,,,1,1
GO:0017156,0.0023931285896339,,,1,1
GO:0018105,0.0209656140256853,,,1,1
GO:0018193,,1.938960648407732e-06,,1,1
GO:0018205,,0.0419260885957753,,1,1
GO:0018212,,0.0079832541106899,,1,1
GO:0018216,0.0010963642951986,,,1,1
GO:0019076,0.0174206286819721,,,1,1
GO:0019080,,0.0002182034470452,,1,1
GO:0019209,0.0391376508875882,,,1,1
GO:0019219,,5.17104945094638e-35,,1,1
GO:0019222,,1.9684087408032424e-29,,1,1
GO:0019239,0.0320055618325868,,,1,1
GO:0019262,0.0129924026322694,,,1,1
GO:0019363,0.0003199801642401,,,1,1
GO:0019364,,0.0103819480420264,,1,1
GO:0019369,0.0040775543360557,,,1,1
GO:0019370,0.0004601817633401,,,1,1
GO:0019377,0.0002774220816586,,,1,1
GO:0019395,0.0290368332525232,,,1,1
GO:0019646,,6.273004396829638e-07,,1,1
GO:0019673,0.0162843025950544,,,1,1
GO:0019693,,3.702972318621983e-08,,1,1
GO:0019770,0.0003116725378464,,,1,1
GO:0019773,8.883157953001406e-05,,,1,1
GO:0019774,1.892374232341511e-07,,,1,1
GO:0019788,0.0041525509850675,,,1,1
GO:0019814,1.9880115499455412e-48,,,1,1
GO:0019825,0.0041729144025582,,,1,1
GO:0019835,,,2.8483004396972e-05,1,1
GO:0019864,0.0002045151356539,,,1,1
GO:0019884,,0.0179539501990305,,1,1
GO:0019888,0.0184228727355506,,,1,1
GO:0019901,0.0081905753472002,,,1,1
GO:0019904,0.0040943194898433,,,1,1
GO:0019955,0.0031365053268893,,,1,1
GO:0019966,0.0259315306300177,,,1,1
GO:0020037,0.0027915359074842,,,1,1
GO:0021510,0.0060864039872929,,,1,1
GO:0021517,0.0352472443912236,,,1,1
GO:0021549,0.0038577918920176,,,1,1
GO:0021756,0.0106190959248102,,,1,1
GO:0021766,0.0136928191644953,,,1,1
GO:0021772,0.0046230690106659,,,1,1
GO:0021782,,0.0221109069590032,,1,1
GO:0021954,0.0122847503906305,,,1,1
GO:0021987,0.0131499698345623,,,1,1
GO:0022402,,1.4239465315424258e-13,,1,1
GO:0022406,,0.0317340957681909,,1,1
GO:0022411,,1.2261055731593589e-06,,1,1
GO:0022617,0.0053562992177782,,,1,1
GO:0022624,0.0062415457029801,,,1,1
GO:0022625,2.7356047575263116e-14,,,1,1
GO:0022626,2.9338747365976398e-18,,,1,1
GO:0022627,4.2860508990557566e-10,,,1,1
GO:0022843,0.0291121194070995,,,1,1
GO:0023056,,1.6768060097986308e-12,,1,1
GO:0023057,,4.486142412220228e-12,,1,1
GO:0030020,0.0059702007400296,,,1,1
GO:0030029,,0.0007322336790351,,1,1
GO:0030033,0.0025121991860774,,,1,1
GO:0030048,0.0430804820701605,,,1,1
GO:0030057,0.0447073687544873,,,1,1
GO:0030073,0.0069827493722943,,,1,1
GO:0030091,0.0017186707461467,,,1,1
GO:0030133,0.0076735315623076,,,1,1
GO:0030141,0.0451180042541895,,,1,1
GO:0030159,0.0117581424020821,,,1,1
GO:0030169,0.0005623325761397,,,1,1
GO:0030170,0.0406902315701015,,,1,1
GO:0030177,0.0315256910437706,,,1,1
GO:0030207,0.0005090086215389,,,1,1
GO:0030214,0.0007368247944977,,,1,1
GO:0030220,0.0152176896366382,,,1,1
GO:0030224,0.001466833468893,,,1,1
GO:0030246,8.830983069253945e-06,,,1,1
GO:0030247,0.0190742298836746,,,1,1
GO:0030276,0.004732028717443,,,1,1
GO:0030279,0.0214658642109396,,,1,1
GO:0030297,0.0379410815460618,,,1,1
GO:0030298,0.0086432709792198,,,1,1
GO:0030301,0.001344012066541,,,1,1
GO:0030321,0.0403366291572668,,,1,1
GO:0030326,0.0003037288390454,,,1,1
GO:0030331,0.0035780716401463,,,1,1
GO:0030414,0.0006180313309588,,,1,1
GO:0030424,0.0265413376808312,,,1,1
GO:0030425,0.0292896860682528,,,1,1
GO:0030449,0.0061748468832211,,,1,1
GO:0030488,0.008542746240666,,,1,1
GO:0030490,8.434838132364189e-06,,,1,1
GO:0030492,0.000356503217793,,,1,1
GO:0030515,0.0317402850370887,,,1,1
GO:0030527,2.022061121924909e-12,,,1,1
GO:0030533,0.0245260533852149,,,1,1
GO:0030534,0.0402872399831043,,,1,1
GO:0030546,0.0139749300250612,,,1,1
GO:0030547,0.0049933610208563,,,1,1
GO:0030574,0.0054198032095585,,,1,1
GO:0030593,0.0060262091960799,,,1,1
GO:0030628,0.0152321829625693,,,1,1
GO:0030665,0.0019342254678494,,,1,1
GO:0030666,0.0471996633673884,,,1,1
GO:0030667,0.0003173184392619,,,1,1
GO:0030670,0.0003269040510242,,,1,1
GO:0030672,0.0082656653835946,,,1,1
GO:0030686,0.0041374779842511,,,1,1
GO:0030687,0.0333876894270309,,,1,1
GO:0030811,,0.0276274410013826,,1,1
GO:0030832,,0.0270687704892684,,1,1
GO:0030881,0.0016509051235901,,,1,1
GO:0030893,0.0218596563861159,,,1,1
GO:0030903,0.0315756272832881,,,1,1
GO:0030911,0.0144809047040629,,,1,1
GO:0030955,0.0205655881276808,,,1,1
GO:0030971,0.0376426158576622,,,1,1
GO:0031012,0.0116579342118769,,,1,1
GO:0031047,0.0092351642501556,,,1,1
GO:0031053,0.0021990420445846,,,1,1
GO:0031072,0.0333449568286491,,,1,1
GO:0031077,,0.0038133753906825,,1,1
GO:0031080,0.0082186237128886,,,1,1
GO:0031091,0.0365911433034654,,,1,1
GO:0031092,0.00067636630818,,,1,1
GO:0031093,3.0421432519332425e-05,,,1,1
GO:0031102,,0.0321364259567036,,1,1
GO:0031201,0.0209890991140831,,,1,1
GO:0031252,0.0058927599928798,,,1,1
GO:0031267,0.0018200977397025,,,1,1
GO:0031294,,0.0031228031219357,,1,1
GO:0031297,0.0044429652181537,,,1,1
GO:0031345,,0.0206817381017965,,1,1
GO:0031347,,1.0148695206549253e-13,,1,1
GO:0031348,,0.0071472399405382,,1,1
GO:0031349,,5.682253764553117e-12,,1,1
GO:0031386,0.0050474115519205,,,1,1
GO:0031399,,1.6906669105880674e-08,,1,1
GO:0031400,,0.0002051221783397,,1,1
GO:0031401,,0.001275542787981,,1,1
GO:0031410,0.0077615429039999,,,1,1
GO:0031428,0.0290139100085906,,,1,1
GO:0031452,,0.0489311821602363,,1,1
GO:0031461,0.032248310812817,,,1,1
GO:0031490,0.0306303789565585,,,1,1
GO:0031491,0.0149858240329506,,,1,1
GO:0031499,0.0081544200147178,,,1,1
GO:0031514,0.031488837221299,,,1,1
GO:0031528,0.0152106625827967,,,1,1
GO:0031570,,0.019866800764863,,1,1
GO:0031573,0.0288689232778054,,,1,1
GO:0031594,0.0445136799419671,,,1,1
GO:0031642,0.0442781865992146,,,1,1
GO:0031663,0.0146023193725305,,,1,1
GO:0031721,0.015923590382264,,,1,1
GO:0031838,0.0007858878945452,,,1,1
GO:0031901,0.0119104360105552,,,1,1
GO:0031902,0.0003229766910431,,,1,1
GO:0031957,0.0068626280335728,,,1,1
GO:0031965,1.4504447687102474e-06,,,1,1
GO:0031966,6.142891465439282e-05,,,1,1
GO:0031982,0.0461443020087658,,,1,1
GO:0032020,0.0023271142679142,,,1,1
GO:0032025,0.0394866655647272,,,1,1
GO:0032040,6.7076569441750636e-12,,,1,1
GO:0032099,0.043113651288524,,,1,1
GO:0032101,,3.749821322227614e-17,,1,1
GO:0032103,,6.675856590421261e-13,,1,1
GO:0032154,0.0310132727409337,,,1,1
GO:0032184,0.0149968080487023,,,1,1
GO:0032212,6.404161738567988e-07,,,1,1
GO:0032228,0.0137112380913348,,,1,1
GO:0032259,6.725203004401857e-06,,,1,1
GO:0032266,0.0002041629637205,,,1,1
GO:0032286,0.041131565603532,,,1,1
GO:0032288,0.0039257303674627,,,1,1
GO:0032292,,0.0184175138108639,,1,1
GO:0032376,0.0189677167792749,,,1,1
GO:0032386,,0.0001881853160732,,1,1
GO:0032391,0.0070803438577189,,,1,1
GO:0032395,0.0001665050961982,,,1,1
GO:0032396,4.243199408075134e-05,,,1,1
GO:0032452,0.0319181406827853,,,1,1
GO:0032454,0.0064855746008173,,,1,1
GO:0032466,0.0171508753457513,,,1,1
GO:0032486,0.0039478848817245,,,1,1
GO:0032494,,0.0279631274566612,,1,1
GO:0032501,,4.17796785665297e-17,,1,1
GO:0032506,,0.0202510562556767,,1,1
GO:0032507,,0.0444868755355247,,1,1
GO:0032509,0.0317636262736948,,,1,1
GO:0032511,0.0109657943511568,,,1,1
GO:0032528,,0.0194281671906758,,1,1
GO:0032535,,0.0010477983480768,,1,1
GO:0032584,0.0327867582023993,,,1,1
GO:0032585,0.0144093767749396,,,1,1
GO:0032607,,0.0426979696338866,,1,1
GO:0032609,,0.0192422752438324,,1,1
GO:0032611,,0.0111454683835078,,1,1
GO:0032612,,0.0075980195235479,,1,1
GO:0032615,,0.0217061455347762,,1,1
GO:0032623,,0.000541671459155,,1,1
GO:0032633,,0.003762263633854,,1,1
GO:0032635,,0.0005979617616075,,1,1
GO:0032637,,0.0215877086038368,,1,1
GO:0032647,,0.0426979696338866,,1,1
GO:0032652,,0.0075980195235479,,1,1
GO:0032655,,0.0217061455347762,,1,1
GO:0032663,,0.000541671459155,,1,1
GO:0032673,,0.003762263633854,,1,1
GO:0032677,,0.0215877086038368,,1,1
GO:0032689,0.0174035379933361,,,1,1
GO:0032692,0.0063813249996303,,,1,1
GO:0032693,0.0197337630449514,,,1,1
GO:0032720,0.0030913893091956,,,1,1
GO:0032729,3.2628264141674916e-05,,,1,1
GO:0032730,0.0417734245612223,,,1,1
GO:0032731,2.4616785160035382e-09,,,1,1
GO:0032741,0.0125073267623818,,,1,1
GO:0032757,3.255474075751651e-05,,,1,1
GO:0032785,0.0195217511461443,,,1,1
GO:0032797,0.0138321106373345,,,1,1
GO:0032823,,0.0463495943263863,,1,1
GO:0032825,,0.0364703796417893,,1,1
GO:0032872,0.0320331228573879,,,1,1
GO:0032879,,4.1214219004315584e-10,,1,1
GO:0032930,0.0086179349078376,,,1,1
GO:0032944,,1.7831772368182528e-07,,1,1
GO:0032945,,0.000803949308415,,1,1
GO:0032946,,0.0008336611459763,,1,1
GO:0032970,,0.0300742503911653,,1,1
GO:0032977,0.0009061760065829,,,1,1
GO:0032981,0.0179729290781292,,,1,1
GO:0032984,,0.000549662375876,,1,1
GO:0032991,0.0021206791672212,,,1,1
GO:0033014,0.0018870153275489,,,1,1
GO:0033031,0.0421445100023915,,,1,1
GO:0033036,,3.9115885528982195e-33,,1,1
GO:0033043,,1.2682042481955364e-10,,1,1
GO:0033045,,0.0111454683835078,,1,1
GO:0033116,0.0032507765079781,,,1,1
GO:0033119,0.0008582283699826,,,1,1
GO:0033120,0.0003929967370323,,,1,1
GO:0033121,,0.0276274410013826,,1,1
GO:0033143,,0.0096112320481547,,1,1
GO:0033146,0.0108224511020221,,,1,1
GO:0033176,0.0039445112647533,,,1,1
GO:0033177,0.0045851128976306,,,1,1
GO:0033179,0.0437675413017653,,,1,1
GO:0033192,0.0416014385897675,,,1,1
GO:0033290,0.0117827204586573,,,1,1
GO:0033365,,1.190997382683392e-15,,1,1
GO:0033499,0.0029468144491327,,,1,1
GO:0033603,0.0197664918026293,,,1,1
GO:0033617,0.0257960894388422,,,1,1
GO:0033619,0.0390449220140237,,,1,1
GO:0033630,0.0051167009631335,,,1,1
GO:0033673,,0.0109900316606436,,1,1
GO:0033691,0.0008806987753532,,,1,1
GO:0033700,0.0038167704027532,,,1,1
GO:0033962,0.0092991785890626,,,1,1
GO:0034062,0.0043747165157234,,,1,1
GO:0034087,0.0001533895018413,,,1,1
GO:0034115,0.016041689603095,,,1,1
GO:0034124,,0.0489311821602363,,1,1
GO:0034125,0.0214725452570899,,,1,1
GO:0034134,0.0022679948061443,,,1,1
GO:0034136,0.0467867374800179,,,1,1
GO:0034142,0.0005886604369434,,,1,1
GO:0034162,0.0007828934034693,,,1,1
GO:0034205,0.0001420596839865,,,1,1
GO:0034219,,0.0033029269457965,,1,1
GO:0034237,0.0279010393255206,,,1,1
GO:0034330,,0.044606751041922,,1,1
GO:0034354,0.0013771973867301,,,1,1
GO:0034355,0.0004004090784271,,,1,1
GO:0034364,0.0286173107787146,,,1,1
GO:0034366,0.0453563899799402,,,1,1
GO:0034375,0.0424316496901459,,,1,1
GO:0034380,0.0399702788252566,,,1,1
GO:0034389,0.0377496388711518,,,1,1
GO:0034399,0.048342882965249,,,1,1
GO:0034451,0.0144739231126165,,,1,1
GO:0034453,0.0007262386095725,,,1,1
GO:0034454,0.0205952300802642,,,1,1
GO:0034464,0.016577821556296,,,1,1
GO:0034502,,0.0006573721941194,,1,1
GO:0034511,0.0056357166237783,,,1,1
GO:0034515,9.50155281887174e-08,,,1,1
GO:0034638,0.0330907220714023,,,1,1
GO:0034655,,1.1294294160526651e-08,,1,1
GO:0034663,0.0081682591464668,,,1,1
GO:0034715,0.0149648683561914,,,1,1
GO:0034762,,0.0363113296050073,,1,1
GO:0034764,,0.0007854271966487,,1,1
GO:0034767,,0.0038411556301324,,1,1
GO:0034774,3.424728372761383e-08,,,1,1
GO:0034975,0.0001033143911,,,1,1
GO:0034987,0.0073389882198956,,,1,1
GO:0034993,0.0405784853789783,,,1,1
GO:0035019,0.0271598744096457,,,1,1
GO:0035023,0.0184662115040525,,,1,1
GO:0035061,0.0028200486422809,,,1,1
GO:0035097,0.0009152151098727,,,1,1
GO:0035098,0.0041947270856166,,,1,1
GO:0035116,0.0108015289355879,,,1,1
GO:0035195,0.0069011313422458,,,1,1
GO:0035196,0.010439287087606,,,1,1
GO:0035198,0.0431628773544357,,,1,1
GO:0035239,,0.0102592668565327,,1,1
GO:0035241,0.0201013360682361,,,1,1
GO:0035242,0.0068620463024036,,,1,1
GO:0035265,0.0066604598605401,,,1,1
GO:0035279,0.0137928641596729,,,1,1
GO:0035325,0.000207699392843,,,1,1
GO:0035332,0.0347281097636203,,,1,1
GO:0035385,0.0251263567056094,,,1,1
GO:0035469,0.0208753514217639,,,1,1
GO:0035577,0.0004088565362698,,,1,1
GO:0035578,1.17042448185137e-08,,,1,1
GO:0035579,5.828956498864694e-07,,,1,1
GO:0035580,3.992055088105498e-15,,,1,1
GO:0035590,0.0025723288890206,,,1,1
GO:0035591,0.0036816990016451,,,1,1
GO:0035601,,0.003762263633854,,1,1
GO:0035612,0.0057209191304072,,,1,1
GO:0035613,0.0001948865332458,,,1,1
GO:0035627,0.0193415522773191,,,1,1
GO:0035666,0.0141225374904888,,,1,1
GO:0035710,,2.970241657051316e-10,,1,1
GO:0035720,0.037664359109135,,,1,1
GO:0035739,,0.0002445578693286,,1,1
GO:0035748,0.0081725221780406,,,1,1
GO:0035821,,0.0156162780703233,,1,1
GO:0035861,0.002302221947439,,,1,1
GO:0035869,0.0095539379787842,,,1,1
GO:0035883,0.0206921995796492,,,1,1
GO:0035925,0.0028406616799723,,,1,1
GO:0035966,,0.0374013845765826,,1,1
GO:0036002,3.569132551743414e-06,,,1,1
GO:0036006,0.0232812783873796,,,1,1
GO:0036021,0.0124928093262478,,,1,1
GO:0036033,0.0454686770771211,,,1,1
GO:0036035,,0.018040182770213,,1,1
GO:0036037,,0.0036912647719309,,1,1
GO:0036064,0.0001645238488096,,,1,1
GO:0036094,0.0422861063111535,,,1,1
GO:0036120,0.0080049597006765,,,1,1
GO:0036151,0.0131345577814807,,,1,1
GO:0036257,,0.0274465536439655,,1,1
GO:0036295,0.0355158330929355,,,1,1
GO:0036302,0.0026613387883745,,,1,1
GO:0036335,0.0009767448854583,,,1,1
GO:0036396,0.00362331916454,,,1,1
GO:0036408,0.0004892078556504,,,1,1
GO:0036464,0.0025993906322945,,,1,1
GO:0036498,0.0486616283371638,,,1,1
GO:0038024,0.0003541175237348,,,1,1
GO:0038065,0.0101580801621872,,,1,1
GO:0038154,0.0470999499210909,,,1,1
GO:0038158,0.0412947962704283,,,1,1
GO:0038187,2.7350439227927334e-06,,,1,1
GO:0039530,,,0.0020937119357957,1,1
GO:0039531,,0.0002051221783397,,1,1
GO:0040007,,3.1550952283731e-06,,1,1
GO:0040013,,0.0220413353041855,,1,1
GO:0040017,,0.0117202385983896,,1,1
GO:0042054,1.6023223960518315e-05,,,1,1
GO:0042058,0.0386492495963354,,,1,1
GO:0042073,0.0005555909288613,,,1,1
GO:0042101,5.8117369616886e-18,,,1,1
GO:0042105,0.0001822297485741,,,1,1
GO:0042162,0.0015063545786168,,,1,1
GO:0042167,0.0131940094958546,,,1,1
GO:0042169,0.0448300862512505,,,1,1
GO:0042171,0.0322450461841069,,,1,1
GO:0042220,0.0088725906248861,,,1,1
GO:0042221,,2.509010029574576e-05,,1,1
GO:0042255,0.0145438663845203,,,1,1
GO:0042273,0.0047487412196907,,,1,1
GO:0042274,2.988963234109958e-12,,,1,1
GO:0042277,0.0440297173849271,,,1,1
GO:0042289,0.0044416572914547,,,1,1
GO:0042297,0.003345053798582,,,1,1
GO:0042301,0.002709867148047,,,1,1
GO:0042360,0.013386094530011,,,1,1
GO:0042393,2.730453118715804e-06,,,1,1
GO:0042405,0.005924436392975,,,1,1
GO:0042420,5.3635925752121714e-05,,,1,1
GO:0042474,0.009969127052258,,,1,1
GO:0042476,0.0001080096301057,,,1,1
GO:0042500,0.005412747498961,,,1,1
GO:0042538,,0.0092827489431749,,1,1
GO:0042554,0.0482275726154538,,,1,1
GO:0042555,0.0083295827531496,,,1,1
GO:0042571,3.646141938972836e-05,,,1,1
GO:0042573,0.0096255679783219,,,1,1
GO:0042581,0.0426133748331923,,,1,1
GO:0042582,0.0001905088274655,,,1,1
GO:0042593,0.0001890589944545,,,1,1
GO:0042612,0.0017746406710323,,,1,1
GO:0042659,0.0003074401602974,,,1,1
GO:0042733,0.0058330236593798,,,1,1
GO:0042744,0.0004108425622398,,,1,1
GO:0042754,0.0026974331274911,,,1,1
GO:0042758,0.0469221905364281,,,1,1
GO:0042759,0.0384847176905074,,,1,1
GO:0042800,0.022837067378411,,,1,1
GO:0042803,0.0030685438219363,,,1,1
GO:0042806,0.0310409378180675,,,1,1
GO:0042826,0.0058764335715535,,,1,1
GO:0042834,0.0176655320621006,,,1,1
GO:0042904,0.0009356941488229,,,1,1
GO:0042908,0.0412565587578918,,,1,1
GO:0042974,1.1115236620798004e-05,,,1,1
GO:0042975,0.0005273582819436,,,1,1
GO:0042987,0.000392270549481,,,1,1
GO:0043005,0.0001267725687021,,,1,1
GO:0043014,0.0086266026405314,,,1,1
GO:0043021,0.0021137094061241,,,1,1
GO:0043023,0.0490134383652857,,,1,1
GO:0043034,0.0208767089334479,,,1,1
GO:0043048,0.0209139534938916,,,1,1
GO:0043094,,0.0259449943843436,,1,1
GO:0043101,,0.03088058693934,,1,1
GO:0043112,,0.0410182489132463,,1,1
GO:0043138,0.0060517142108922,,,1,1
GO:0043153,0.0001777410583875,,,1,1
GO:0043173,,0.0324662993773382,,1,1
GO:0043194,0.008235157960323,,,1,1
GO:0043199,0.0434857670320771,,,1,1
GO:0043202,4.052790315805747e-07,,,1,1
GO:0043204,0.0188476769383715,,,1,1
GO:0043207,,3.722265436266147e-18,,1,1
GO:0043208,0.0443574103641929,,,1,1
GO:0043209,0.0001445666529618,,,1,1
GO:0043243,,0.0244139941575601,,1,1
GO:0043248,0.0126917929660496,,,1,1
GO:0043266,0.0163831341755169,,,1,1
GO:0043270,,0.0015381602662238,,1,1
GO:0043278,0.0411270627297725,,,1,1
GO:0043292,0.0073537926658373,,,1,1
GO:0043296,0.0053938950009229,,,1,1
GO:0043303,0.0138366191635921,,,1,1
GO:0043304,0.0131967937761686,,,1,1
GO:0043306,0.0095215677310838,,,1,1
GO:0043325,0.0489811251752344,,,1,1
GO:0043367,,9.144503413320635e-07,,1,1
GO:0043368,,0.0004037019577392,,1,1
GO:0043369,,0.0006445826521959,,1,1
GO:0043370,,0.0079832541106899,,1,1
GO:0043372,0.0161780308811631,,,1,1
GO:0043373,,0.0005784440847482,,1,1
GO:0043376,,0.0364703796417893,,1,1
GO:0043393,,0.029877539870567,,1,1
GO:0043394,0.001001047923583,,,1,1
GO:0043403,0.0004101873041037,,,1,1
GO:0043405,0.0133780921000411,,,1,1
GO:0043412,,1.5527525811650562e-25,,1,1
GO:0043426,0.0092541287228874,,,1,1
GO:0043436,,0.0055562695191959,,1,1
GO:0043467,,0.00482961633419,,1,1
GO:0043470,,0.0270312887757396,,1,1
GO:0043487,,0.0046527778184806,,1,1
GO:0043516,,0.0331685121384429,,1,1
GO:0043517,0.0285656909000155,,,1,1
GO:0043518,0.0347856448833603,,,1,1
GO:0043525,0.0133556647499955,,,1,1
GO:0043542,0.0494270943935275,,,1,1
GO:0043565,7.765078171171327e-07,,,1,1
GO:0043583,0.0019769684339348,,,1,1
GO:0043586,0.0113786333873228,,,1,1
GO:0043596,0.0250132387586387,,,1,1
GO:0043622,0.0493764625372467,,,1,1
GO:0043627,0.0011567987891276,,,1,1
GO:0043632,,2.8502053047309018e-06,,1,1
GO:0043651,0.0183166079613205,,,1,1
GO:0043691,0.0098973143135191,,,1,1
GO:0043697,0.0423365412618626,,,1,1
GO:0043922,0.0004565131240844,,,1,1
GO:0043923,0.0047500767388173,,,1,1
GO:0043995,0.0157589316847499,,,1,1
GO:0043996,0.0157589316847499,,,1,1
GO:0043997,0.0137164264436791,,,1,1
GO:0044020,0.0281860154886501,,,1,1
GO:0044027,0.0030939372741584,,,1,1
GO:0044087,,5.4908168234608974e-08,,1,1
GO:0044091,,0.0110605485526644,,1,1
GO:0044092,,6.256901452849947e-06,,1,1
GO:0044093,,0.0001764244960249,,1,1
GO:0044183,0.0163194688471411,,,1,1
GO:0044194,0.0301606997776711,,,1,1
GO:0044238,,0.0063898017677609,,1,1
GO:0044294,0.0008718668183765,,,1,1
GO:0044295,2.6574349434045065e-06,,,1,1
GO:0044297,0.0021505464704115,,,1,1
GO:0044305,0.0022870712034374,,,1,1
GO:0044314,0.0258109190107415,,,1,1
GO:0044325,0.0079849576983307,,,1,1
GO:0044327,0.039414416443458,,,1,1
GO:0044403,,3.922229706872998e-05,,1,1
GO:0044409,,0.0009786697308607,,1,1
GO:0044419,,2.22384204593942e-22,,1,1
GO:0044539,0.0343873553156584,,,1,1
GO:0044615,0.0225282478282827,,,1,1
GO:0044784,,0.0111475431872053,,1,1
GO:0044843,,2.189066199710472e-05,,1,1
GO:0045017,,0.000315230163562,,1,1
GO:0045050,0.0018711337675465,,,1,1
GO:0045053,,0.0489311821602363,,1,1
GO:0045058,,0.000203241843823,,1,1
GO:0045059,0.0001659369935184,,,1,1
GO:0045061,1.192999805146849e-07,,,1,1
GO:0045063,6.459705876941434e-06,,,1,1
GO:0045116,0.0253997825418926,,,1,1
GO:0045176,0.0008929486475194,,,1,1
GO:0045178,0.0054536638782492,,,1,1
GO:0045180,0.0308643767910209,,,1,1
GO:0045185,,0.0444868755355247,,1,1
GO:0045191,,0.0354051916837352,,1,1
GO:0045197,0.00043861217487,,,1,1
GO:0045202,0.0002835288805753,,,1,1
GO:0045211,0.0096489629157848,,,1,1
GO:0045216,0.009739510206858,,,1,1
GO:0045259,0.0054138169959356,,,1,1
GO:0045271,1.1688654116419575e-06,,,1,1
GO:0045275,0.0100847052704092,,,1,1
GO:0045296,2.9400262413296144e-08,,,1,1
GO:0045445,0.0016590800394515,,,1,1
GO:0045499,0.0143803613143265,,,1,1
GO:0045590,1.6527341084497145e-06,,,1,1
GO:0045619,,1.6009613665923673e-08,,1,1
GO:0045622,,0.0499222920926233,,1,1
GO:0045650,0.0115125599156621,,,1,1
GO:0045653,0.0007131501591133,,,1,1
GO:0045662,0.0129517359279243,,,1,1
GO:0045663,0.0013184974851035,,,1,1
GO:0045664,0.0193265151493749,,,1,1
GO:0045665,0.005775402543295,,,1,1
GO:0045666,3.9934505905195504e-05,,,1,1
GO:0045671,0.0056211917414597,,,1,1
GO:0045724,0.0189119034212867,,,1,1
GO:0045727,0.0102025417104537,,,1,1
GO:0045730,0.0351867059606795,,,1,1
GO:0045743,0.0151329889415753,,,1,1
GO:0045744,0.0216934238635764,,,1,1
GO:0045779,0.0334596878461188,,,1,1
GO:0045793,0.0298683612295982,,,1,1
GO:0045794,0.0162938493239538,,,1,1
GO:0045833,0.0041478664158787,,,1,1
GO:0045861,0.0246991697577132,,,1,1
GO:0045879,0.0356116331156177,,,1,1
GO:0045911,,0.0004000084105937,,1,1
GO:0045917,0.001845473071416,,,1,1
GO:0045934,,1.783737497647699e-13,,1,1
GO:0045936,,8.30362987266443e-06,,1,1
GO:0045943,1.6912635366200912e-05,,,1,1
GO:0045945,2.188014954723153e-05,,,1,1
GO:0045953,0.0162119306642403,,,1,1
GO:0045954,0.0031223968312304,,,1,1
GO:0045980,,0.0477353674883071,,1,1
GO:0046031,,0.0035444571300638,,1,1
GO:0046032,,0.0063660421146147,,1,1
GO:0046050,0.0040606671804027,,,1,1
GO:0046074,0.0321169194979566,,,1,1
GO:0046079,0.0040606671804027,,,1,1
GO:0046320,0.0344683083527251,,,1,1
GO:0046325,0.0084972793542753,,,1,1
GO:0046332,0.006108723817522,,,1,1
GO:0046341,,0.0279631274566612,,1,1
GO:0046390,,1.701997234090914e-06,,1,1
GO:0046427,0.0112371861806971,,,1,1
GO:0046434,,0.0005578137013429,,1,1
GO:0046456,0.0064528690345114,,,1,1
GO:0046464,0.0418776241271208,,,1,1
GO:0046496,,0.0048238736808155,,1,1
GO:0046579,0.0151024713409358,,,1,1
GO:0046596,0.0094765230947603,,,1,1
GO:0046600,0.0228473034991953,,,1,1
GO:0046620,,0.0252666606364048,,1,1
GO:0046621,0.0436866777989825,,,1,1
GO:0046632,,9.087413838646495e-10,,1,1
GO:0046633,,3.617994653258991e-07,,1,1
GO:0046634,,1.4939852040499947e-07,,1,1
GO:0046635,,0.0015271139021683,,1,1
GO:0046636,,0.000405697025638,,1,1
GO:0046637,,0.0019370354068515,,1,1
GO:0046640,,5.980780737987805e-07,,1,1
GO:0046641,,0.0033464502460155,,1,1
GO:0046642,,0.0005437572698248,,1,1
GO:0046649,,2.830156260931549e-26,,1,1
GO:0046719,,0.0364703796417893,,1,1
GO:0046761,0.0246623322872073,,,1,1
GO:0046794,,0.0234235285820135,,1,1
GO:0046824,,0.0008639165736187,,1,1
GO:0046835,0.0164835788519806,,,1,1
GO:0046836,0.0245447286116489,,,1,1
GO:0046872,6.875551501462394e-10,,,1,1
GO:0046903,0.0067794363856247,,,1,1
GO:0046930,0.0370122530592718,,,1,1
GO:0046942,0.0296071375095276,,,1,1
GO:0046961,0.0006085856416094,,,1,1
GO:0046965,0.0439238570153466,,,1,1
GO:0046966,0.0253124471465188,,,1,1
GO:0046974,0.0020407874244045,,,1,1
GO:0046975,0.0369967183965824,,,1,1
GO:0046976,0.0054991136243728,,,1,1
GO:0046982,0.0014402672703402,,,1,1
GO:0047676,0.0020660177978046,,,1,1
GO:0048018,0.0025719414790704,,,1,1
GO:0048025,0.0215639268383759,,,1,1
GO:0048027,0.0035087813531062,,,1,1
GO:0048029,0.0496161829558551,,,1,1
GO:0048144,,0.0009038814076902,,1,1
GO:0048145,,0.0013139064947264,,1,1
GO:0048188,0.0037337114141831,,,1,1
GO:0048240,0.0163241068043988,,,1,1
GO:0048246,0.0042733139851278,,,1,1
GO:0048248,0.0009496409726506,,,1,1
GO:0048255,0.0247409043275597,,,1,1
GO:0048268,0.0088893188651711,,,1,1
GO:0048284,,0.0281052014770005,,1,1
GO:0048312,0.0046848892690586,,,1,1
GO:0048388,0.0024093621568167,,,1,1
GO:0048406,0.0006612013016249,,,1,1
GO:0048485,0.003640638825486,,,1,1
GO:0048496,0.0185245738852981,,,1,1
GO:0048511,6.059263699241716e-10,,,1,1
GO:0048512,0.0009636918672184,,,1,1
GO:0048518,,7.251428709591861e-59,,1,1
GO:0048519,,1.8591218127950488e-17,,1,1
GO:0048522,,1.6857115521753802e-56,,1,1
GO:0048523,,3.285454493096033e-15,,1,1
GO:0048538,0.0158581334032082,,,1,1
GO:0048539,0.0373683934211267,,,1,1
GO:0048546,0.0225250184691629,,,1,1
GO:0048562,0.0292378785678513,,,1,1
GO:0048583,,7.488744373684794e-46,,1,1
GO:0048584,,1.4948870296097618e-29,,1,1
GO:0048585,,7.904192467290467e-16,,1,1
GO:0048593,0.004212455506318,,,1,1
GO:0048598,0.0286678185307128,,,1,1
GO:0048638,,0.0001163633418781,,1,1
GO:0048639,,0.0213494913368599,,1,1
GO:0048640,,0.0445788004163222,,1,1
GO:0048660,0.0013407222359921,,,1,1
GO:0048663,0.0352222124536221,,,1,1
GO:0048680,0.0499775245783886,,,1,1
GO:0048705,0.0020243736563096,,,1,1
GO:0048711,0.0029392275163513,,,1,1
GO:0048729,,0.0093439731724437,,1,1
GO:0048745,0.0378297643036468,,,1,1
GO:0048754,0.0151794555258269,,,1,1
GO:0048856,,3.058458465893243e-20,,1,1
GO:0048869,,1.917925693963254e-18,,1,1
GO:0048871,,3.436024306489859e-06,,1,1
GO:0048878,,5.6784243189365174e-05,,1,1
GO:0050544,0.0217122529310651,,,1,1
GO:0050650,0.0011473003840518,,,1,1
GO:0050651,0.0127443537650896,,,1,1
GO:0050656,0.0175840500644794,,,1,1
GO:0050657,,3.7275921625557593e-06,,1,1
GO:0050661,0.0133988849067863,,,1,1
GO:0050670,,4.8299900192688855e-08,,1,1
GO:0050672,,0.0004038543555999,,1,1
GO:0050679,0.0282800282364322,,,1,1
GO:0050680,0.0191713161577769,,,1,1
GO:0050733,0.0001869952708438,,,1,1
GO:0050765,0.0022105095122517,,,1,1
GO:0050767,0.0049798522345126,,,1,1
GO:0050768,0.006068622355041,,,1,1
GO:0050786,0.0355613779465795,,,1,1
GO:0050789,,3.125920548896341e-46,,1,1
GO:0050794,,4.990310212364746e-44,,1,1
GO:0050817,,0.0002051221783397,,1,1
GO:0050839,6.0965700884162906e-05,,,1,1
GO:0050857,,0.0193207135197318,,1,1
GO:0050862,0.0001384726076518,,,1,1
GO:0050865,,4.979973658408458e-21,,1,1
GO:0050866,,1.2967150062775458e-06,,1,1
GO:0050867,,2.098373628181658e-12,,1,1
GO:0050878,,0.002581770631179,,1,1
GO:0050891,0.0319139863524114,,,1,1
GO:0050892,0.0002479827093832,,,1,1
GO:0050896,,4.208264622309157e-42,,1,1
GO:0050908,0.0073944262624251,,,1,1
GO:0050911,0.0060393050980915,,,1,1
GO:0050919,0.0142417706109877,,,1,1
GO:0050921,0.0174519162053612,,,1,1
GO:0050922,,0.043010559382833,,1,1
GO:0050957,0.0056076473508134,,,1,1
GO:0051011,0.0098275966052467,,,1,1
GO:0051018,0.033516958154407,,,1,1
GO:0051036,0.000403939313051,,,1,1
GO:0051044,0.0229791690953153,,,1,1
GO:0051045,0.0096985617635979,,,1,1
GO:0051082,0.0033803868030053,,,1,1
GO:0051087,0.008146345700979,,,1,1
GO:0051098,,0.0006445826521959,,1,1
GO:0051099,,0.0215877086038368,,1,1
GO:0051122,0.0425286830921626,,,1,1
GO:0051128,,3.3210930363151066e-21,,1,1
GO:0051135,0.0343404964193799,,,1,1
GO:0051145,0.003721173043047,,,1,1
GO:0051148,0.0230130626351219,,,1,1
GO:0051150,,0.0286855263924362,,1,1
GO:0051169,,4.516363734281494e-06,,1,1
GO:0051170,,0.0074485440157351,,1,1
GO:0051174,,2.162516078208247e-05,,1,1
GO:0051179,,5.17104945094638e-35,,1,1
GO:0051222,,0.0020495209475518,,1,1
GO:0051234,,4.666823347276799e-26,,1,1
GO:0051235,,0.0056207486664845,,1,1
GO:0051236,,9.806771140731366e-07,,1,1
GO:0051249,,1.4063920555563061e-18,,1,1
GO:0051250,,6.884258320398193e-06,,1,1
GO:0051251,,1.0456138431355799e-11,,1,1
GO:0051253,,3.4326930773352627e-12,,1,1
GO:0051254,,2.617456328566086e-18,,1,1
GO:0051256,0.0228916020124507,,,1,1
GO:0051286,0.0020880286007175,,,1,1
GO:0051292,0.0035352864631372,,,1,1
GO:0051294,0.0278365441190368,,,1,1
GO:0051304,,0.0119174774720182,,1,1
GO:0051336,,3.980592035780147e-05,,1,1
GO:0051338,,0.0179539501990305,,1,1
GO:0051345,,0.0006484679718308,,1,1
GO:0051373,0.0244243743919721,,,1,1
GO:0051452,0.0038962176478064,,,1,1
GO:0051469,0.0056566593335215,,,1,1
GO:0051537,4.777934922972128e-06,,,1,1
GO:0051549,0.0473620751190421,,,1,1
GO:0051552,0.0370266096035223,,,1,1
GO:0051592,0.0009397675666211,,,1,1
GO:0051603,3.203313602133958e-09,,,1,1
GO:0051640,,6.99096548512031e-05,,1,1
GO:0051641,,2.1343332761250862e-14,,1,1
GO:0051642,0.0001542462566322,,,1,1
GO:0051648,,0.0279631274566612,,1,1
GO:0051651,,0.0043991088131998,,1,1
GO:0051656,,0.0035470679857374,,1,1
GO:0051673,0.0002190573071162,,,1,1
GO:0051701,,0.0001384044065141,,1,1
GO:0051715,0.00023965917034,,,1,1
GO:0051716,,6.297798513605807e-33,,1,1
GO:0051851,,0.0111454683835078,,1,1
GO:0051864,0.0006860658749332,,,1,1
GO:0051881,0.0173991837757394,,,1,1
GO:0051920,0.0003639328860511,,,1,1
GO:0051924,0.0092309113202586,,,1,1
GO:0051960,,0.0332904378638177,,1,1
GO:0051962,,0.0108444438155227,,1,1
GO:0051963,0.0219106938120746,,,1,1
GO:0051965,0.0029316471969267,,,1,1
GO:0051967,0.0217082356984614,,,1,1
GO:0052651,0.0155431112537133,,,1,1
GO:0052689,2.6296065517847153e-05,,,1,1
GO:0055007,0.0395559705154753,,,1,1
GO:0055080,,0.0054449836578523,,1,1
GO:0055082,,0.0006527158106783,,1,1
GO:0055088,0.024348475914447,,,1,1
GO:0055093,0.0408865994195978,,,1,1
GO:0055119,0.0441086797488761,,,1,1
GO:0060037,0.0142793086590359,,,1,1
GO:0060038,0.0281340103490446,,,1,1
GO:0060041,0.0323118524234082,,,1,1
GO:0060055,0.0260415130279232,,,1,1
GO:0060071,0.0483770190390775,,,1,1
GO:0060075,0.0497370774045149,,,1,1
GO:0060081,0.0351072881944414,,,1,1
GO:0060100,0.0376730145144785,,,1,1
GO:0060124,0.0066870726037375,,,1,1
GO:0060135,0.0008170175193496,,,1,1
GO:0060173,0.0395071993428726,,,1,1
GO:0060216,0.0009445431847652,,,1,1
GO:0060218,0.0345598068884643,,,1,1
GO:0060231,0.0259401409333875,,,1,1
GO:0060259,0.0149655054674332,,,1,1
GO:0060272,0.0285257165322541,,,1,1
GO:0060284,,1.300321955372556e-08,,1,1
GO:0060290,0.0245693495088193,,,1,1
GO:0060317,0.000150140995172,,,1,1
GO:0060325,0.0133538910686042,,,1,1
GO:0060330,,0.03088058693934,,1,1
GO:0060334,,0.03088058693934,,1,1
GO:0060336,0.0247273131773021,,,1,1
GO:0060340,0.0198920797719039,,,1,1
GO:0060379,0.0265401087281934,,,1,1
GO:0060390,,0.0322592037110475,,1,1
GO:0060412,0.0003014137993357,,,1,1
GO:0060426,0.0120723794394864,,,1,1
GO:0060428,0.0307920848182027,,,1,1
GO:0060491,,0.0426979696338866,,1,1
GO:0060538,0.0169546736108427,,,1,1
GO:0060544,0.040038942074395,,,1,1
GO:0060707,0.0417231999241039,,,1,1
GO:0060716,0.0047502877238952,,,1,1
GO:0060759,,0.0070320034348201,,1,1
GO:0060766,0.0247381135610066,,,1,1
GO:0060856,,0.03088058693934,,1,1
GO:0060996,0.0050790782540394,,,1,1
GO:0060998,0.0173941185042013,,,1,1
GO:0061013,,0.0052125484298078,,1,1
GO:0061028,0.0240117791353344,,,1,1
GO:0061081,,0.003762263633854,,1,1
GO:0061082,,0.0115250675970427,,1,1
GO:0061133,0.0001219261626642,,,1,1
GO:0061136,1.1990809212787656e-08,,,1,1
GO:0061158,0.0014184534421122,,,1,1
GO:0061351,0.025291388229693,,,1,1
GO:0061384,0.0061897291629211,,,1,1
GO:0061448,,0.0202510562556767,,1,1
GO:0061469,0.0337523758448433,,,1,1
GO:0061470,0.0049392023520064,,,1,1
GO:0061515,,0.0252666606364048,,1,1
GO:0061518,0.0015258296339573,,,1,1
GO:0061564,0.0086362347117423,,,1,1
GO:0061572,,0.010937674772833,,1,1
GO:0061626,0.0188158728426418,,,1,1
GO:0061629,2.1527292133665232e-08,,,1,1
GO:0061635,0.0017033351436818,,,1,1
GO:0061644,1.3963074202213355e-05,,,1,1
GO:0061733,0.0434464790001879,,,1,1
GO:0061756,0.0005764801305607,,,1,1
GO:0061760,0.0347490144889141,,,1,1
GO:0061763,0.0018345090567427,,,1,1
GO:0061900,,,0.000347811328885,1,1
GO:0061919,,8.68334762135194e-08,,1,1
GO:0061952,0.0010687925939853,,,1,1
GO:0062012,,0.0426979696338866,,1,1
GO:0062029,0.022315219301715,,,1,1
GO:0062176,0.0407144810328175,,,1,1
GO:0062196,0.0015370797583434,,,1,1
GO:0062197,,0.0002408784610148,,1,1
GO:0065003,0.0038419133171746,,,1,1
GO:0065007,,9.30955380052133e-50,,1,1
GO:0065008,,3.8691290123551226e-12,,1,1
GO:0065009,,9.827784232391901e-11,,1,1
GO:0070013,0.0308021443114629,,,1,1
GO:0070062,0.0007481623411291,,,1,1
GO:0070063,0.0009559560325985,,,1,1
GO:0070160,0.0314906178331193,,,1,1
GO:0070161,0.0007990612361048,,,1,1
GO:0070168,0.0085031930789463,,,1,1
GO:0070182,0.0172337354134249,,,1,1
GO:0070198,0.0420407167623877,,,1,1
GO:0070227,,0.0004907550534063,,1,1
GO:0070228,,0.0009038814076902,,1,1
GO:0070232,,0.0057733250481734,,1,1
GO:0070268,0.0399521023646403,,,1,1
GO:0070300,0.0256422967885146,,,1,1
GO:0070316,0.0003822207871595,,,1,1
GO:0070365,0.0431351382284181,,,1,1
GO:0070449,0.0308089616024507,,,1,1
GO:0070475,0.0441710860543251,,,1,1
GO:0070482,,0.0213494913368599,,1,1
GO:0070492,0.0112091876352078,,,1,1
GO:0070509,0.0159084544742615,,,1,1
GO:0070527,0.0006085922574104,,,1,1
GO:0070564,0.0427704038120301,,,1,1
GO:0070647,,1.976416477444761e-10,,1,1
GO:0070663,,4.517159470438328e-07,,1,1
GO:0070664,,0.0025432091761421,,1,1
GO:0070670,,0.0496251474786104,,1,1
GO:0070765,0.0002990214788685,,,1,1
GO:0070776,0.002823348013443,,,1,1
GO:0070821,4.319725232783564e-07,,,1,1
GO:0070831,0.0287938042942411,,,1,1
GO:0070887,,1.245687960095811e-10,,1,1
GO:0070888,0.0009276706400828,,,1,1
GO:0070914,0.0182531265313076,,,1,1
GO:0070937,0.0185299996446425,,,1,1
GO:0070942,,,0.0029448619747504,1,1
GO:0070943,,,0.0020937119357957,1,1
GO:0070986,0.0009723623937559,,,1,1
GO:0070996,0.0226285552535045,,,1,1
GO:0071004,0.0002556346993884,,,1,1
GO:0071013,9.772437722117967e-06,,,1,1
GO:0071074,0.0131563169891314,,,1,1
GO:0071214,,0.0093439731724437,,1,1
GO:0071223,0.0027076326946822,,,1,1
GO:0071224,0.0023560466329273,,,1,1
GO:0071276,0.0007254007129992,,,1,1
GO:0071277,0.0078178679586911,,,1,1
GO:0071280,3.191221884671404e-05,,,1,1
GO:0071281,0.0011398468080054,,,1,1
GO:0071294,0.0042922107694061,,,1,1
GO:0071316,0.0135608432179379,,,1,1
GO:0071339,0.0362389053113628,,,1,1
GO:0071340,0.0299825195741399,,,1,1
GO:0071354,0.0016580483560494,,,1,1
GO:0071364,0.0160659405016709,,,1,1
GO:0071374,0.0028061096200176,,,1,1
GO:0071468,0.0294398446883293,,,1,1
GO:0071472,,0.0234235285820135,,1,1
GO:0071475,,0.0213494913368599,,1,1
GO:0071478,,0.0374333037256487,,1,1
GO:0071481,0.0390084808181973,,,1,1
GO:0071495,,1.4832963858798257e-07,,1,1
GO:0071541,0.0148202095707682,,,1,1
GO:0071542,0.0460514678805422,,,1,1
GO:0071564,0.0007050373837075,,,1,1
GO:0071565,0.0004035893954549,,,1,1
GO:0071596,0.0275964091391915,,,1,1
GO:0071609,,0.0234235285820135,,1,1
GO:0071616,,0.0321364259567036,,1,1
GO:0071621,0.0043117999497221,,,1,1
GO:0071649,,0.0234235285820135,,1,1
GO:0071650,0.0122432342678879,,,1,1
GO:0071667,0.0461632760235865,,,1,1
GO:0071672,0.040080369803376,,,1,1
GO:0071674,,0.0211378452996307,,1,1
GO:0071705,,7.139576448087096e-05,,1,1
GO:0071709,,0.0202463918926198,,1,1
GO:0071711,0.0346051204759375,,,1,1
GO:0071726,0.0151573791798367,,,1,1
GO:0071751,0.0003331779768679,,,1,1
GO:0071797,0.0010781068571215,,,1,1
GO:0071816,0.0016196317673885,,,1,1
GO:0071824,,0.029349202155144,,1,1
GO:0071837,0.0079434089252863,,,1,1
GO:0071840,,0.0011984274518299,,1,1
GO:0071887,,0.0003048081475489,,1,1
GO:0071910,0.0126757712059848,,,1,1
GO:0071932,0.0312799197374534,,,1,1
GO:0071944,0.0224728061453151,,,1,1
GO:0071949,0.0094768715796945,,,1,1
GO:0071985,0.0007672191325495,,,1,1
GO:0071986,0.0038038780215259,,,1,1
GO:0072006,0.0202610825547433,,,1,1
GO:0072075,0.0130788675362164,,,1,1
GO:0072331,,0.0140095611550235,,1,1
GO:0072378,0.0466648460800947,,,1,1
GO:0072384,0.0376150201394624,,,1,1
GO:0072521,,1.8527620049095757e-08,,1,1
GO:0072522,,6.58250126709191e-08,,1,1
GO:0072523,,0.0013619124539099,,1,1
GO:0072524,,0.0056434089277476,,1,1
GO:0072526,,0.0069990236621422,,1,1
GO:0072527,,0.0136428899107613,,1,1
GO:0072528,,0.0398033438815072,,1,1
GO:0072542,0.0424120007117494,,,1,1
GO:0072546,0.0036060795251437,,,1,1
GO:0072558,0.0194768156345909,,,1,1
GO:0072567,,,0.005050704182605,1,1
GO:0072594,0.0475916278495972,,,1,1
GO:0072595,,0.0131443967720215,,1,1
GO:0072656,0.0167595453557909,,,1,1
GO:0072665,,0.002746344539712,,1,1
GO:0072666,,0.0254855797208697,,1,1
GO:0072678,0.0028525514600947,,,1,1
GO:0072686,0.0249260590615701,,,1,1
GO:0075522,0.0027467927346139,,,1,1
GO:0075523,0.0429629675968423,,,1,1
GO:0075525,0.0032658295105002,,,1,1
GO:0075733,,0.0234235285820135,,1,1
GO:0080134,,3.427825124612894e-22,,1,1
GO:0080164,,0.0091779577114793,,1,1
GO:0080171,,0.0007704536022894,,1,1
GO:0085029,0.0362262677566197,,,1,1
GO:0086001,0.0415339727583086,,,1,1
GO:0086011,0.0147334894753784,,,1,1
GO:0089720,0.022659856573996,,,1,1
GO:0090009,0.0218152308397061,,,1,1
GO:0090042,,0.0463495943263863,,1,1
GO:0090063,0.0128179157769936,,,1,1
GO:0090066,,0.0163331685913758,,1,1
GO:0090084,0.0228108072424929,,,1,1
GO:0090090,0.0118877270750997,,,1,1
GO:0090101,,0.0499770505331433,,1,1
GO:0090128,0.0469706777343534,,,1,1
GO:0090158,0.020869676573108,,,1,1
GO:0090161,0.0190503645484075,,,1,1
GO:0090169,,0.0374333037256487,,1,1
GO:0090174,,0.0453692148061849,,1,1
GO:0090190,0.0038698257199499,,,1,1
GO:0090257,0.036604477814061,,,1,1
GO:0090263,0.0053869563689258,,,1,1
GO:0090287,,0.0048188324427025,,1,1
GO:0090335,,0.0061539422640325,,1,1
GO:0090382,0.0168571898043877,,,1,1
GO:0090383,0.0332359475994152,,,1,1
GO:0090524,0.0107358977575592,,,1,1
GO:0090571,0.0036793371101703,,,1,1
GO:0097136,0.0387494868044921,,,1,1
GO:0097157,0.0015224875598245,,,1,1
GO:0097242,0.0003642563404692,,,1,1
GO:0097264,0.0255222052126625,,,1,1
GO:0097272,0.0477515904114198,,,1,1
GO:0097292,,0.0092827489431749,,1,1
GO:0097293,,0.0092827489431749,,1,1
GO:0097367,0.0406757547543878,,,1,1
GO:0097371,0.0021163360628546,,,1,1
GO:0097401,0.0013981211730266,,,1,1
GO:0097427,0.0026296733785046,,,1,1
GO:0097433,0.0087142908996826,,,1,1
GO:0097504,0.0201933700474951,,,1,1
GO:0097529,,0.018303473939569,,1,1
GO:0097542,0.0033767256153923,,,1,1
GO:0097581,,0.0233042381699561,,1,1
GO:0097677,0.0013563673662053,,,1,1
GO:0097680,0.0130243323416,,,1,1
GO:0097718,0.0332290984920085,,,1,1
GO:0097730,0.0363376991039954,,,1,1
GO:0098505,0.0014217925516114,,,1,1
GO:0098542,,5.805192179379199e-12,,1,1
GO:0098552,0.0001091530865922,,,1,1
GO:0098556,0.0106707447948063,,,1,1
GO:0098684,0.0301331443545095,,,1,1
GO:0098685,0.0028896082347306,,,1,1
GO:0098732,,0.0093970979993324,,1,1
GO:0098751,,0.018040182770213,,1,1
GO:0098754,,0.0146485103069216,,1,1
GO:0098771,,0.0394792895792217,,1,1
GO:0098803,0.0065367464735462,,,1,1
GO:0098839,0.0013188835690331,,,1,1
GO:0098878,0.0435397720148013,,,1,1
GO:0098885,0.0222532383548636,,,1,1
GO:0098907,0.0207239743317981,,,1,1
GO:0098971,0.0096231950176088,,,1,1
GO:0098978,2.4072414697507575e-05,,,1,1
GO:0098982,0.0366066137969193,,,1,1
GO:0099003,,0.0416678424008922,,1,1
GO:0099041,0.0321426451264801,,,1,1
GO:0099078,0.0004577279171391,,,1,1
GO:0099104,0.0111622845981939,,,1,1
GO:0099122,0.0030615187509282,,,1,1
GO:0099523,0.0005546350669067,,,1,1
GO:0099524,0.0041293064484485,,,1,1
GO:0099537,0.010145513940304,,,1,1
GO:0099560,0.0008173260907267,,,1,1
GO:0099572,0.0206389624664854,,,1,1
GO:0101003,0.0022122780395407,,,1,1
GO:0101031,0.0321514706721038,,,1,1
GO:0104004,,0.0093439731724437,,1,1
GO:0106074,0.0461410552245499,,,1,1
GO:0106106,,0.0465672970244495,,1,1
GO:0106139,0.0057378655122688,,,1,1
GO:0106222,0.0082260072565468,,,1,1
GO:0106310,0.0023797034706171,,,1,1
GO:0106435,0.0416066774916572,,,1,1
GO:0110095,0.0039001988131407,,,1,1
GO:0120014,0.0002671476639655,,,1,1
GO:0120031,,1.1437582493517165e-05,,1,1
GO:0120032,,0.0457970724276419,,1,1
GO:0120033,,0.0331685121384429,,1,1
GO:0120036,,3.9296977263248013e-08,,1,1
GO:0120041,0.0074763738025561,,,1,1
GO:0120103,0.0069555287207279,,,1,1
GO:0120146,0.0082466086805227,,,1,1
GO:0120161,,0.0398033438815072,,1,1
GO:0120262,,0.0489311821602363,,1,1
GO:0120293,0.0415733086739341,,,1,1
GO:0140002,0.0030446487721003,,,1,1
GO:0140005,0.0425419467710445,,,1,1
GO:0140014,,0.0471305525433989,,1,1
GO:0140036,0.0412729696854947,,,1,1
GO:0140042,0.0456606682311842,,,1,1
GO:0140052,0.0019271036673508,,,1,1
GO:0140053,,0.0032168335706917,,1,1
GO:0140077,0.0437426252729159,,,1,1
GO:0140105,0.0420387191194874,,,1,1
GO:0140238,,0.0233699783804715,,1,1
GO:0140297,0.0001587526571448,,,1,1
GO:0140331,0.0116583929218334,,,1,1
GO:0140345,0.0115960240504983,,,1,1
GO:0140352,,0.0035872143289376,,1,1
GO:0140358,0.0289540073237247,,,1,1
GO:0140367,0.0157911215445839,,,1,1
GO:0140444,9.50454294937072e-05,,,1,1
GO:0140459,0.0113914954130863,,,1,1
GO:0140463,0.0016112427394208,,,1,1
GO:0140468,0.0493795429474029,,,1,1
GO:0140507,0.0020960452634487,,,1,1
GO:0140517,0.0031975587371146,,,1,1
GO:0140566,5.6435008954060384e-05,,,1,1
GO:0140585,0.0201664653420522,,,1,1
GO:0140632,,0.0167339289759873,,1,1
GO:0140639,0.0190512007147144,,,1,1
GO:0140658,7.576786441888659e-07,,,1,1
GO:0140662,0.0012934239813294,,,1,1
GO:0140693,2.81423517156176e-05,,,1,1
GO:0140719,0.0065213699099481,,,1,1
GO:0140750,0.0010679407560856,,,1,1
GO:0140778,0.0018334417854565,,,1,1
GO:0140824,0.0014724433476042,,,1,1
GO:0140827,0.0205494182023279,,,1,1
GO:0140888,,,1.93560116160653e-08,1,1
GO:0140894,,0.001883147341685,,1,1
GO:0140911,0.0018106346836216,,,1,1
GO:0140938,0.0006927682824686,,,1,1
GO:0140948,0.0348410266481818,,,1,1
GO:0140949,0.0436214880058818,,,1,1
GO:0140950,0.0142509516721462,,,1,1
GO:0140955,0.0372061439393717,,,1,1
GO:0140999,0.0062665387017298,,,1,1
GO:0141005,0.044152418128377,,,1,1
GO:0141060,,,1.60730344834651e-10,1,1
GO:0141061,,,1.0917688364673801e-10,1,1
GO:0141084,,0.0097265148868683,,1,1
GO:0141085,,0.0179539501990305,,1,1
GO:0141124,,1.0233047740938204e-23,,1,1
GO:0141188,,3.2307517959383684e-05,,1,1
GO:0150012,0.037385843855662,,,1,1
GO:0150094,0.0172620916025212,,,1,1
GO:0150105,0.0014496375305698,,,1,1
GO:0150146,,,0.0001156236854757,1,1
GO:0160165,4.0762517295993474e-08,,,1,1
GO:0160225,0.0344354096217,,,1,1
GO:0160270,0.0484627726988651,,,1,1
GO:0160295,0.042625204052774,,,1,1
GO:0160307,,3.3346669036966336e-11,,1,1
GO:0170014,1.4054511248522303e-05,,,1,1
GO:1900015,0.0128169557336135,,,1,1
GO:1900016,0.0067238227325227,,,1,1
GO:1900034,0.0181355775497229,,,1,1
GO:1900151,,0.0329259679954315,,1,1
GO:1900152,0.0248635851787149,,,1,1
GO:1900223,0.0202119482331963,,,1,1
GO:1900225,,0.0203733253695874,,1,1
GO:1900407,0.0092798109470236,,,1,1
GO:1900426,0.0170828940761259,,,1,1
GO:1901136,,8.104187710943536e-07,,1,1
GO:1901203,0.0177824238630918,,,1,1
GO:1901222,0.0307871030952516,,,1,1
GO:1901224,0.010695892340809,,,1,1
GO:1901292,,0.0005822178816745,,1,1
GO:1901293,,1.4324155863710964e-08,,1,1
GO:1901612,0.033879622334396,,,1,1
GO:1901663,,0.0088938938158815,,1,1
GO:1901698,,0.0009017603216999,,1,1
GO:1901699,,0.000416936919651,,1,1
GO:1901700,,3.376722408369448e-09,,1,1
GO:1901740,6.480057151118938e-17,,,1,1
GO:1901796,0.000223745222834,,,1,1
GO:1901797,0.0003692634325647,,,1,1
GO:1901798,0.0485468944458508,,,1,1
GO:1901847,0.0303206066439351,,,1,1
GO:1901873,,2.002420180595739e-05,,1,1
GO:1901875,,0.0002372942203111,,1,1
GO:1901888,0.0010957123472915,,,1,1
GO:1901981,0.0407458305996979,,,1,1
GO:1901988,,4.5045350782939445e-05,,1,1
GO:1902047,0.0042355561820373,,,1,1
GO:1902099,,0.0132251844224671,,1,1
GO:1902105,,3.1307026483817357e-08,,1,1
GO:1902175,,0.043010559382833,,1,1
GO:1902254,0.0440344710440709,,,1,1
GO:1902275,0.0148768168976462,,,1,1
GO:1902564,0.0392258793175265,,,1,1
GO:1902570,0.0353165233908119,,,1,1
GO:1902679,,9.827784232391901e-11,,1,1
GO:1902680,,6.545761230043957e-17,,1,1
GO:1902774,0.0224128367626289,,,1,1
GO:1902883,0.0124493864966342,,,1,1
GO:1902894,0.031854140807105,,,1,1
GO:1902895,0.0317515526919749,,,1,1
GO:1902903,,0.0307374377840571,,1,1
GO:1902913,,0.0364703796417893,,1,1
GO:1902956,,0.0489311821602363,,1,1
GO:1903034,,0.0200035453722481,,1,1
GO:1903047,,2.2055962163009774e-09,,1,1
GO:1903077,0.0187836291224581,,,1,1
GO:1903147,,0.0114497545948844,,1,1
GO:1903231,0.0247275996089653,,,1,1
GO:1903238,0.0058677936440403,,,1,1
GO:1903312,,0.0103819480420264,,1,1
GO:1903313,,0.0044421759046624,,1,1
GO:1903320,,3.332215648481197e-05,,1,1
GO:1903322,,0.0003530711592847,,1,1
GO:1903401,0.0480336496601619,,,1,1
GO:1903428,0.0173173603913522,,,1,1
GO:1903490,0.0324937248081658,,,1,1
GO:1903659,0.011583065817062,,,1,1
GO:1903660,0.0062103385501357,,,1,1
GO:1903672,0.04986976075211,,,1,1
GO:1903698,0.0034489188299449,,,1,1
GO:1903708,,0.000416936919651,,1,1
GO:1903747,0.0027397401390021,,,1,1
GO:1903749,0.0070288227874472,,,1,1
GO:1903765,0.049263018004133,,,1,1
GO:1903783,0.040810262632433,,,1,1
GO:1903828,,0.037109722029612,,1,1
GO:1903830,0.0026118667576868,,,1,1
GO:1903844,,0.0097265148868683,,1,1
GO:1903896,0.0265194064660182,,,1,1
GO:1904018,0.0220166314514773,,,1,1
GO:1904047,0.0142932570559093,,,1,1
GO:1904064,,0.0041922202534039,,1,1
GO:1904141,0.0012820257438582,,,1,1
GO:1904356,,0.0097265148868683,,1,1
GO:1904358,0.0207562757463053,,,1,1
GO:1904669,0.0038835750136284,,,1,1
GO:1904724,3.631258211832406e-14,,,1,1
GO:1904813,2.2442068411326767e-10,,,1,1
GO:1904871,0.0237498624059519,,,1,1
GO:1904874,0.0141619355298204,,,1,1
GO:1904930,0.0036244795657324,,,1,1
GO:1905039,0.0360623884162042,,,1,1
GO:1905064,0.0033699161348462,,,1,1
GO:1905146,0.0243326060932623,,,1,1
GO:1905172,0.0007143936770197,,,1,1
GO:1905279,0.0271792968011823,,,1,1
GO:1905515,0.0284661225682816,,,1,1
GO:1905517,,0.0314569450083221,,1,1
GO:1905606,0.0170560146652353,,,1,1
GO:1905806,0.0137609611963176,,,1,1
GO:1905818,,0.0374333037256487,,1,1
GO:1905870,0.0461700356728884,,,1,1
GO:1905907,0.0128143597254972,,,1,1
GO:1990075,0.0416694445491632,,,1,1
GO:1990090,0.0017106340789388,,,1,1
GO:1990111,0.01414033611935,,,1,1
GO:1990144,,0.0463495943263863,,1,1
GO:1990226,6.107983272292266e-05,,,1,1
GO:1990247,0.0041035276021168,,,1,1
GO:1990379,0.0028180720305985,,,1,1
GO:1990403,0.0127831342201234,,,1,1
GO:1990405,0.0001361829308638,,,1,1
GO:1990776,0.0092282554164563,,,1,1
GO:1990778,,0.0021145150219774,,1,1
GO:1990837,1.8729072497109687e-07,,,1,1
GO:1990840,,0.0193207135197318,,1,1
GO:1990841,0.0119397863326294,,,1,1
GO:1990858,,0.0193207135197318,,1,1
GO:1990877,0.0194551225745092,,,1,1
GO:1990904,7.319340985843102e-13,,,1,1
GO:1990907,1.5270041010749543e-05,,,1,1
GO:1990948,0.0341091080163245,,,1,1
GO:2000049,0.0436131503433066,,,1,1
GO:2000104,0.0330041268499979,,,1,1
GO:2000106,,0.0008673296854969,,1,1
GO:2000108,,0.0300742503911653,,1,1
GO:2000114,0.0001460286085012,,,1,1
GO:2000121,0.0161602169819481,,,1,1
GO:2000171,0.0081391031882597,,,1,1
GO:2000209,,0.0193207135197318,,1,1
GO:2000234,0.0407338147562966,,,1,1
GO:2000316,,0.0098057918581353,,1,1
GO:2000319,,0.0300742503911653,,1,1
GO:2000341,,,0.005050704182605,1,1
GO:2000377,0.0005947405312642,,,1,1
GO:2000379,0.0001217372352865,,,1,1
GO:2000405,0.0014963618670586,,,1,1
GO:2000427,0.0435331956848316,,,1,1
GO:2000514,,1.8741341882952523e-05,,1,1
GO:2000515,,0.003762263633854,,1,1
GO:2000516,,0.0398033438815072,,1,1
GO:2000543,0.0069391204043024,,,1,1
GO:2000561,,0.0002445578693286,,1,1
GO:2000637,0.0255508893751828,,,1,1
GO:2000641,0.0288775879210572,,,1,1
GO:2000643,0.0420526992756077,,,1,1
GO:2000767,0.0353285572938856,,,1,1
GO:2000819,6.746840782351637e-06,,,1,1
GO:2000822,0.0140241640802419,,,1,1
GO:2001014,0.0039330552766125,,,1,1
GO:2001057,,0.0115157901221419,,1,1
GO:2001141,,4.996265938636114e-25,,1,1
GO:2001171,0.008373733519818,,,1,1
GO:2001251,,0.0463495943263863,,1,1
GO:2001252,,0.0441769534745486,,1,1
GO:0000012,0.0732602094307913,,,1,0
GO:0000014,0.1258518895170896,,,1,0
GO:0000028,0.0510023746924971,,,1,0
GO:0000030,0.204309191271834,,,1,0
GO:0000045,0.0508824857032898,,,1,0
GO:0000049,0.0527700629661237,,,1,0
GO:0000062,0.0869256730499501,,,1,0
GO:0000064,0.1319208936854219,,,1,0
GO:0000076,0.527639544870636,,,1,0
GO:0000079,0.8359519164904874,,,1,0
GO:0000086,0.5414509200974359,,,1,0
GO:0000118,0.3329325543764216,,,1,0
GO:0000124,0.3596204432424729,,,1,0
GO:0000127,0.1681345598539254,,,1,0
GO:0000132,0.2847604838204036,,,1,0
GO:0000137,0.6077590344353223,,,1,0
GO:0000138,0.1614036960708162,,,1,0
GO:0000139,0.441261732153303,,,1,0
GO:0000145,0.2649674397823813,,,1,0
GO:0000146,0.1003066899405082,,,1,0
GO:0000151,0.9865279247025104,,,1,0
GO:0000159,0.193198887331213,,,1,0
GO:0000164,0.0997452593774479,,,1,0
GO:0000172,0.1087548091922619,,,1,0
GO:0000175,0.8967620358709805,,,1,0
GO:0000176,0.4834637809283623,,,1,0
GO:0000177,0.4820460066226006,,,1,0
GO:0000178,0.4593889324074057,,,1,0
GO:0000182,0.5865607432366651,,,1,0
GO:0000183,0.7380832109039764,,,1,0
GO:0000184,0.1353449984025834,,,1,0
GO:0000212,0.4902321477644527,,,1,0
GO:0000228,0.2886165574553171,,,1,0
GO:0000243,0.6259758057542035,,,1,0
GO:0000244,0.5036376853746778,,,1,0
GO:0000253,0.7241167487601454,,,1,0
GO:0000255,0.4887134535521779,,,1,0
GO:0000266,0.571632073441638,,,1,0
GO:0000271,0.3239718094739231,,,1,0
GO:0000280,0.9700465232815282,,,1,0
GO:0000287,0.6025000793633263,,,1,0
GO:0000288,0.1970455265343983,,,1,0
GO:0000289,0.0607457811064958,,,1,0
GO:0000290,0.9558744132464856,,,1,0
GO:0000298,0.1089426711531018,,,1,0
GO:0000302,0.2410638938347669,,,1,0
GO:0000307,0.6310514938917586,,,1,0
GO:0000338,0.2955130087781645,,,1,0
GO:0000340,0.1229126211412884,,,1,0
GO:0000346,0.2423519349529695,,,1,0
GO:0000347,0.5680710968753502,,,1,0
GO:0000348,0.1976377796193775,,,1,0
GO:0000353,0.1205571944819106,,,1,0
GO:0000379,0.7089901830265242,,,1,0
GO:0000388,0.5355382325786567,,,1,0
GO:0000389,0.0881832230504029,,,1,0
GO:0000395,0.6573968034634913,,,1,0
GO:0000400,0.0762791739905083,,,1,0
GO:0000405,0.1217764985702755,,,1,0
GO:0000408,0.1190850480865409,,,1,0
GO:0000413,0.0564593088496504,,,1,0
GO:0000425,0.61646069934766,,,1,0
GO:0000428,0.845721819077439,,,1,0
GO:0000439,0.1620837686809654,,,1,0
GO:0000444,0.4600191753310055,,,1,0
GO:0000445,0.9983345161036729,,,1,0
GO:0000451,0.255716375202085,,,1,0
GO:0000455,0.7336003932422432,,,1,0
GO:0000460,0.1714846954611885,,,1,0
GO:0000467,0.8352996465903367,,,1,0
GO:0000472,0.1510611697663318,,,1,0
GO:0000480,0.1423402020606021,,,1,0
GO:0000492,0.1647299158088412,,,1,0
GO:0000506,0.3870385576234981,,,1,0
GO:0000512,0.1123075777204774,,,1,0
GO:0000578,0.7624897628622264,,,1,0
GO:0000712,0.9196987403937624,,,1,0
GO:0000722,0.8758220942093644,,,1,0
GO:0000727,0.1930146776593309,,,1,0
GO:0000729,0.3028572332226603,,,1,0
GO:0000731,0.5869323834010329,,,1,0
GO:0000774,0.1367864750478209,,,1,0
GO:0000779,0.2236704567338978,,,1,0
GO:0000783,0.1135407419753063,,,1,0
GO:0000793,0.6653034473665116,,,1,0
GO:0000794,0.1837733123339755,,,1,0
GO:0000795,0.2729948519729051,,,1,0
GO:0000796,0.4348465516372015,,,1,0
GO:0000800,0.2921384686537793,,,1,0
GO:0000801,0.8908874531480705,,,1,0
GO:0000808,0.164747863867812,,,1,0
GO:0000811,0.8284227700828205,,,1,0
GO:0000812,0.2259574454419128,,,1,0
GO:0000813,0.7711711795090697,,,1,0
GO:0000827,0.1620936306205982,,,1,0
GO:0000828,0.374567499053577,,,1,0
GO:0000829,0.1620936306205982,,,1,0
GO:0000832,0.1620936306205982,,,1,0
GO:0000836,0.0608755279254258,,,1,0
GO:0000922,0.1052136916177847,,,1,0
GO:0000930,0.5602769970523324,,,1,0
GO:0000931,0.1505327387088536,,,1,0
GO:0000932,0.4753448646603115,,,1,0
GO:0000938,0.9350197914179827,,,1,0
GO:0000940,0.2402716274402326,,,1,0
GO:0000957,0.9583137337587044,,,1,0
GO:0000963,0.2882276113102802,,,1,0
GO:0000974,0.6144912147826405,,,1,0
GO:0000979,0.1408285014740207,,,1,0
GO:0000995,0.0515182887635522,,,1,0
GO:0001006,0.5630388997109725,,,1,0
GO:0001046,0.2172488578586682,,,1,0
GO:0001091,0.2079538236586785,,,1,0
GO:0001111,0.3766990274690747,,,1,0
GO:0001162,0.4295510393227837,,,1,0
GO:0001216,0.8219269242071734,,,1,0
GO:0001217,0.6420326036248952,,,1,0
GO:0001221,0.6108200709980482,,,1,0
GO:0001401,0.5795724347735525,,,1,0
GO:0001405,0.8103541164528055,,,1,0
GO:0001501,0.3335415556503878,,,1,0
GO:0001502,0.1609935216389368,,,1,0
GO:0001504,0.7456631759637471,,,1,0
GO:0001508,0.0634864670239171,,,1,0
GO:0001514,0.2814843687469412,,,1,0
GO:0001516,0.5630850607857745,,,1,0
GO:0001518,0.1207375380374257,,,1,0
GO:0001520,0.4075999164582937,,,1,0
GO:0001522,0.272568855671229,,,1,0
GO:0001523,0.4020407668058176,,,1,0
GO:0001527,0.8958289011736921,,,1,0
GO:0001533,0.0762384907486956,,,1,0
GO:0001534,0.9127445727061824,,,1,0
GO:0001537,0.6896239833558584,,,1,0
GO:0001541,0.8668153348441668,,,1,0
GO:0001561,0.2811665546638803,,,1,0
GO:0001569,0.4000866735423034,,,1,0
GO:0001570,0.5797525364318566,,,1,0
GO:0001574,0.6956714986231254,,,1,0
GO:0001578,0.9911994665047004,,,1,0
GO:0001580,0.5335534702720461,,,1,0
GO:0001586,0.3434310206000784,,,1,0
GO:0001594,0.951626666401408,,,1,0
GO:0001601,0.8900579533190727,,,1,0
GO:0001609,0.4624311638560912,,,1,0
GO:0001618,0.9023085934647525,,,1,0
GO:0001654,0.6235728465468144,,,1,0
GO:0001655,0.8827604167307838,,,1,0
GO:0001656,0.1784652427611698,,,1,0
GO:0001657,0.6650614602969209,,,1,0
GO:0001662,0.2248599476574178,,,1,0
GO:0001664,0.5343520633928915,,,1,0
GO:0001665,0.858353368702448,,,1,0
GO:0001669,0.084450504216442,,,1,0
GO:0001671,0.8659929446812149,,,1,0
GO:0001673,0.1539470208239817,,,1,0
GO:0001675,0.9767357892055376,,,1,0
GO:0001678,0.3074191583371295,,,1,0
GO:0001682,0.3924275437308728,,,1,0
GO:0001696,0.2000459811778528,,,1,0
GO:0001704,0.9582657342197942,,,1,0
GO:0001706,0.9186953638487072,,,1,0
GO:0001707,0.4618353975234308,,,1,0
GO:0001708,0.0595316422187542,,,1,0
GO:0001711,0.6828980281997963,,,1,0
GO:0001714,0.9648626485543284,,,1,0
GO:0001725,0.6938559146009947,,,1,0
GO:0001726,0.4394969381903105,,,1,0
GO:0001727,0.3413087363076902,,,1,0
GO:0001731,0.3776053934708432,,,1,0
GO:0001739,0.1779980716901568,,,1,0
GO:0001741,0.1236793579900366,,,1,0
GO:0001750,0.1737581248961838,,,1,0
GO:0001755,0.1172911894950619,,,1,0
GO:0001756,0.1247118512693777,,,1,0
GO:0001758,0.6603518143166911,,,1,0
GO:0001763,0.3184859179564374,,,1,0
GO:0001764,0.2306747223531501,,,1,0
GO:0001765,0.5536526970581268,,,1,0
GO:0001768,0.4375092813301614,,,1,0
GO:0001771,0.0990686157604814,,,1,0
GO:0001772,0.0829188580666592,,,1,0
GO:0001778,0.1870730466822825,,,1,0
GO:0001780,0.4374515292269668,,,1,0
GO:0001782,0.0862337640259145,,,1,0
GO:0001784,0.254878181821202,,,1,0
GO:0001786,0.8275346371484843,,,1,0
GO:0001788,0.0679147832149761,,,1,0
GO:0001791,0.4481509380302748,,,1,0
GO:0001822,0.1910966486758332,,,1,0
GO:0001823,0.1990146428455766,,,1,0
GO:0001824,0.498266037974191,,,1,0
GO:0001829,0.4707133441776142,,,1,0
GO:0001843,0.2380981065539983,,,1,0
GO:0001849,0.323970176037942,,,1,0
GO:0001867,0.6499763843676892,,,1,0
GO:0001875,0.1542168181207501,,,1,0
GO:0001881,0.9122506972739604,,,1,0
GO:0001889,0.2458027168608666,,,1,0
GO:0001891,0.5193508691734521,,,1,0
GO:0001892,0.1963726248218342,,,1,0
GO:0001894,0.0696507647163922,,,1,0
GO:0001895,0.3708005876717696,,,1,0
GO:0001913,0.3646787445232674,,,1,0
GO:0001915,0.4830928484233878,,,1,0
GO:0001916,0.1318633606713416,,,1,0
GO:0001920,0.5111818155470371,,,1,0
GO:0001921,0.6764795108025077,,,1,0
GO:0001931,0.3730650637556273,,,1,0
GO:0001934,0.8816107686802352,,,1,0
GO:0001937,0.1138449668157122,,,1,0
GO:0001938,0.6953767209251884,,,1,0
GO:0001939,0.2824849705452205,,,1,0
GO:0001940,0.7897040787219809,,,1,0
GO:0001942,0.7198725301650852,,,1,0
GO:0001945,0.1380010005726225,,,1,0
GO:0001946,0.9621164198937864,,,1,0
GO:0001947,0.3577089931288445,,,1,0
GO:0001952,0.5155855620771798,,,1,0
GO:0001953,0.9861206531011096,,,1,0
GO:0001954,0.156983234268101,,,1,0
GO:0001955,0.5641780985357803,,,1,0
GO:0001956,0.4116264336561233,,,1,0
GO:0001958,0.424223189153563,,,1,0
GO:0001960,0.2216679504784012,,,1,0
GO:0001961,0.1482531269168539,,,1,0
GO:0001963,0.8588016410944166,,,1,0
GO:0001964,0.2125590090290527,,,1,0
GO:0001965,0.7829065398580387,,,1,0
GO:0001968,0.1362407999742811,,,1,0
GO:0001972,0.3845383629345279,,,1,0
GO:0001973,0.4080411161269708,,,1,0
GO:0001974,0.9172343583128328,,,1,0
GO:0002021,0.7188703671427661,,,1,0
GO:0002024,0.0748365062796101,,,1,0
GO:0002026,0.1125310227591745,,,1,0
GO:0002028,0.2087175220479432,,,1,0
GO:0002029,0.2439858117411009,,,1,0
GO:0002031,0.8957342136428178,,,1,0
GO:0002040,0.4250902599433979,,,1,0
GO:0002042,0.4985477800646772,,,1,0
GO:0002043,0.6413040910771632,,,1,0
GO:0002046,0.0733163717564715,,,1,0
GO:0002052,0.3736370395566778,,,1,0
GO:0002053,0.3348482971261459,,,1,0
GO:0002063,0.7758251448872446,,,1,0
GO:0002076,0.8842800390191108,,,1,0
GO:0002079,0.8015061429225494,,,1,0
GO:0002080,0.939511409096378,,,1,0
GO:0002082,0.0540255821977527,,,1,0
GO:0002084,0.6744714311375036,,,1,0
GO:0002087,0.809256374235258,,,1,0
GO:0002088,0.8986319651400506,,,1,0
GO:0002089,0.3186237735309362,,,1,0
GO:0002091,0.4234299751494633,,,1,0
GO:0002092,0.0678058360122549,,,1,0
GO:0002098,0.2200165946494323,,,1,0
GO:0002102,0.4751496223343484,,,1,0
GO:0002115,0.7354066220600177,,,1,0
GO:0002116,0.7149693182012871,,,1,0
GO:0002141,0.0938404780017005,,,1,0
GO:0002142,0.0854862039417311,,,1,0
GO:0002151,0.7005536557108867,,,1,0
GO:0002159,0.815254156696851,,,1,0
GO:0002161,0.063481472905643,,,1,0
GO:0002177,0.0635881849561289,,,1,0
GO:0002191,0.1255054642554657,,,1,0
GO:0002282,0.3870089929611303,,,1,0
GO:0002283,0.1506915230407852,,,1,0
GO:0002291,0.1644803516166854,,,1,0
GO:0002312,0.233415115069252,,,1,0
GO:0002323,0.6193199321070829,,,1,0
GO:0002357,0.8116500693750347,,,1,0
GO:0002407,0.3357911824987607,,,1,0
GO:0002430,0.752696814833201,,,1,0
GO:0002438,0.99005143212526,,,1,0
GO:0002446,0.4298595475612347,,,1,0
GO:0002474,0.3342380351699632,,,1,0
GO:0002476,0.0764414515708458,,,1,0
GO:0002486,0.0764414515708458,,,1,0
GO:0002502,0.9427461259539488,,,1,0
GO:0002503,0.6859759320231509,,,1,0
GO:0002504,0.4590729555554379,,,1,0
GO:0002548,0.3285345394848316,,,1,0
GO:0002576,0.4249854699913622,,,1,0
GO:0002606,0.9426837513765188,,,1,0
GO:0002638,0.5322668181809456,,,1,0
GO:0002639,0.6750079218009186,,,1,0
GO:0002674,0.6375134213518898,,,1,0
GO:0002675,0.2087818395634888,,,1,0
GO:0002686,0.066896028230096,,,1,0
GO:0002687,0.0965745263111653,,,1,0
GO:0002690,0.1764663751579264,,,1,0
GO:0002693,0.8563137978411094,,,1,0
GO:0002719,0.1549633451939056,,,1,0
GO:0002725,0.2815438609748434,,,1,0
GO:0002726,0.4742188097781238,,,1,0
GO:0002729,0.1979418366695391,,,1,0
GO:0002732,0.3641308374772704,,,1,0
GO:0002735,0.5343458447031024,,,1,0
GO:0002826,0.8358297821331329,,,1,0
GO:0002827,0.7653595280413672,,,1,0
GO:0002841,0.1676038564489856,,,1,0
GO:0002842,0.2851737072671216,,,1,0
GO:0002860,0.9845692016012798,,,1,0
GO:0002865,0.7691370066208341,,,1,0
GO:0002903,0.3965893613271545,,,1,0
GO:0002933,0.5208301046368407,,,1,0
GO:0002949,0.2575744550359726,,,1,0
GO:0003006,0.0661640727349157,,,1,0
GO:0003007,0.4899847049050874,,,1,0
GO:0003008,0.0609295239391797,,,1,0
GO:0003009,0.6176318318643153,,,1,0
GO:0003014,0.3015045178408738,,,1,0
GO:0003015,0.0638027797519246,,,1,0
GO:0003073,0.4635532404889264,,,1,0
GO:0003081,0.4210974696277257,,,1,0
GO:0003084,0.1811417377071322,,,1,0
GO:0003085,0.8984645214738645,,,1,0
GO:0003091,0.3891577700298414,,,1,0
GO:0003094,0.1030089383699018,,,1,0
GO:0003100,0.0750300204203328,,,1,0
GO:0003129,0.5707033357834617,,,1,0
GO:0003139,0.5292087763204348,,,1,0
GO:0003140,0.9493985711224848,,,1,0
GO:0003143,0.7034829124218165,,,1,0
GO:0003158,0.947393229626492,,,1,0
GO:0003161,0.1877181525352098,,,1,0
GO:0003163,0.2796282254468856,,,1,0
GO:0003170,0.3256774298414552,,,1,0
GO:0003176,0.979391913649306,,,1,0
GO:0003179,0.0956121096013334,,,1,0
GO:0003183,0.4083838624783166,,,1,0
GO:0003186,0.0542812490293854,,,1,0
GO:0003197,0.09798708952618,,,1,0
GO:0003208,0.0810938547352431,,,1,0
GO:0003214,0.4368341097498827,,,1,0
GO:0003215,0.3165198692762238,,,1,0
GO:0003222,0.23802274798363,,,1,0
GO:0003253,0.232245350643499,,,1,0
GO:0003254,0.605539083998822,,,1,0
GO:0003272,0.3056400934176158,,,1,0
GO:0003279,0.2788009015211342,,,1,0
GO:0003281,0.057469985127553,,,1,0
GO:0003283,0.3795260553857615,,,1,0
GO:0003300,0.9697925643593068,,,1,0
GO:0003309,0.1008464749825193,,,1,0
GO:0003323,0.1505693046896888,,,1,0
GO:0003333,0.3200958967890053,,,1,0
GO:0003337,0.1865505796061939,,,1,0
GO:0003341,0.1928869403553376,,,1,0
GO:0003344,0.7469544111701372,,,1,0
GO:0003351,0.9722127492712346,,,1,0
GO:0003352,0.162394221191036,,,1,0
GO:0003356,0.0828359211524314,,,1,0
GO:0003376,0.5473788429507752,,,1,0
GO:0003382,0.2504871981122373,,,1,0
GO:0003400,0.6255961447809839,,,1,0
GO:0003406,0.9251114192653392,,,1,0
GO:0003674,0.316373760979474,,,1,0
GO:0003707,0.4778425893092912,,,1,0
GO:0003711,0.1651016483119964,,,1,0
GO:0003720,0.18294461280434,,,1,0
GO:0003725,0.2050973399766062,,,1,0
GO:0003726,0.4809332119917315,,,1,0
GO:0003727,0.6922316616710578,,,1,0
GO:0003743,0.6013429049985091,,,1,0
GO:0003746,0.3400270563016009,,,1,0
GO:0003747,0.5787664986824557,,,1,0
GO:0003755,0.4546124517378519,,,1,0
GO:0003756,0.294230233163677,,,1,0
GO:0003774,0.3848107176806903,,,1,0
GO:0003777,0.5430037044265139,,,1,0
GO:0003779,0.4271161827156283,,,1,0
GO:0003785,0.6184066462959188,,,1,0
GO:0003796,0.6364062750365289,,,1,0
GO:0003810,0.0620367269211688,,,1,0
GO:0003824,0.0916244540315838,,,1,0
GO:0003828,0.8772681692687615,,,1,0
GO:0003831,0.2255692649634002,,,1,0
GO:0003836,0.150922006012325,,,1,0
GO:0003841,0.3285135807516741,,,1,0
GO:0003846,0.4056991630952052,,,1,0
GO:0003847,0.5415354419581111,,,1,0
GO:0003857,0.0812838203865233,,,1,0
GO:0003887,0.3814562532979272,,,1,0
GO:0003899,0.755552844324821,,,1,0
GO:0003906,0.3609078091007095,,,1,0
GO:0003916,0.9190181276166942,,,1,0
GO:0003924,0.2803135329990613,,,1,0
GO:0003925,0.9911078992292498,,,1,0
GO:0003945,0.2777556088250379,,,1,0
GO:0003950,0.7764547629587976,,,1,0
GO:0003954,0.8207843859778747,,,1,0
GO:0003960,0.4299792229454517,,,1,0
GO:0003993,0.4585892401080125,,,1,0
GO:0003995,0.7769170530471015,,,1,0
GO:0004000,0.7762346356491686,,,1,0
GO:0004016,0.0659215508759103,,,1,0
GO:0004017,0.5497770024391777,,,1,0
GO:0004029,0.0858205849380291,,,1,0
GO:0004032,0.1325735235915508,,,1,0
GO:0004045,0.1170690255393153,,,1,0
GO:0004046,0.1544517306352858,,,1,0
GO:0004062,0.0591203659397738,,,1,0
GO:0004064,0.294056067701922,,,1,0
GO:0004089,0.5728811034352626,,,1,0
GO:0004111,0.3777514816729601,,,1,0
GO:0004114,0.4173263019978893,,,1,0
GO:0004115,0.1362198757844439,,,1,0
GO:0004126,0.2184702518532827,,,1,0
GO:0004144,0.4125279897536529,,,1,0
GO:0004169,0.6029943004224503,,,1,0
GO:0004177,0.6068591297801273,,,1,0
GO:0004190,0.1113223253593837,,,1,0
GO:0004197,0.424509803254626,,,1,0
GO:0004198,0.4286363697459281,,,1,0
GO:0004222,0.197756111339042,,,1,0
GO:0004239,0.3156260174212048,,,1,0
GO:0004300,0.1193316567502831,,,1,0
GO:0004301,0.6828064603900958,,,1,0
GO:0004303,0.3383579576158569,,,1,0
GO:0004305,0.6718656859836266,,,1,0
GO:0004321,0.6295758397843976,,,1,0
GO:0004340,0.2645165982291306,,,1,0
GO:0004382,0.4984082512345937,,,1,0
GO:0004383,0.8567205961285359,,,1,0
GO:0004385,0.7642583822741084,,,1,0
GO:0004396,0.2645165982291306,,,1,0
GO:0004407,0.5615870756785971,,,1,0
GO:0004415,0.107383317421961,,,1,0
GO:0004430,0.9842368404656944,,,1,0
GO:0004435,0.7046131348817684,,,1,0
GO:0004438,0.5256134638962158,,,1,0
GO:0004439,0.4438870237626551,,,1,0
GO:0004445,0.6476328299360627,,,1,0
GO:0004459,0.4944033246788547,,,1,0
GO:0004465,0.6543556134142017,,,1,0
GO:0004468,0.6531802035819141,,,1,0
GO:0004497,0.8955256127041291,,,1,0
GO:0004499,0.1607355075751075,,,1,0
GO:0004518,0.92655113939837,,,1,0
GO:0004519,0.3590532801897647,,,1,0
GO:0004520,0.235269122865442,,,1,0
GO:0004521,0.0742094563865135,,,1,0
GO:0004523,0.976801629624603,,,1,0
GO:0004526,0.3683172689253513,,,1,0
GO:0004527,0.2565996659800984,,,1,0
GO:0004528,0.368357290608901,,,1,0
GO:0004530,0.4404916191650779,,,1,0
GO:0004532,0.7094422456246161,,,1,0
GO:0004534,0.1144103999547269,,,1,0
GO:0004535,0.1218743672085523,,,1,0
GO:0004536,0.6911302956129524,,,1,0
GO:0004540,0.0645983244634465,,,1,0
GO:0004550,0.2679779111586889,,,1,0
GO:0004556,0.4503347533355647,,,1,0
GO:0004558,0.1624371970125389,,,1,0
GO:0004559,0.3447505957962792,,,1,0
GO:0004571,0.0553600493928912,,,1,0
GO:0004596,0.8443946796228486,,,1,0
GO:0004629,0.6365510933442533,,,1,0
GO:0004645,0.1318659197498168,,,1,0
GO:0004653,0.2682347045101837,,,1,0
GO:0004659,0.3564654472127859,,,1,0
GO:0004663,0.1038871392762894,,,1,0
GO:0004675,0.8456586019159253,,,1,0
GO:0004679,0.3156167710391655,,,1,0
GO:0004683,0.0718074164586654,,,1,0
GO:0004691,0.7197932380907268,,,1,0
GO:0004693,0.678142936590949,,,1,0
GO:0004698,0.0842556232531596,,,1,0
GO:0004703,0.8991991610331641,,,1,0
GO:0004706,0.8465866772732613,,,1,0
GO:0004707,0.4472389486464565,,,1,0
GO:0004708,0.9968115467029384,,,1,0
GO:0004709,0.0639343629267218,,,1,0
GO:0004711,0.8462049360733049,,,1,0
GO:0004712,0.9068775082737308,,,1,0
GO:0004713,0.267819209200653,,,1,0
GO:0004714,0.2329425817924006,,,1,0
GO:0004715,0.8198418469484134,,,1,0
GO:0004720,0.1447376863495809,,,1,0
GO:0004721,0.223861398522887,,,1,0
GO:0004722,0.3241771795049413,,,1,0
GO:0004725,0.6105016106469361,,,1,0
GO:0004726,0.5756713765033392,,,1,0
GO:0004740,0.0640996241199092,,,1,0
GO:0004745,0.5836438265035829,,,1,0
GO:0004758,0.5090247497146287,,,1,0
GO:0004767,0.4068615306966321,,,1,0
GO:0004806,0.3767319730956157,,,1,0
GO:0004842,0.1482492794795757,,,1,0
GO:0004843,0.0827578783706649,,,1,0
GO:0004860,0.1480763144751508,,,1,0
GO:0004861,0.1514438428585288,,,1,0
GO:0004862,0.1493464354483425,,,1,0
GO:0004865,0.3157902075709989,,,1,0
GO:0004869,0.1070329173373921,,,1,0
GO:0004875,0.9857967868357556,,,1,0
GO:0004879,0.2436580901087846,,,1,0
GO:0004888,0.3178140774319716,,,1,0
GO:0004890,0.8321377549211298,,,1,0
GO:0004896,0.742883630448604,,,1,0
GO:0004908,0.4066736690343056,,,1,0
GO:0004930,0.3922925749094905,,,1,0
GO:0004935,0.9084714962106668,,,1,0
GO:0004950,0.0713493451845538,,,1,0
GO:0004952,0.2674956954198169,,,1,0
GO:0004957,0.9193499435039536,,,1,0
GO:0004969,0.4066350099810306,,,1,0
GO:0004970,0.2283375379340088,,,1,0
GO:0004971,0.5065979304049119,,,1,0
GO:0004972,0.281355316976832,,,1,0
GO:0004977,0.1294375060877421,,,1,0
GO:0004978,0.1294375060877421,,,1,0
GO:0004980,0.2576195124398177,,,1,0
GO:0004983,0.3873899627077452,,,1,0
GO:0004985,0.4995185431757004,,,1,0
GO:0004993,0.6503686067969248,,,1,0
GO:0004994,0.8799869940218402,,,1,0
GO:0005000,0.1802594900111901,,,1,0
GO:0005001,0.9055629180484652,,,1,0
GO:0005003,0.1437178246491087,,,1,0
GO:0005004,0.1532843389318492,,,1,0
GO:0005005,0.7053176602512232,,,1,0
GO:0005007,0.6730909687412805,,,1,0
GO:0005021,0.1871084398171122,,,1,0
GO:0005024,0.3790612579700041,,,1,0
GO:0005025,0.5421822393075557,,,1,0
GO:0005031,0.6301811734532701,,,1,0
GO:0005042,0.8134296033577137,,,1,0
GO:0005047,0.3625786146183393,,,1,0
GO:0005078,0.4253562963073234,,,1,0
GO:0005080,0.1364111332495569,,,1,0
GO:0005092,0.2822176666533861,,,1,0
GO:0005095,0.056351334873347,,,1,0
GO:0005102,0.4266686402607974,,,1,0
GO:0005104,0.1042471766856432,,,1,0
GO:0005109,0.2344912163110022,,,1,0
GO:0005112,0.9717093162197944,,,1,0
GO:0005113,0.9001067477018151,,,1,0
GO:0005114,0.1160906152694335,,,1,0
GO:0005123,0.2336267543000137,,,1,0
GO:0005125,0.2323682182789543,,,1,0
GO:0005126,0.8206012574384556,,,1,0
GO:0005127,0.7364756402641032,,,1,0
GO:0005131,0.0829352808897535,,,1,0
GO:0005132,0.4328852904710786,,,1,0
GO:0005134,0.4325097729184833,,,1,0
GO:0005138,0.1517655087952606,,,1,0
GO:0005143,0.6823211802158256,,,1,0
GO:0005154,0.682333464900266,,,1,0
GO:0005158,0.2519797536606352,,,1,0
GO:0005159,0.3006224634069563,,,1,0
GO:0005160,0.7415911096672709,,,1,0
GO:0005161,0.2104891500358674,,,1,0
GO:0005164,0.4971629852795091,,,1,0
GO:0005168,0.1487827150806342,,,1,0
GO:0005178,0.7072071010826328,,,1,0
GO:0005179,0.8421805038014641,,,1,0
GO:0005184,0.17058776797102,,,1,0
GO:0005198,0.6181582205183651,,,1,0
GO:0005200,0.9427438632679024,,,1,0
GO:0005201,0.4019941433273432,,,1,0
GO:0005212,0.8393464168549479,,,1,0
GO:0005216,0.2003559144778802,,,1,0
GO:0005221,0.558310123433029,,,1,0
GO:0005222,0.4447275396181203,,,1,0
GO:0005223,0.9969642787538916,,,1,0
GO:0005225,0.3390699105960487,,,1,0
GO:0005227,0.088888663930545,,,1,0
GO:0005230,0.9524837841374382,,,1,0
GO:0005231,0.4216339246846966,,,1,0
GO:0005242,0.2021235290822272,,,1,0
GO:0005243,0.953244991887642,,,1,0
GO:0005244,0.6460866384735402,,,1,0
GO:0005245,0.7161620785101328,,,1,0
GO:0005247,0.1449846170424612,,,1,0
GO:0005248,0.0502479387501519,,,1,0
GO:0005249,0.2215008981760987,,,1,0
GO:0005251,0.5774983513389642,,,1,0
GO:0005253,0.2611395212858751,,,1,0
GO:0005261,0.8688928912030792,,,1,0
GO:0005262,0.6834532916016074,,,1,0
GO:0005267,0.4995470252994728,,,1,0
GO:0005272,0.4287684501201422,,,1,0
GO:0005280,0.1011212870333072,,,1,0
GO:0005283,0.5549577694177381,,,1,0
GO:0005290,0.650245207115846,,,1,0
GO:0005313,0.5256552528565428,,,1,0
GO:0005314,0.143687469758339,,,1,0
GO:0005315,0.742039964585443,,,1,0
GO:0005319,0.5275045319548131,,,1,0
GO:0005324,0.338849531804664,,,1,0
GO:0005326,0.5418605868802326,,,1,0
GO:0005332,0.0963412780472787,,,1,0
GO:0005337,0.4859421265800664,,,1,0
GO:0005347,0.3100163649409831,,,1,0
GO:0005353,0.4065290922041367,,,1,0
GO:0005372,0.0716798991596513,,,1,0
GO:0005375,0.3280769891749273,,,1,0
GO:0005381,0.3116093037106752,,,1,0
GO:0005384,0.408962776578364,,,1,0
GO:0005385,0.2302017083933174,,,1,0
GO:0005388,0.4732812032685033,,,1,0
GO:0005391,0.6667485913933149,,,1,0
GO:0005436,0.973284624788751,,,1,0
GO:0005452,0.3287711890760902,,,1,0
GO:0005462,0.3230919739164337,,,1,0
GO:0005471,0.462910052051189,,,1,0
GO:0005497,0.1796977464708858,,,1,0
GO:0005499,0.7818542232393219,,,1,0
GO:0005501,0.801565248798882,,,1,0
GO:0005503,0.0688718005444894,,,1,0
GO:0005506,0.2599839182603182,,,1,0
GO:0005509,0.9981577004736448,,,1,0
GO:0005520,0.1308901730220896,,,1,0
GO:0005522,0.5507757682657852,,,1,0
GO:0005525,0.6709100827673313,,,1,0
GO:0005528,0.7850966667013997,,,1,0
GO:0005537,0.0533842206089178,,,1,0
GO:0005539,0.1384743053961312,,,1,0
GO:0005540,0.0698678906114325,,,1,0
GO:0005543,0.4748791140414432,,,1,0
GO:0005544,0.3973177693761835,,,1,0
GO:0005545,0.7509880614289728,,,1,0
GO:0005546,0.3736341045580043,,,1,0
GO:0005547,0.0827354300192277,,,1,0
GO:0005549,0.671952920470146,,,1,0
GO:0005575,0.4235180698290585,,,1,0
GO:0005579,0.3239273725732012,,,1,0
GO:0005581,0.0759191276110701,,,1,0
GO:0005583,0.1374108438443476,,,1,0
GO:0005587,0.2770219244083396,,,1,0
GO:0005604,0.0834203372446698,,,1,0
GO:0005608,0.7410086531393668,,,1,0
GO:0005614,0.2509279775057563,,,1,0
GO:0005638,0.2075617683757622,,,1,0
GO:0005640,0.0819258395490855,,,1,0
GO:0005641,0.176933839811646,,,1,0
GO:0005652,0.7702222348401991,,,1,0
GO:0005655,0.6837089645442065,,,1,0
GO:0005657,0.4444613093670506,,,1,0
GO:0005658,0.0778241197368465,,,1,0
GO:0005662,0.0587335971561476,,,1,0
GO:0005663,0.393480270393437,,,1,0
GO:0005665,0.1187888352466411,,,1,0
GO:0005666,0.1795946811846203,,,1,0
GO:0005669,0.4497540865107921,,,1,0
GO:0005672,0.7755502778158448,,,1,0
GO:0005675,0.3285380614891091,,,1,0
GO:0005677,0.118412536113048,,,1,0
GO:0005680,0.6729964177454575,,,1,0
GO:0005682,0.2201324008022276,,,1,0
GO:0005683,0.1341323625856407,,,1,0
GO:0005684,0.8314983246337195,,,1,0
GO:0005685,0.4981792779130805,,,1,0
GO:0005686,0.1454088930271313,,,1,0
GO:0005687,0.5770856424436694,,,1,0
GO:0005688,0.2828598567454528,,,1,0
GO:0005689,0.5532246107021948,,,1,0
GO:0005691,0.8126842027912197,,,1,0
GO:0005713,0.8981106292541381,,,1,0
GO:0005732,0.1910359559157037,,,1,0
GO:0005736,0.4275328828105669,,,1,0
GO:0005740,0.2910086519968469,,,1,0
GO:0005742,0.8921603716607103,,,1,0
GO:0005744,0.0572909241423639,,,1,0
GO:0005757,0.6003593048863448,,,1,0
GO:0005768,0.6692517958310173,,,1,0
GO:0005774,0.0856160605795638,,,1,0
GO:0005776,0.9329875067664268,,,1,0
GO:0005777,0.1437446945699101,,,1,0
GO:0005778,0.8380115295118356,,,1,0
GO:0005782,0.1284024205352431,,,1,0
GO:0005783,0.193274532993156,,,1,0
GO:0005784,0.3284450291716071,,,1,0
GO:0005787,0.05365799620032,,,1,0
GO:0005788,0.7332058633619845,,,1,0
GO:0005790,0.1102888370579759,,,1,0
GO:0005791,0.0678821416749309,,,1,0
GO:0005793,0.9295855744878048,,,1,0
GO:0005794,0.0575582476296421,,,1,0
GO:0005795,0.7542093278786826,,,1,0
GO:0005796,0.1734746199932751,,,1,0
GO:0005797,0.2034923102913469,,,1,0
GO:0005798,0.3135437126615964,,,1,0
GO:0005802,0.5091351626644607,,,1,0
GO:0005827,0.7348091328148838,,,1,0
GO:0005828,0.1229075474683801,,,1,0
GO:0005829,0.1434009566298644,,,1,0
GO:0005834,0.7935732148306179,,,1,0
GO:0005847,0.9492907574523964,,,1,0
GO:0005849,0.4568254625361976,,,1,0
GO:0005850,0.5143572000559296,,,1,0
GO:0005851,0.2668641780505675,,,1,0
GO:0005858,0.4700391997895289,,,1,0
GO:0005859,0.128255510866821,,,1,0
GO:0005861,0.4733633595964386,,,1,0
GO:0005865,0.8394882274083766,,,1,0
GO:0005871,0.8292678522892916,,,1,0
GO:0005875,0.1876060470774946,,,1,0
GO:0005876,0.9363400669467586,,,1,0
GO:0005879,0.5979839862548979,,,1,0
GO:0005881,0.9186816872475996,,,1,0
GO:0005882,0.8105498710820686,,,1,0
GO:0005884,0.9612366321772736,,,1,0
GO:0005890,0.4189877183388369,,,1,0
GO:0005891,0.1077147889740109,,,1,0
GO:0005892,0.4521286045326865,,,1,0
GO:0005901,0.770391714550072,,,1,0
GO:0005902,0.3344361768753848,,,1,0
GO:0005905,0.2876343758136203,,,1,0
GO:0005915,0.8017731342963526,,,1,0
GO:0005921,0.4471521760374728,,,1,0
GO:0005922,0.8185802678186134,,,1,0
GO:0005940,0.0529644973748258,,,1,0
GO:0005942,0.7814401904434962,,,1,0
GO:0005943,0.98544858407246,,,1,0
GO:0005952,0.2368935814065709,,,1,0
GO:0005954,0.4096811755329163,,,1,0
GO:0005956,0.1866920907306055,,,1,0
GO:0005958,0.4145565338543803,,,1,0
GO:0005960,0.1696685397909229,,,1,0
GO:0005964,0.1373760685247275,,,1,0
GO:0005977,0.2046505907091752,,,1,0
GO:0005978,0.381115322150716,,,1,0
GO:0005979,0.6191979816131439,,,1,0
GO:0005980,0.1941378236232497,,,1,0
GO:0006002,0.811150369926555,,,1,0
GO:0006004,0.1838985948308722,,,1,0
GO:0006013,0.1713487029015629,,,1,0
GO:0006015,0.9268974630862336,,,1,0
GO:0006029,0.6087692047271205,,,1,0
GO:0006032,0.6812032840958735,,,1,0
GO:0006044,0.0572628756183507,,,1,0
GO:0006048,0.6659042667497822,,,1,0
GO:0006054,0.4599120570973888,,,1,0
GO:0006066,0.2074595362046646,,,1,0
GO:0006071,0.2535690455438334,,,1,0
GO:0006072,0.9149706826760448,,,1,0
GO:0006081,0.4488751853781598,,,1,0
GO:0006084,0.7855632605680183,,,1,0
GO:0006085,0.8886204949128887,,,1,0
GO:0006086,0.4918313160267836,,,1,0
GO:0006089,0.1349580795883169,,,1,0
GO:0006099,0.5141438544135097,,,1,0
GO:0006102,0.1130492142061631,,,1,0
GO:0006103,0.6406748512774134,,,1,0
GO:0006104,0.0514592728784809,,,1,0
GO:0006105,0.3465955681939791,,,1,0
GO:0006107,0.8609927800529251,,,1,0
GO:0006108,0.1300102563701098,,,1,0
GO:0006111,0.0568973761305511,,,1,0
GO:0006112,0.4925417363941446,,,1,0
GO:0006121,0.0978989186638435,,,1,0
GO:0006139,0.5624021972890965,,,1,0
GO:0006144,0.9198810548507738,,,1,0
GO:0006166,0.1804067996513271,,,1,0
GO:0006172,0.6446221514717096,,,1,0
GO:0006177,0.0845022395694393,,,1,0
GO:0006182,0.5258950181583169,,,1,0
GO:0006183,0.27717181340954,,,1,0
GO:0006196,0.1819486477924468,,,1,0
GO:0006198,0.0873641248953117,,,1,0
GO:0006204,0.7950358948755609,,,1,0
GO:0006207,0.3495584018534658,,,1,0
GO:0006221,0.0731153195270336,,,1,0
GO:0006222,0.1445114440485897,,,1,0
GO:0006225,0.2665872507274393,,,1,0
GO:0006228,0.4814614499515042,,,1,0
GO:0006231,0.6739473365118887,,,1,0
GO:0006241,0.5242224952142273,,,1,0
GO:0006265,0.766379171900351,,,1,0
GO:0006283,0.3279058535894236,,,1,0
GO:0006284,0.087518653103538,,,1,0
GO:0006285,0.5098502961826943,,,1,0
GO:0006287,0.2309482487216854,,,1,0
GO:0006289,0.1343785753524546,,,1,0
GO:0006297,0.5874803144292093,,,1,0
GO:0006298,0.6082614235523685,,,1,0
GO:0006307,0.4831939206078519,,,1,0
GO:0006308,0.5443549014084066,,,1,0
GO:0006309,0.9339372290737744,,,1,0
GO:0006312,0.8100732174002475,,,1,0
GO:0006334,0.3024578236237781,,,1,0
GO:0006335,0.6575278180714974,,,1,0
GO:0006337,0.0735107830717319,,,1,0
GO:0006352,0.8084481226529158,,,1,0
GO:0006359,0.2263146021669004,,,1,0
GO:0006361,0.5011640447529219,,,1,0
GO:0006362,0.4275328828105669,,,1,0
GO:0006363,0.6020460947271498,,,1,0
GO:0006367,0.2055801199561231,,,1,0
GO:0006369,0.2543530654891108,,,1,0
GO:0006370,0.3866589776489488,,,1,0
GO:0006382,0.473449129365503,,,1,0
GO:0006384,0.830701101926961,,,1,0
GO:0006386,0.245112840702986,,,1,0
GO:0006388,0.7285115169353609,,,1,0
GO:0006390,0.4056669310603125,,,1,0
GO:0006396,0.8202264080583909,,,1,0
GO:0006398,0.1384722250330769,,,1,0
GO:0006415,0.6988447971166396,,,1,0
GO:0006418,0.057406033261596,,,1,0
GO:0006449,0.5331530370494155,,,1,0
GO:0006450,0.3902453231796924,,,1,0
GO:0006470,0.1492151028257571,,,1,0
GO:0006473,0.1577712611640873,,,1,0
GO:0006474,0.3719240649483873,,,1,0
GO:0006479,0.3835710771223792,,,1,0
GO:0006486,0.3885903728788716,,,1,0
GO:0006488,0.8882597138331152,,,1,0
GO:0006491,0.1891435929649014,,,1,0
GO:0006506,0.2043485945196798,,,1,0
GO:0006513,0.5862277703782774,,,1,0
GO:0006516,0.7524086798389936,,,1,0
GO:0006520,0.2617780470432224,,,1,0
GO:0006527,0.7110651938381207,,,1,0
GO:0006531,0.7291637417200759,,,1,0
GO:0006533,0.5818580933092226,,,1,0
GO:0006536,0.8288930492176048,,,1,0
GO:0006544,0.2141026772310901,,,1,0
GO:0006547,0.7637828940522096,,,1,0
GO:0006548,0.970396395246748,,,1,0
GO:0006550,0.1724744475470112,,,1,0
GO:0006552,0.7113869080117105,,,1,0
GO:0006555,0.0914943534319457,,,1,0
GO:0006559,0.4932100071117518,,,1,0
GO:0006562,0.3585678764991401,,,1,0
GO:0006565,0.6818013163002308,,,1,0
GO:0006572,0.2258937762202467,,,1,0
GO:0006574,0.3781487572664277,,,1,0
GO:0006576,0.6674930945402449,,,1,0
GO:0006590,0.1782370274784284,,,1,0
GO:0006595,0.514610751012569,,,1,0
GO:0006596,0.2882015208427969,,,1,0
GO:0006605,0.6442397726421425,,,1,0
GO:0006612,0.2739790959165841,,,1,0
GO:0006613,0.9532391129273364,,,1,0
GO:0006614,0.2188227536585978,,,1,0
GO:0006616,0.9778487453078324,,,1,0
GO:0006620,0.254633960473651,,,1,0
GO:0006622,0.3101089714386531,,,1,0
GO:0006633,0.6776350170037457,,,1,0
GO:0006637,0.3666474679396861,,,1,0
GO:0006640,0.9906039144679544,,,1,0
GO:0006641,0.883621204329211,,,1,0
GO:0006646,0.9590082650133336,,,1,0
GO:0006651,0.6872603347469818,,,1,0
GO:0006654,0.6565836202104184,,,1,0
GO:0006657,0.3333311474118269,,,1,0
GO:0006658,0.3910953968025528,,,1,0
GO:0006665,0.6606460824212194,,,1,0
GO:0006670,0.7731714020750076,,,1,0
GO:0006672,0.1936574416145172,,,1,0
GO:0006684,0.427998466719607,,,1,0
GO:0006685,0.7171839202846608,,,1,0
GO:0006686,0.3449348619870112,,,1,0
GO:0006688,0.8663339968546618,,,1,0
GO:0006690,0.0508666106160708,,,1,0
GO:0006693,0.1173304686492257,,,1,0
GO:0006694,0.5034189470311359,,,1,0
GO:0006695,0.5636216151437756,,,1,0
GO:0006699,0.5919614743368272,,,1,0
GO:0006700,0.5657940956657321,,,1,0
GO:0006702,0.9189141681951136,,,1,0
GO:0006703,0.7065811921936145,,,1,0
GO:0006704,0.3366614006704336,,,1,0
GO:0006706,0.2149394990685145,,,1,0
GO:0006707,0.51914836616832,,,1,0
GO:0006710,0.6336406336131251,,,1,0
GO:0006721,0.735589869708754,,,1,0
GO:0006730,0.4875437259798294,,,1,0
GO:0006740,0.9033015029794512,,,1,0
GO:0006741,0.0606558878826503,,,1,0
GO:0006750,0.1230776645475811,,,1,0
GO:0006751,0.0761099105358345,,,1,0
GO:0006760,0.2373542566623611,,,1,0
GO:0006766,0.3246496394498236,,,1,0
GO:0006771,0.9354743951901864,,,1,0
GO:0006776,0.9161908421108392,,,1,0
GO:0006777,0.6927441755717035,,,1,0
GO:0006784,0.096782301014771,,,1,0
GO:0006801,0.1353557007535073,,,1,0
GO:0006813,0.253729800929697,,,1,0
GO:0006814,0.5526983867518803,,,1,0
GO:0006816,0.7169067089297734,,,1,0
GO:0006817,0.4925812198535437,,,1,0
GO:0006820,0.8934450407146413,,,1,0
GO:0006821,0.2691434321125215,,,1,0
GO:0006824,0.7209613256552023,,,1,0
GO:0006825,0.4210463325354941,,,1,0
GO:0006826,0.2412446730180976,,,1,0
GO:0006828,0.6790141671886383,,,1,0
GO:0006829,0.2525578362881774,,,1,0
GO:0006833,0.8179448179582252,,,1,0
GO:0006836,0.3358695916540185,,,1,0
GO:0006837,0.5913107971180296,,,1,0
GO:0006839,0.8069502022436135,,,1,0
GO:0006851,0.4725843813573315,,,1,0
GO:0006853,0.6434436182561619,,,1,0
GO:0006855,0.4458557800729031,,,1,0
GO:0006862,0.7631641588216702,,,1,0
GO:0006865,0.480581496069412,,,1,0
GO:0006868,0.7876827197814685,,,1,0
GO:0006874,0.5799567835283226,,,1,0
GO:0006879,0.2001512810578288,,,1,0
GO:0006882,0.9957956535729812,,,1,0
GO:0006883,0.5039625722180077,,,1,0
GO:0006884,0.8950582138059656,,,1,0
GO:0006885,0.7550334930268586,,,1,0
GO:0006890,0.6697942079957637,,,1,0
GO:0006891,0.8312878825419799,,,1,0
GO:0006895,0.0589568607611214,,,1,0
GO:0006896,0.0616369816682078,,,1,0
GO:0006900,0.1398821947690685,,,1,0
GO:0006901,0.2112226718260919,,,1,0
GO:0006904,0.5920758753068742,,,1,0
GO:0006929,0.2795151335082514,,,1,0
GO:0006930,0.9769461274024684,,,1,0
GO:0006936,0.1317280792985291,,,1,0
GO:0006937,0.0781671734797572,,,1,0
GO:0006939,0.9341405705870632,,,1,0
GO:0006940,0.9422687890726458,,,1,0
GO:0006942,0.084879167325001,,,1,0
GO:0006957,0.4301866042644983,,,1,0
GO:0006968,0.1663225610526463,,,1,0
GO:0006970,0.4453466118098257,,,1,0
GO:0006972,0.4848332760800683,,,1,0
GO:0006983,0.5853178749974179,,,1,0
GO:0006986,0.6364592251806177,,,1,0
GO:0007006,0.8613083228556556,,,1,0
GO:0007007,0.7123755472653174,,,1,0
GO:0007018,0.0656744685081663,,,1,0
GO:0007019,0.6100438769686769,,,1,0
GO:0007021,0.791156649612971,,,1,0
GO:0007023,0.3968214674653544,,,1,0
GO:0007026,0.8455987153403836,,,1,0
GO:0007031,0.627075712527932,,,1,0
GO:0007043,0.93131553753947,,,1,0
GO:0007051,0.2512741753086523,,,1,0
GO:0007052,0.6900753808039256,,,1,0
GO:0007056,0.4204186875586613,,,1,0
GO:0007064,0.0765865528490273,,,1,0
GO:0007076,0.5943190297009737,,,1,0
GO:0007077,0.6479074208387724,,,1,0
GO:0007080,0.3657631843859888,,,1,0
GO:0007084,0.3907425441430506,,,1,0
GO:0007088,0.1182579175349107,,,1,0
GO:0007094,0.7582429281916765,,,1,0
GO:0007095,0.2714108091077583,,,1,0
GO:0007096,0.3603635646893675,,,1,0
GO:0007099,0.4475711009459507,,,1,0
GO:0007100,0.6320892327156504,,,1,0
GO:0007127,0.8167779382909894,,,1,0
GO:0007129,0.757442032236018,,,1,0
GO:0007130,0.1767632236732196,,,1,0
GO:0007131,0.3920290052121333,,,1,0
GO:0007140,0.1789449313429709,,,1,0
GO:0007141,0.3238575213363514,,,1,0
GO:0007143,0.1717879940427534,,,1,0
GO:0007144,0.1222480428219499,,,1,0
GO:0007157,0.2182095380958586,,,1,0
GO:0007158,0.8618963493458115,,,1,0
GO:0007160,0.3686947378603726,,,1,0
GO:0007168,0.780470373649016,,,1,0
GO:0007172,0.9982646310978108,,,1,0
GO:0007175,0.4820123236473747,,,1,0
GO:0007185,0.6243565558233832,,,1,0
GO:0007186,0.1382362590842042,,,1,0
GO:0007187,0.2414445094792805,,,1,0
GO:0007188,0.1471223555904472,,,1,0
GO:0007189,0.5952625619740036,,,1,0
GO:0007191,0.5766788615757307,,,1,0
GO:0007192,0.9302761568892262,,,1,0
GO:0007193,0.1875759645769961,,,1,0
GO:0007194,0.8784217439258843,,,1,0
GO:0007197,0.2577539653264998,,,1,0
GO:0007198,0.8764032746298143,,,1,0
GO:0007200,0.163102913010174,,,1,0
GO:0007204,0.2585147770118361,,,1,0
GO:0007207,0.8902984124960354,,,1,0
GO:0007208,0.8499607924151921,,,1,0
GO:0007209,0.6557523824016881,,,1,0
GO:0007210,0.1591315749459274,,,1,0
GO:0007212,0.1379712329266979,,,1,0
GO:0007213,0.8420997857738084,,,1,0
GO:0007214,0.6769977390873074,,,1,0
GO:0007217,0.4527642699578446,,,1,0
GO:0007218,0.9793801845058664,,,1,0
GO:0007219,0.15347100595643,,,1,0
GO:0007221,0.9848293857973552,,,1,0
GO:0007229,0.5285714885431347,,,1,0
GO:0007231,0.8456928584971437,,,1,0
GO:0007250,0.4541570562848238,,,1,0
GO:0007254,0.0577701117330181,,,1,0
GO:0007260,0.3533365545658818,,,1,0
GO:0007263,0.7025706724003058,,,1,0
GO:0007266,0.3989048096308616,,,1,0
GO:0007267,0.3035244731547647,,,1,0
GO:0007268,0.1530153639964881,,,1,0
GO:0007269,0.4135786788043798,,,1,0
GO:0007270,0.1793676347808407,,,1,0
GO:0007271,0.337851659953499,,,1,0
GO:0007274,0.112081824634585,,,1,0
GO:0007276,0.3595471317494968,,,1,0
GO:0007281,0.3529999434317924,,,1,0
GO:0007286,0.3443185373640551,,,1,0
GO:0007288,0.090479822499961,,,1,0
GO:0007292,0.2445295766061996,,,1,0
GO:0007338,0.9773475990518744,,,1,0
GO:0007339,0.9036174250792992,,,1,0
GO:0007340,0.2297083945496373,,,1,0
GO:0007341,0.3386188443330059,,,1,0
GO:0007342,0.6710804534136559,,,1,0
GO:0007356,0.2494355285860321,,,1,0
GO:0007368,0.3858664760958681,,,1,0
GO:0007398,0.107301131381802,,,1,0
GO:0007405,0.3168248175536177,,,1,0
GO:0007409,0.538973726126571,,,1,0
GO:0007413,0.1730831228454264,,,1,0
GO:0007416,0.1098110134752395,,,1,0
GO:0007422,0.7314927708399004,,,1,0
GO:0007423,0.1346632532695816,,,1,0
GO:0007492,0.1699805122313513,,,1,0
GO:0007494,0.4255921709040529,,,1,0
GO:0007498,0.6494316055498088,,,1,0
GO:0007506,0.934246462957621,,,1,0
GO:0007512,0.4480303379113876,,,1,0
GO:0007519,0.6630868992500197,,,1,0
GO:0007528,0.0931889137376073,,,1,0
GO:0007530,0.4062301262642654,,,1,0
GO:0007548,0.9013318499405004,,,1,0
GO:0007565,0.5818249248666209,,,1,0
GO:0007566,0.979821767798285,,,1,0
GO:0007584,0.3476224449817627,,,1,0
GO:0007585,0.2113460773123187,,,1,0
GO:0007586,0.081257508632472,,,1,0
GO:0007595,0.9424227238936846,,,1,0
GO:0007597,0.0996948416281303,,,1,0
GO:0007600,0.2842635068071415,,,1,0
GO:0007601,0.0538928640378431,,,1,0
GO:0007602,0.5182509492140528,,,1,0
GO:0007603,0.1146353837910832,,,1,0
GO:0007605,0.309305495490114,,,1,0
GO:0007606,0.3823353311609092,,,1,0
GO:0007611,0.1421717450168886,,,1,0
GO:0007612,0.7844763239919711,,,1,0
GO:0007613,0.9808980590839824,,,1,0
GO:0007614,0.9211900648547248,,,1,0
GO:0007616,0.2756534233268176,,,1,0
GO:0007617,0.166734410455519,,,1,0
GO:0007625,0.5500941900892679,,,1,0
GO:0007626,0.5609716293458755,,,1,0
GO:0007631,0.6721891204850045,,,1,0
GO:0007635,0.4936086963919505,,,1,0
GO:0008016,0.9987601070748824,,,1,0
GO:0008017,0.0518960240140476,,,1,0
GO:0008020,0.2078672835829841,,,1,0
GO:0008023,0.0552055994423855,,,1,0
GO:0008024,0.1516265559620128,,,1,0
GO:0008028,0.5797243933099259,,,1,0
GO:0008038,0.3057703231631853,,,1,0
GO:0008045,0.2989513050093614,,,1,0
GO:0008046,0.3719516990902576,,,1,0
GO:0008047,0.7956825361312202,,,1,0
GO:0008048,0.2355719952477091,,,1,0
GO:0008053,0.332077042006451,,,1,0
GO:0008061,0.6122789281370846,,,1,0
GO:0008066,0.277031709558652,,,1,0
GO:0008076,0.2673146046056472,,,1,0
GO:0008080,0.4519284900086522,,,1,0
GO:0008081,0.2910004613310351,,,1,0
GO:0008083,0.6592948257469708,,,1,0
GO:0008089,0.5850215954343366,,,1,0
GO:0008090,0.2391525959461271,,,1,0
GO:0008091,0.3719305633607066,,,1,0
GO:0008092,0.3681488742699232,,,1,0
GO:0008093,0.354963868020434,,,1,0
GO:0008097,0.0565841572418272,,,1,0
GO:0008106,0.1595831611072039,,,1,0
GO:0008131,0.5734318515626794,,,1,0
GO:0008134,0.2671633485725215,,,1,0
GO:0008135,0.3256885058974911,,,1,0
GO:0008138,0.5175165994732738,,,1,0
GO:0008140,0.4655434129585113,,,1,0
GO:0008142,0.8881197335951592,,,1,0
GO:0008146,0.1189674833941678,,,1,0
GO:0008150,0.4372654780896313,,,1,0
GO:0008156,0.1651885084472942,,,1,0
GO:0008157,0.5627383737473203,,,1,0
GO:0008160,0.2614542149366248,,,1,0
GO:0008170,0.5656668866521215,,,1,0
GO:0008171,0.1959224954624915,,,1,0
GO:0008173,0.0896397443706643,,,1,0
GO:0008175,0.2111584628724317,,,1,0
GO:0008177,0.5402663278959332,,,1,0
GO:0008179,0.8363701666625211,,,1,0
GO:0008180,0.170427549513342,,,1,0
GO:0008188,0.547139874460814,,,1,0
GO:0008190,0.41021966536246,,,1,0
GO:0008194,0.7378815367077882,,,1,0
GO:0008195,0.4422300190186974,,,1,0
GO:0008198,0.9259251978959324,,,1,0
GO:0008199,0.4909730246660505,,,1,0
GO:0008200,0.8479668724659241,,,1,0
GO:0008201,0.1360469532795127,,,1,0
GO:0008202,0.1479129857015804,,,1,0
GO:0008203,0.5947076001537652,,,1,0
GO:0008206,0.6507049471454893,,,1,0
GO:0008209,0.2565853807367928,,,1,0
GO:0008210,0.1657399054539784,,,1,0
GO:0008217,0.4585216189536191,,,1,0
GO:0008228,0.5423863208383022,,,1,0
GO:0008233,0.1317188062027429,,,1,0
GO:0008234,0.3349122776830298,,,1,0
GO:0008235,0.5236508111040753,,,1,0
GO:0008236,0.6698684191920112,,,1,0
GO:0008237,0.6251925453604871,,,1,0
GO:0008238,0.7408872569741283,,,1,0
GO:0008239,0.3604087357146792,,,1,0
GO:0008250,0.262257780473567,,,1,0
GO:0008251,0.5224812109704127,,,1,0
GO:0008253,0.2224538386972477,,,1,0
GO:0008273,0.144964199942519,,,1,0
GO:0008276,0.0761732434742701,,,1,0
GO:0008277,0.2452376719762244,,,1,0
GO:0008286,0.1352191093465728,,,1,0
GO:0008290,0.9789526255576116,,,1,0
GO:0008296,0.4710165791428093,,,1,0
GO:0008299,0.8754530001622326,,,1,0
GO:0008301,0.9727517779565928,,,1,0
GO:0008305,0.9564147017784512,,,1,0
GO:0008306,0.968248874571398,,,1,0
GO:0008307,0.0851313749777136,,,1,0
GO:0008308,1.0,,,1,0
GO:0008310,0.6872825526248685,,,1,0
GO:0008311,0.4989462361526339,,,1,0
GO:0008312,0.6127734271606087,,,1,0
GO:0008318,0.6186147265613029,,,1,0
GO:0008320,0.2804847094252802,,,1,0
GO:0008324,0.1627830070835294,,,1,0
GO:0008327,0.078872399439004,,,1,0
GO:0008330,0.7556781562477,,,1,0
GO:0008331,0.2015297678203974,,,1,0
GO:0008340,0.3670356293989155,,,1,0
GO:0008347,0.0575236039178581,,,1,0
GO:0008349,0.2473017109708517,,,1,0
GO:0008353,0.5593255197951295,,,1,0
GO:0008356,0.5644919627235789,,,1,0
GO:0008373,0.973567067066048,,,1,0
GO:0008374,0.4097070902523628,,,1,0
GO:0008375,0.1290841678470096,,,1,0
GO:0008376,0.2153323112966049,,,1,0
GO:0008378,0.3622819826259782,,,1,0
GO:0008381,0.9993465024352312,,,1,0
GO:0008385,0.2906901374975804,,,1,0
GO:0008392,0.631281727758301,,,1,0
GO:0008395,0.8361299026898565,,,1,0
GO:0008401,0.4552607136582705,,,1,0
GO:0008409,0.6313305630603114,,,1,0
GO:0008417,0.7263611775758515,,,1,0
GO:0008420,0.3784198467765007,,,1,0
GO:0008429,0.3731734705340895,,,1,0
GO:0008432,0.817713456856805,,,1,0
GO:0008474,0.666544426758735,,,1,0
GO:0008483,0.6054022717102352,,,1,0
GO:0008486,0.3639426233070878,,,1,0
GO:0008494,0.3775734638407451,,,1,0
GO:0008499,0.2287104739360819,,,1,0
GO:0008503,0.0702225370863204,,,1,0
GO:0008504,0.7350258631923874,,,1,0
GO:0008508,0.8390191224538662,,,1,0
GO:0008509,0.1143727726296764,,,1,0
GO:0008519,0.1259260271342588,,,1,0
GO:0008525,0.9024097379117308,,,1,0
GO:0008526,0.5647288959631945,,,1,0
GO:0008527,0.1705560097022735,,,1,0
GO:0008528,0.93333031008496,,,1,0
GO:0008532,0.2415260194031627,,,1,0
GO:0008535,0.3536893896526784,,,1,0
GO:0008540,0.2091412197820381,,,1,0
GO:0008542,0.3725938974615198,,,1,0
GO:0008556,0.7989043299516219,,,1,0
GO:0008559,0.6969920655936386,,,1,0
GO:0008569,0.1326740349812937,,,1,0
GO:0008574,0.1217344482901224,,,1,0
GO:0008582,0.3835636065144417,,,1,0
GO:0008584,0.0821631879179171,,,1,0
GO:0008585,0.7966959710949517,,,1,0
GO:0008595,0.6976204988831096,,,1,0
GO:0008597,0.2604086221870862,,,1,0
GO:0008603,0.2706015726478056,,,1,0
GO:0008608,0.2203744218695319,,,1,0
GO:0008611,0.8168683768385153,,,1,0
GO:0008622,0.4552163855502613,,,1,0
GO:0008625,0.9091456697995424,,,1,0
GO:0008626,0.4547940226274163,,,1,0
GO:0008641,0.8276770655992884,,,1,0
GO:0008652,0.14200272004562,,,1,0
GO:0008656,0.5273973049852334,,,1,0
GO:0008753,0.4105190174486525,,,1,0
GO:0008757,0.368606012406682,,,1,0
GO:0008821,0.6429327066983528,,,1,0
GO:0008865,0.2645165982291306,,,1,0
GO:0008889,0.0849191863130367,,,1,0
GO:0008970,0.0514358728582276,,,1,0
GO:0009003,0.4322165416484547,,,1,0
GO:0009048,0.2238238450004028,,,1,0
GO:0009052,0.0942696674142928,,,1,0
GO:0009058,0.1094127733266043,,,1,0
GO:0009062,0.1951827450738964,,,1,0
GO:0009063,0.1623727364976609,,,1,0
GO:0009072,0.8329174472041808,,,1,0
GO:0009083,0.8203458209300436,,,1,0
GO:0009101,0.0682917876039422,,,1,0
GO:0009113,0.0573715838655897,,,1,0
GO:0009116,0.3170492618850224,,,1,0
GO:0009143,0.5765538036972877,,,1,0
GO:0009190,0.2324282530675938,,,1,0
GO:0009229,0.9057774923587688,,,1,0
GO:0009235,0.2789460954514099,,,1,0
GO:0009247,0.0864043105699663,,,1,0
GO:0009249,0.6420868543640367,,,1,0
GO:0009266,0.2690181946525949,,,1,0
GO:0009268,0.11496313745729,,,1,0
GO:0009303,0.5331270768539266,,,1,0
GO:0009306,0.7959323803818646,,,1,0
GO:0009308,0.3377863698843163,,,1,0
GO:0009311,0.9142726861219596,,,1,0
GO:0009312,0.3285270288893436,,,1,0
GO:0009313,0.9497525960010036,,,1,0
GO:0009378,0.4909836351622929,,,1,0
GO:0009395,0.5418756195507577,,,1,0
GO:0009404,0.7601914600379645,,,1,0
GO:0009408,0.8024403183950537,,,1,0
GO:0009409,0.3975745702930769,,,1,0
GO:0009437,0.6892094004138211,,,1,0
GO:0009449,0.9306737340981308,,,1,0
GO:0009566,0.5279241301541836,,,1,0
GO:0009584,0.1123698076792742,,,1,0
GO:0009612,0.7116187544865369,,,1,0
GO:0009629,0.0618112786124689,,,1,0
GO:0009637,0.443695101157152,,,1,0
GO:0009642,0.9830156587298656,,,1,0
GO:0009650,0.1819913628888576,,,1,0
GO:0009651,0.7302916571757592,,,1,0
GO:0009743,0.3443248477958706,,,1,0
GO:0009749,0.4659149150048133,,,1,0
GO:0009792,0.2096151743838336,,,1,0
GO:0009804,0.3235276191462606,,,1,0
GO:0009881,0.0555659152280283,,,1,0
GO:0009897,0.536656694321142,,,1,0
GO:0009898,0.4495733400853077,,,1,0
GO:0009913,0.8128130212658079,,,1,0
GO:0009922,0.3340106002916349,,,1,0
GO:0009925,0.5196785004511284,,,1,0
GO:0009931,0.1971191722948928,,,1,0
GO:0009948,0.5494981043415287,,,1,0
GO:0009950,0.1035305787940438,,,1,0
GO:0009952,0.605547063100867,,,1,0
GO:0009953,0.990106729663297,,,1,0
GO:0009954,0.7494115104748906,,,1,0
GO:0009982,0.2722130099406266,,,1,0
GO:0009986,0.2179933392887687,,,1,0
GO:0009988,0.745796893817239,,,1,0
GO:0009992,0.5731045503074508,,,1,0
GO:0010038,0.4685570924313883,,,1,0
GO:0010039,0.5669924651241114,,,1,0
GO:0010040,0.1998179611281026,,,1,0
GO:0010042,0.0847771005554074,,,1,0
GO:0010043,0.7363066648789702,,,1,0
GO:0010142,0.6818156772112605,,,1,0
GO:0010165,0.3564805590029108,,,1,0
GO:0010172,0.1775402593562508,,,1,0
GO:0010181,0.6117937835188829,,,1,0
GO:0010225,0.6862909210877355,,,1,0
GO:0010248,0.984688850837282,,,1,0
GO:0010255,0.2508816320171727,,,1,0
GO:0010288,0.311637101491139,,,1,0
GO:0010310,0.4621483144380471,,,1,0
GO:0010324,0.1256664962709083,,,1,0
GO:0010369,0.4843342964768177,,,1,0
GO:0010385,0.1960452521693264,,,1,0
GO:0010387,0.522340298525023,,,1,0
GO:0010389,0.2683671093249234,,,1,0
GO:0010430,0.7728281198598566,,,1,0
GO:0010447,0.2787096716674662,,,1,0
GO:0010455,0.7123641772808588,,,1,0
GO:0010458,0.2959803269218379,,,1,0
GO:0010460,0.5322371225269402,,,1,0
GO:0010485,0.3026011973175301,,,1,0
GO:0010507,0.6378407938475824,,,1,0
GO:0010508,0.5064244964699895,,,1,0
GO:0010510,0.122310592229507,,,1,0
GO:0010521,0.8870222392639173,,,1,0
GO:0010524,0.5145066634436326,,,1,0
GO:0010526,0.349631257526331,,,1,0
GO:0010544,0.6321744764706996,,,1,0
GO:0010560,0.2916196865470017,,,1,0
GO:0010561,0.4008675587888108,,,1,0
GO:0010565,0.0783554391083923,,,1,0
GO:0010571,0.07607789667901,,,1,0
GO:0010573,0.6903869098150819,,,1,0
GO:0010575,0.5690586816248389,,,1,0
GO:0010586,0.0531754881754227,,,1,0
GO:0010591,0.4495574077807563,,,1,0
GO:0010592,0.3896748183346908,,,1,0
GO:0010593,0.5241917561715682,,,1,0
GO:0010595,0.0878598163017699,,,1,0
GO:0010596,0.9786820140261764,,,1,0
GO:0010608,0.0777263928248953,,,1,0
GO:0010613,0.1008276524110798,,,1,0
GO:0010614,0.994128013629114,,,1,0
GO:0010626,0.4098886870459102,,,1,0
GO:0010631,0.946337037081368,,,1,0
GO:0010633,0.9903738437888115,,,1,0
GO:0010634,0.6441400034866103,,,1,0
GO:0010637,0.0891782306336571,,,1,0
GO:0010641,0.7052181468382168,,,1,0
GO:0010642,0.4550450171680225,,,1,0
GO:0010644,0.0954629179245293,,,1,0
GO:0010649,0.8773711508735158,,,1,0
GO:0010659,0.7154616845473054,,,1,0
GO:0010664,0.7868067843801313,,,1,0
GO:0010666,0.3518256416222588,,,1,0
GO:0010667,0.0735141371235347,,,1,0
GO:0010669,0.2827443934005204,,,1,0
GO:0010698,0.375899823645795,,,1,0
GO:0010700,0.449434806016225,,,1,0
GO:0010715,0.6970615140541281,,,1,0
GO:0010716,0.2586852000344607,,,1,0
GO:0010717,0.6353924931527979,,,1,0
GO:0010718,0.0938589645364922,,,1,0
GO:0010719,0.7632889925224978,,,1,0
GO:0010744,0.0518021997908968,,,1,0
GO:0010754,0.2658957976562667,,,1,0
GO:0010757,0.0578577102345185,,,1,0
GO:0010759,0.0814327253940718,,,1,0
GO:0010760,0.7002353231918041,,,1,0
GO:0010761,0.6011646192431732,,,1,0
GO:0010762,0.4864695577350255,,,1,0
GO:0010763,0.4188364956274276,,,1,0
GO:0010764,0.5284867352464511,,,1,0
GO:0010765,0.5001403656350116,,,1,0
GO:0010792,0.1203171827010483,,,1,0
GO:0010793,0.8977413979170223,,,1,0
GO:0010800,0.6610272342543692,,,1,0
GO:0010803,0.7680333554140557,,,1,0
GO:0010804,0.0597545022255514,,,1,0
GO:0010807,0.1690426527053757,,,1,0
GO:0010810,0.3445466591502233,,,1,0
GO:0010811,0.1044981829502765,,,1,0
GO:0010812,0.602229355051594,,,1,0
GO:0010815,0.1991092358916582,,,1,0
GO:0010820,0.4532425452287488,,,1,0
GO:0010828,0.2783907158663384,,,1,0
GO:0010829,0.1184770679801513,,,1,0
GO:0010831,0.7987023971397895,,,1,0
GO:0010832,0.8380069873080831,,,1,0
GO:0010837,0.8042277269206657,,,1,0
GO:0010838,0.6378618712901627,,,1,0
GO:0010839,0.073321917069937,,,1,0
GO:0010855,0.2675419443106632,,,1,0
GO:0010856,0.8000837779820589,,,1,0
GO:0010868,0.3678322294791671,,,1,0
GO:0010874,0.4981384909443328,,,1,0
GO:0010880,0.5274428788431138,,,1,0
GO:0010881,0.8092181961122277,,,1,0
GO:0010882,0.4478296836599947,,,1,0
GO:0010883,0.7763999576548577,,,1,0
GO:0010884,0.3657271572083054,,,1,0
GO:0010886,0.9287195276416595,,,1,0
GO:0010888,0.1039032097023132,,,1,0
GO:0010897,0.7544078011715049,,,1,0
GO:0010898,0.0755074888125656,,,1,0
GO:0010903,0.4600874807031331,,,1,0
GO:0010906,0.7237013896617654,,,1,0
GO:0010907,0.6785055699520001,,,1,0
GO:0010917,0.1295761342016363,,,1,0
GO:0010918,0.9803945429642784,,,1,0
GO:0010923,0.8104986961367264,,,1,0
GO:0010936,0.6176463219665351,,,1,0
GO:0010944,0.0569031472641394,,,1,0
GO:0010945,0.3733233741612654,,,1,0
GO:0010951,0.36598802295646,,,1,0
GO:0010954,0.306541819740182,,,1,0
GO:0010955,0.2191513218647466,,,1,0
GO:0010959,0.5334817424292153,,,1,0
GO:0010960,0.3295576150327002,,,1,0
GO:0010968,0.2617825366230339,,,1,0
GO:0010970,0.571501205954881,,,1,0
GO:0010971,0.4642628125427511,,,1,0
GO:0010972,0.4982335141010994,,,1,0
GO:0010977,0.2835120831846563,,,1,0
GO:0010983,0.4562165279013274,,,1,0
GO:0010989,0.0781332924847334,,,1,0
GO:0010996,0.1738630165686824,,,1,0
GO:0010997,0.0813459043373438,,,1,0
GO:0012505,0.0771403339661767,,,1,0
GO:0012506,0.3945881836959547,,,1,0
GO:0012507,0.1341985684281703,,,1,0
GO:0014002,0.910478186877282,,,1,0
GO:0014003,0.2240955069324995,,,1,0
GO:0014009,0.8723333607041586,,,1,0
GO:0014012,0.1317194093766571,,,1,0
GO:0014029,0.1240479158955672,,,1,0
GO:0014031,0.3967169011931255,,,1,0
GO:0014032,0.1309065051654527,,,1,0
GO:0014037,0.8638638608200017,,,1,0
GO:0014044,0.5006662572805929,,,1,0
GO:0014047,0.954665973339327,,,1,0
GO:0014049,0.0938782636945984,,,1,0
GO:0014059,0.0639248311642858,,,1,0
GO:0014074,0.690996713541769,,,1,0
GO:0014075,0.8530790690610572,,,1,0
GO:0014701,0.3425104278287914,,,1,0
GO:0014704,0.7985604868307032,,,1,0
GO:0014731,0.7074284128359584,,,1,0
GO:0014808,0.8446893558162685,,,1,0
GO:0014819,0.4403831517057984,,,1,0
GO:0014823,0.8706367147161359,,,1,0
GO:0014824,0.2223440080214002,,,1,0
GO:0014829,0.8088199185549757,,,1,0
GO:0014850,0.9648077256666492,,,1,0
GO:0014894,0.4874448911364567,,,1,0
GO:0014898,0.7593839917957603,,,1,0
GO:0014902,0.6751002222925604,,,1,0
GO:0014909,0.6052938979610543,,,1,0
GO:0014910,0.7694646858404101,,,1,0
GO:0014911,0.8272352640780415,,,1,0
GO:0014912,0.5944234903212176,,,1,0
GO:0015012,0.7087403778576199,,,1,0
GO:0015020,0.9191129520012112,,,1,0
GO:0015035,0.2286971902908708,,,1,0
GO:0015036,0.547973862915323,,,1,0
GO:0015057,0.0793535020683012,,,1,0
GO:0015074,0.0872864047906437,,,1,0
GO:0015075,0.64712596450725,,,1,0
GO:0015081,0.4677087940238195,,,1,0
GO:0015085,0.3004806258860745,,,1,0
GO:0015093,0.2644377975226153,,,1,0
GO:0015106,0.220959860582031,,,1,0
GO:0015108,0.9257596123029792,,,1,0
GO:0015111,0.2801828713682345,,,1,0
GO:0015116,0.4928242675798251,,,1,0
GO:0015125,0.2366644724334431,,,1,0
GO:0015129,0.7276162008192875,,,1,0
GO:0015132,0.0875704963170389,,,1,0
GO:0015139,0.4431708421185772,,,1,0
GO:0015141,0.7841147412771261,,,1,0
GO:0015143,0.2950647085991998,,,1,0
GO:0015149,0.8845247721381738,,,1,0
GO:0015165,0.0953101721627653,,,1,0
GO:0015171,0.5638305538021398,,,1,0
GO:0015174,0.4323922507094704,,,1,0
GO:0015175,0.7276022104026716,,,1,0
GO:0015179,0.6025692405751536,,,1,0
GO:0015180,0.521791719435653,,,1,0
GO:0015183,0.6754000275895176,,,1,0
GO:0015185,0.2138078161235456,,,1,0
GO:0015186,0.7876827197814685,,,1,0
GO:0015187,0.083713535633791,,,1,0
GO:0015189,0.3743219651873817,,,1,0
GO:0015190,0.8379136823339234,,,1,0
GO:0015193,0.1090890422714768,,,1,0
GO:0015194,0.7246139657770172,,,1,0
GO:0015204,0.700952280271882,,,1,0
GO:0015207,0.3304767959239828,,,1,0
GO:0015213,0.4236428248420687,,,1,0
GO:0015220,0.2765935186715316,,,1,0
GO:0015232,0.8166124555105496,,,1,0
GO:0015234,0.7806773859610077,,,1,0
GO:0015250,0.2410237834058907,,,1,0
GO:0015252,0.3932432031296283,,,1,0
GO:0015254,0.0971011719039189,,,1,0
GO:0015267,0.2102851216301255,,,1,0
GO:0015269,0.15772747410678,,,1,0
GO:0015271,0.940835737867559,,,1,0
GO:0015272,0.9461348799774252,,,1,0
GO:0015276,0.3056122598956748,,,1,0
GO:0015277,0.6047701954268052,,,1,0
GO:0015278,0.1384472761812037,,,1,0
GO:0015279,0.1615435788546874,,,1,0
GO:0015280,0.9639436249982994,,,1,0
GO:0015291,0.7436776296603715,,,1,0
GO:0015293,0.9235769233980984,,,1,0
GO:0015297,0.416244807108214,,,1,0
GO:0015349,0.4025165732753725,,,1,0
GO:0015370,0.0619599330920347,,,1,0
GO:0015377,0.8980730898000732,,,1,0
GO:0015379,0.1582635643129952,,,1,0
GO:0015385,0.8344240288926209,,,1,0
GO:0015386,0.3095547305503716,,,1,0
GO:0015431,0.4753958972367418,,,1,0
GO:0015464,0.1000799437445559,,,1,0
GO:0015485,0.2467707011056708,,,1,0
GO:0015501,0.143687469758339,,,1,0
GO:0015562,0.5524727056303406,,,1,0
GO:0015606,0.4150220980425328,,,1,0
GO:0015629,0.2075535705376989,,,1,0
GO:0015630,0.3342040655081326,,,1,0
GO:0015643,0.2642729631973515,,,1,0
GO:0015645,0.6295758397843976,,,1,0
GO:0015651,0.8506248213109152,,,1,0
GO:0015677,0.4444569747287138,,,1,0
GO:0015695,0.4282427308300677,,,1,0
GO:0015697,0.8506248213109152,,,1,0
GO:0015701,0.989945857595626,,,1,0
GO:0015705,0.0922961159781206,,,1,0
GO:0015711,0.4109326227410026,,,1,0
GO:0015718,0.0701269800157297,,,1,0
GO:0015721,0.4605982457267272,,,1,0
GO:0015732,0.0875704963170389,,,1,0
GO:0015734,0.4621523382244595,,,1,0
GO:0015742,0.3223000498520885,,,1,0
GO:0015747,0.3810196216382461,,,1,0
GO:0015755,0.5034096379963204,,,1,0
GO:0015757,0.215158637981351,,,1,0
GO:0015793,0.4559328044323979,,,1,0
GO:0015804,0.8005971969045558,,,1,0
GO:0015808,0.4720468009854068,,,1,0
GO:0015810,0.2343948977710923,,,1,0
GO:0015811,0.1045545288998281,,,1,0
GO:0015813,0.612641129856234,,,1,0
GO:0015820,0.7178659764658262,,,1,0
GO:0015823,0.6544949712960022,,,1,0
GO:0015824,0.9493137480202486,,,1,0
GO:0015825,0.7246139657770172,,,1,0
GO:0015827,0.0602130300521384,,,1,0
GO:0015833,0.5490018519508588,,,1,0
GO:0015837,0.1701849193775979,,,1,0
GO:0015844,0.4857419086582595,,,1,0
GO:0015847,0.4619960509085312,,,1,0
GO:0015848,0.1814307161150511,,,1,0
GO:0015853,0.1488286029486278,,,1,0
GO:0015860,0.4784239916183566,,,1,0
GO:0015862,0.4236428248420687,,,1,0
GO:0015867,0.5144322646918917,,,1,0
GO:0015871,0.146750959388649,,,1,0
GO:0015872,0.7750127893895516,,,1,0
GO:0015874,0.4155263117892191,,,1,0
GO:0015881,0.6271660520149651,,,1,0
GO:0015884,0.4811167162568719,,,1,0
GO:0015886,0.9064451271139256,,,1,0
GO:0015889,0.977840567096533,,,1,0
GO:0015917,0.063439991936543,,,1,0
GO:0015918,0.5864503614928172,,,1,0
GO:0015934,0.055165071358279,,,1,0
GO:0015936,0.1094563713493342,,,1,0
GO:0015937,0.0946038294826731,,,1,0
GO:0015939,0.6702780308118301,,,1,0
GO:0015949,0.1364940128974865,,,1,0
GO:0016004,0.3008720018907032,,,1,0
GO:0016010,0.0796801091595059,,,1,0
GO:0016011,0.1812090459675032,,,1,0
GO:0016012,0.0967206280757759,,,1,0
GO:0016015,0.218911532602735,,,1,0
GO:0016018,0.3934616608898603,,,1,0
GO:0016038,0.8842415274563445,,,1,0
GO:0016051,0.1191127450827184,,,1,0
GO:0016071,0.0505840224346075,,,1,0
GO:0016075,0.3630118251452142,,,1,0
GO:0016078,0.3365309397008683,,,1,0
GO:0016079,0.0986828402505694,,,1,0
GO:0016081,0.3076808754807104,,,1,0
GO:0016082,0.5744561442067582,,,1,0
GO:0016098,0.10814332309407,,,1,0
GO:0016125,0.1458071266318707,,,1,0
GO:0016126,0.8040657509380179,,,1,0
GO:0016167,0.8317657114432587,,,1,0
GO:0016174,0.3465672370797699,,,1,0
GO:0016175,0.4929154270439336,,,1,0
GO:0016176,0.1662770870356844,,,1,0
GO:0016180,0.1509059339464935,,,1,0
GO:0016183,0.5123541332369669,,,1,0
GO:0016185,0.2552688487130112,,,1,0
GO:0016188,0.3286298753700745,,,1,0
GO:0016208,0.9469712475497796,,,1,0
GO:0016212,0.932803904163178,,,1,0
GO:0016226,0.0840488170795236,,,1,0
GO:0016233,0.5362973714758175,,,1,0
GO:0016234,0.1943708485909931,,,1,0
GO:0016239,0.5907541853277029,,,1,0
GO:0016240,0.6032047690780915,,,1,0
GO:0016241,0.2708851843847965,,,1,0
GO:0016242,0.608806252011229,,,1,0
GO:0016247,0.6800907496171571,,,1,0
GO:0016251,0.9975820773290384,,,1,0
GO:0016255,0.7828060741029856,,,1,0
GO:0016266,0.1229185094514366,,,1,0
GO:0016279,0.3798748223579483,,,1,0
GO:0016281,0.2157959034390437,,,1,0
GO:0016303,0.717393914479302,,,1,0
GO:0016308,0.6119420142254663,,,1,0
GO:0016314,0.9925834934404332,,,1,0
GO:0016320,0.1533213791354942,,,1,0
GO:0016324,0.934181532092009,,,1,0
GO:0016327,0.8147958202672212,,,1,0
GO:0016328,0.3635310874697389,,,1,0
GO:0016338,0.8399143597082243,,,1,0
GO:0016339,0.5989479004953375,,,1,0
GO:0016342,0.8814194432470287,,,1,0
GO:0016358,0.1600558576045462,,,1,0
GO:0016361,0.6700799939870963,,,1,0
GO:0016405,0.4539552673337774,,,1,0
GO:0016407,0.1059904703073595,,,1,0
GO:0016409,0.8970890455034047,,,1,0
GO:0016410,0.1403848507374557,,,1,0
GO:0016423,0.4385495692335409,,,1,0
GO:0016441,0.0511294174233743,,,1,0
GO:0016442,0.0527745678139097,,,1,0
GO:0016446,0.2443416096522999,,,1,0
GO:0016459,0.8353600680276094,,,1,0
GO:0016460,0.1864657493350869,,,1,0
GO:0016461,0.7601961514031499,,,1,0
GO:0016462,0.7161681838695859,,,1,0
GO:0016469,0.1667357899059883,,,1,0
GO:0016485,0.1468303307107124,,,1,0
GO:0016486,0.9708759701776468,,,1,0
GO:0016494,0.1015878648718293,,,1,0
GO:0016500,0.1005187850323791,,,1,0
GO:0016525,0.5439821315462323,,,1,0
GO:0016528,0.7210788469028209,,,1,0
GO:0016529,0.1470457995209744,,,1,0
GO:0016531,0.0572966735232691,,,1,0
GO:0016538,0.3046543756263803,,,1,0
GO:0016540,0.1564698754504763,,,1,0
GO:0016554,0.6445968613505142,,,1,0
GO:0016556,0.0697303244239239,,,1,0
GO:0016558,0.2695608884560833,,,1,0
GO:0016561,0.1223171501044728,,,1,0
GO:0016562,0.3919332264314732,,,1,0
GO:0016589,0.0929698583603246,,,1,0
GO:0016592,0.5695213635014794,,,1,0
GO:0016593,0.6897726599571994,,,1,0
GO:0016594,0.2841347210456306,,,1,0
GO:0016595,0.1854085220167977,,,1,0
GO:0016597,0.8633506359691057,,,1,0
GO:0016600,0.9731468500029498,,,1,0
GO:0016602,0.754652122358034,,,1,0
GO:0016614,0.651042785745044,,,1,0
GO:0016616,0.1037424877811297,,,1,0
GO:0016620,0.1961634334692817,,,1,0
GO:0016624,0.3489510688267986,,,1,0
GO:0016627,0.243439403730714,,,1,0
GO:0016628,0.3843034564044004,,,1,0
GO:0016641,0.1447376863495809,,,1,0
GO:0016651,0.0990472473224228,,,1,0
GO:0016655,0.5812003058592152,,,1,0
GO:0016684,0.5719908314013255,,,1,0
GO:0016702,0.4215526110839435,,,1,0
GO:0016705,0.2983417393052652,,,1,0
GO:0016709,0.8526132502747681,,,1,0
GO:0016712,0.3438637474484225,,,1,0
GO:0016717,0.1529309255773003,,,1,0
GO:0016746,0.9824607896056814,,,1,0
GO:0016747,0.8279706013364692,,,1,0
GO:0016757,0.3291821844398473,,,1,0
GO:0016758,0.5093671530860839,,,1,0
GO:0016763,0.1207410751835261,,,1,0
GO:0016765,0.4863087017722951,,,1,0
GO:0016772,0.863873647228359,,,1,0
GO:0016776,0.9683797241258238,,,1,0
GO:0016779,0.5426693019255008,,,1,0
GO:0016780,0.5985342930031357,,,1,0
GO:0016783,0.2646612461061775,,,1,0
GO:0016787,0.1221847858395866,,,1,0
GO:0016788,0.5960698994875562,,,1,0
GO:0016791,0.3345768396476973,,,1,0
GO:0016798,0.0933713754114632,,,1,0
GO:0016799,0.7408466274814878,,,1,0
GO:0016805,0.7359861103814231,,,1,0
GO:0016810,0.2647084488267919,,,1,0
GO:0016811,0.1097997738778984,,,1,0
GO:0016818,0.8671105889181245,,,1,0
GO:0016830,0.6047722755187878,,,1,0
GO:0016831,0.4840473412219503,,,1,0
GO:0016836,0.2830578243564465,,,1,0
GO:0016849,0.3355245276415912,,,1,0
GO:0016853,0.2749491646569859,,,1,0
GO:0016857,0.5115034886754224,,,1,0
GO:0016868,0.7854909435095343,,,1,0
GO:0016874,0.3144153210361512,,,1,0
GO:0016877,0.9104348992215432,,,1,0
GO:0016878,0.7624104589151579,,,1,0
GO:0016891,0.8688385802352618,,,1,0
GO:0016907,0.4085457061804574,,,1,0
GO:0016917,0.5973351320050768,,,1,0
GO:0016918,0.3343964225477887,,,1,0
GO:0016926,0.1319051770985751,,,1,0
GO:0016929,0.5966956723753623,,,1,0
GO:0016971,0.1786454245527811,,,1,0
GO:0016972,0.1329714493197745,,,1,0
GO:0016973,0.737223824601288,,,1,0
GO:0017017,0.94297528994274,,,1,0
GO:0017020,0.2767337559588404,,,1,0
GO:0017025,0.0834782238452169,,,1,0
GO:0017038,0.1937124651489044,,,1,0
GO:0017040,0.4351965005973809,,,1,0
GO:0017046,0.1251304055589561,,,1,0
GO:0017059,0.433701054941238,,,1,0
GO:0017069,0.5168208931813993,,,1,0
GO:0017071,0.6086094156312752,,,1,0
GO:0017075,0.7610997649457238,,,1,0
GO:0017076,0.6655446726827028,,,1,0
GO:0017077,0.4960248880516213,,,1,0
GO:0017080,0.0850777876949754,,,1,0
GO:0017081,0.1011022998077612,,,1,0
GO:0017083,0.5044712634434936,,,1,0
GO:0017101,0.2610700683455563,,,1,0
GO:0017108,0.8586278830973266,,,1,0
GO:0017110,0.6918882547101114,,,1,0
GO:0017111,0.4986791513951487,,,1,0
GO:0017119,0.4025695839161138,,,1,0
GO:0017124,0.2486231595547383,,,1,0
GO:0017128,0.0989484056148584,,,1,0
GO:0017136,0.9908495615095694,,,1,0
GO:0017145,0.5329308037519626,,,1,0
GO:0017146,0.1534712532432647,,,1,0
GO:0017147,0.7033213844927177,,,1,0
GO:0017154,0.3794695516795983,,,1,0
GO:0017157,0.3783053877921367,,,1,0
GO:0017158,0.4383297018274444,,,1,0
GO:0017162,0.3846788379120721,,,1,0
GO:0017166,0.6088292226365245,,,1,0
GO:0017171,0.8679521136216337,,,1,0
GO:0017183,0.1813516994248216,,,1,0
GO:0017185,0.2079538236586785,,,1,0
GO:0018022,0.4501066571519923,,,1,0
GO:0018023,0.2394650095726197,,,1,0
GO:0018026,0.3457132200839161,,,1,0
GO:0018027,0.0992540245733892,,,1,0
GO:0018095,0.2548067518891097,,,1,0
GO:0018107,0.5160259578955075,,,1,0
GO:0018126,0.8095817029386666,,,1,0
GO:0018146,0.3482827615021929,,,1,0
GO:0018149,0.3046164707256241,,,1,0
GO:0018230,0.2205209240545316,,,1,0
GO:0018342,0.4315467312790049,,,1,0
GO:0018344,0.3990607300491708,,,1,0
GO:0018345,0.2262839434438457,,,1,0
GO:0018393,0.1065343995269691,,,1,0
GO:0018685,0.1850522263653483,,,1,0
GO:0018812,0.335222136613637,,,1,0
GO:0019001,0.8678205445646148,,,1,0
GO:0019003,0.583275363357787,,,1,0
GO:0019005,0.0973254009747628,,,1,0
GO:0019065,0.2312190665136611,,,1,0
GO:0019068,0.2404740624860261,,,1,0
GO:0019104,0.7551097763758623,,,1,0
GO:0019205,0.636101991860207,,,1,0
GO:0019208,0.4820625372653149,,,1,0
GO:0019210,0.938863513417674,,,1,0
GO:0019211,0.2705785637907124,,,1,0
GO:0019212,0.6838741392473755,,,1,0
GO:0019213,0.1891775022739054,,,1,0
GO:0019215,0.1929830177887311,,,1,0
GO:0019216,0.5486380705845664,,,1,0
GO:0019217,0.7422371811070523,,,1,0
GO:0019226,0.5627948131526288,,,1,0
GO:0019228,0.6442914254505542,,,1,0
GO:0019229,0.4204834119832316,,,1,0
GO:0019233,0.929228168432042,,,1,0
GO:0019236,0.2219786795218242,,,1,0
GO:0019237,0.1228537671838224,,,1,0
GO:0019287,0.8978278965700353,,,1,0
GO:0019367,0.5552607406105564,,,1,0
GO:0019371,0.6506006463086045,,,1,0
GO:0019372,0.3120297520201037,,,1,0
GO:0019373,0.3561999825850112,,,1,0
GO:0019388,0.067794600054711,,,1,0
GO:0019430,0.0883234852533677,,,1,0
GO:0019432,0.4862635303938487,,,1,0
GO:0019433,0.6510728814346511,,,1,0
GO:0019464,0.7019036750315478,,,1,0
GO:0019470,0.6994678369937455,,,1,0
GO:0019477,0.9284021003419024,,,1,0
GO:0019509,0.5241772311599973,,,1,0
GO:0019530,0.5907324505941518,,,1,0
GO:0019531,0.5586685437928836,,,1,0
GO:0019532,0.3724606020145037,,,1,0
GO:0019534,0.8617354473348329,,,1,0
GO:0019563,0.206485577150831,,,1,0
GO:0019585,0.2711196239463735,,,1,0
GO:0019640,0.3317211040410023,,,1,0
GO:0019674,0.9754807106534664,,,1,0
GO:0019677,0.423266379871037,,,1,0
GO:0019705,0.718963753441426,,,1,0
GO:0019706,0.516360471614967,,,1,0
GO:0019784,0.0513707269709908,,,1,0
GO:0019787,0.0515327824621733,,,1,0
GO:0019789,0.5864964851712711,,,1,0
GO:0019826,0.993785610120493,,,1,0
GO:0019827,0.2517714031728723,,,1,0
GO:0019828,0.0517970521090012,,,1,0
GO:0019829,0.2265883584911666,,,1,0
GO:0019834,0.1636501834212305,,,1,0
GO:0019838,0.3652687302210075,,,1,0
GO:0019841,0.8233804992653513,,,1,0
GO:0019843,0.2681347760103222,,,1,0
GO:0019852,0.623689649146941,,,1,0
GO:0019855,0.1780456490306279,,,1,0
GO:0019863,0.2220868801520674,,,1,0
GO:0019865,0.4952338511449484,,,1,0
GO:0019869,0.1646139693807456,,,1,0
GO:0019870,0.8405184895346056,,,1,0
GO:0019871,0.113426384947702,,,1,0
GO:0019885,0.5628308370229653,,,1,0
GO:0019886,0.0983085715177582,,,1,0
GO:0019887,0.0850218691304871,,,1,0
GO:0019894,0.6461964226702963,,,1,0
GO:0019896,0.1359395427057469,,,1,0
GO:0019897,0.3357700292664989,,,1,0
GO:0019898,0.355549205212247,,,1,0
GO:0019899,0.6860241986718945,,,1,0
GO:0019900,0.0909309358098391,,,1,0
GO:0019902,0.0749915464036543,,,1,0
GO:0019903,0.1008092210740629,,,1,0
GO:0019905,0.2825968849646966,,,1,0
GO:0019911,0.316263884244214,,,1,0
GO:0019915,0.0774965524376736,,,1,0
GO:0019956,0.7656291979184882,,,1,0
GO:0019957,0.2177285796062188,,,1,0
GO:0019958,0.3522998093408902,,,1,0
GO:0019960,0.1389716670199437,,,1,0
GO:0019985,0.5568577417383842,,,1,0
GO:0019992,0.568969946917071,,,1,0
GO:0021537,0.188299406045725,,,1,0
GO:0021542,0.9965327630773264,,,1,0
GO:0021554,0.4833809541084041,,,1,0
GO:0021559,0.6131363494324571,,,1,0
GO:0021612,0.942010906895326,,,1,0
GO:0021637,0.6997371308991951,,,1,0
GO:0021650,0.220642820540555,,,1,0
GO:0021670,0.4669462202706305,,,1,0
GO:0021675,0.7344167844697368,,,1,0
GO:0021680,0.1425976301341285,,,1,0
GO:0021695,0.4747067303154118,,,1,0
GO:0021702,0.3117007244175197,,,1,0
GO:0021707,0.7084292685169602,,,1,0
GO:0021785,0.6997371308991951,,,1,0
GO:0021794,0.9702363599213792,,,1,0
GO:0021795,0.2443033877170125,,,1,0
GO:0021799,0.5818580933092226,,,1,0
GO:0021819,0.2172891932475285,,,1,0
GO:0021828,0.0721955402507804,,,1,0
GO:0021846,0.2142699831299342,,,1,0
GO:0021854,0.4861790153630092,,,1,0
GO:0021860,0.0917493776557636,,,1,0
GO:0021895,0.45618887379854,,,1,0
GO:0021915,0.8710679494681791,,,1,0
GO:0021952,0.6612919977645665,,,1,0
GO:0021953,0.7979587743104205,,,1,0
GO:0021955,0.4895739017352506,,,1,0
GO:0021983,0.7114731399737357,,,1,0
GO:0022010,0.799887881833118,,,1,0
GO:0022400,0.4886964768557641,,,1,0
GO:0022614,0.073133045568354,,,1,0
GO:0022824,0.2107800093903671,,,1,0
GO:0022829,0.66219978783991,,,1,0
GO:0022832,0.0883292943500796,,,1,0
GO:0022834,0.3664961782859065,,,1,0
GO:0022841,0.3246111094294019,,,1,0
GO:0022848,0.4699576068199063,,,1,0
GO:0022849,0.6549875087300594,,,1,0
GO:0022850,0.6838423607232732,,,1,0
GO:0022851,0.5754393241081968,,,1,0
GO:0022857,0.1218706623886994,,,1,0
GO:0023019,0.3949710678428845,,,1,0
GO:0023024,0.0651975811934976,,,1,0
GO:0023026,0.1147022989609988,,,1,0
GO:0023035,0.3889319135512402,,,1,0
GO:0023041,0.1256843471951574,,,1,0
GO:0030001,0.6017483339124492,,,1,0
GO:0030007,0.7897749983409605,,,1,0
GO:0030008,0.4599308278804181,,,1,0
GO:0030010,0.3345724172396104,,,1,0
GO:0030011,0.9830638340110138,,,1,0
GO:0030014,0.1598370973794962,,,1,0
GO:0030015,0.4709139899198208,,,1,0
GO:0030016,0.7591462842644372,,,1,0
GO:0030017,0.7321604494339359,,,1,0
GO:0030018,0.1212640934480531,,,1,0
GO:0030021,0.6515323917032882,,,1,0
GO:0030023,0.3550337282639236,,,1,0
GO:0030027,0.2391572942444959,,,1,0
GO:0030032,0.2290532076827033,,,1,0
GO:0030042,0.8935102694992761,,,1,0
GO:0030049,0.32670959197087,,,1,0
GO:0030050,0.443057590623101,,,1,0
GO:0030054,0.5179057133218696,,,1,0
GO:0030055,0.1824938225904435,,,1,0
GO:0030056,0.0922032457397315,,,1,0
GO:0030061,0.0836150765346774,,,1,0
GO:0030070,0.5116995148821053,,,1,0
GO:0030101,0.3017681720185415,,,1,0
GO:0030117,0.801222830930756,,,1,0
GO:0030118,0.2288322896706647,,,1,0
GO:0030119,0.5700413698437212,,,1,0
GO:0030121,0.2541139648101973,,,1,0
GO:0030122,0.5253233070731859,,,1,0
GO:0030123,0.1741600502424753,,,1,0
GO:0030125,0.3918453475508144,,,1,0
GO:0030126,0.7983206799028884,,,1,0
GO:0030127,0.6674415973695007,,,1,0
GO:0030130,0.8080608254394905,,,1,0
GO:0030131,0.6160158051635642,,,1,0
GO:0030132,0.744474362822946,,,1,0
GO:0030134,0.2365516321891153,,,1,0
GO:0030136,0.3375792094433488,,,1,0
GO:0030137,0.4868159044142517,,,1,0
GO:0030139,0.6680623461131614,,,1,0
GO:0030140,0.4167632727122098,,,1,0
GO:0030145,0.1019469837906201,,,1,0
GO:0030148,0.7469589212912542,,,1,0
GO:0030149,0.7970700696481212,,,1,0
GO:0030150,0.3657656690954179,,,1,0
GO:0030151,0.1360626587058223,,,1,0
GO:0030156,0.2519704950405166,,,1,0
GO:0030157,0.8370649082666635,,,1,0
GO:0030165,0.2323246637693793,,,1,0
GO:0030166,0.1008988413911716,,,1,0
GO:0030174,0.262587984965312,,,1,0
GO:0030175,0.0576196156850179,,,1,0
GO:0030185,0.6014084003714961,,,1,0
GO:0030193,0.5215321465026213,,,1,0
GO:0030194,0.0725909364874927,,,1,0
GO:0030195,0.379249583519767,,,1,0
GO:0030198,0.8817670078399857,,,1,0
GO:0030199,0.6623979034653642,,,1,0
GO:0030200,0.2632684867975866,,,1,0
GO:0030203,0.1125142625943702,,,1,0
GO:0030210,0.0580861957842456,,,1,0
GO:0030212,0.5849066368378875,,,1,0
GO:0030213,0.1638277723291039,,,1,0
GO:0030215,0.3771587972075241,,,1,0
GO:0030216,0.9178358065321616,,,1,0
GO:0030219,0.8839795599793563,,,1,0
GO:0030225,0.9215390698070466,,,1,0
GO:0030234,0.8078514514206657,,,1,0
GO:0030235,0.3548100254096268,,,1,0
GO:0030238,0.2664488612357385,,,1,0
GO:0030239,0.8454790091740259,,,1,0
GO:0030240,0.7617191727751886,,,1,0
GO:0030252,0.0977395813671398,,,1,0
GO:0030258,0.3503696833301407,,,1,0
GO:0030261,0.9623018897783312,,,1,0
GO:0030262,0.4863980860082277,,,1,0
GO:0030263,0.6567144580041198,,,1,0
GO:0030274,0.8746339738185436,,,1,0
GO:0030275,0.6899302353929486,,,1,0
GO:0030277,0.1044680055170845,,,1,0
GO:0030280,0.1157524402169943,,,1,0
GO:0030286,0.2505835261139945,,,1,0
GO:0030289,0.1353017642139652,,,1,0
GO:0030291,0.9817431960305878,,,1,0
GO:0030292,0.1026129076739988,,,1,0
GO:0030295,0.0709530846383477,,,1,0
GO:0030296,0.117732849373778,,,1,0
GO:0030299,0.8199291399165094,,,1,0
GO:0030307,0.814254094659258,,,1,0
GO:0030308,0.4238175142123452,,,1,0
GO:0030311,0.6009389221244629,,,1,0
GO:0030314,0.8383992631905534,,,1,0
GO:0030315,0.3490981707418652,,,1,0
GO:0030317,0.1485908284469348,,,1,0
GO:0030318,0.7155846981161231,,,1,0
GO:0030324,0.3109303729716132,,,1,0
GO:0030325,0.5711178674967554,,,1,0
GO:0030332,0.1513843335194953,,,1,0
GO:0030345,0.8168226790730223,,,1,0
GO:0030346,0.3442945142415439,,,1,0
GO:0030368,0.6241488245179226,,,1,0
GO:0030371,0.7891726424558535,,,1,0
GO:0030388,0.5853716618784539,,,1,0
GO:0030422,0.4247507119272522,,,1,0
GO:0030426,0.5139933246168619,,,1,0
GO:0030432,0.3140950048211287,,,1,0
GO:0030496,0.7366321043758035,,,1,0
GO:0030497,0.8491911442967062,,,1,0
GO:0030500,0.7899002341733096,,,1,0
GO:0030501,0.3503586349446345,,,1,0
GO:0030502,0.6896128908610464,,,1,0
GO:0030506,0.5152326764949174,,,1,0
GO:0030507,0.8984935794689467,,,1,0
GO:0030510,0.5680369470198944,,,1,0
GO:0030511,0.4069344105705809,,,1,0
GO:0030513,0.1167369766264033,,,1,0
GO:0030514,0.3176130860164209,,,1,0
GO:0030516,0.3493974055875191,,,1,0
GO:0030517,0.1248516870984211,,,1,0
GO:0030532,0.5945366528186347,,,1,0
GO:0030539,0.1638905030641252,,,1,0
GO:0030540,0.3174385598390978,,,1,0
GO:0030544,0.24386610429249,,,1,0
GO:0030545,0.6891903108416968,,,1,0
GO:0030548,0.923939361375313,,,1,0
GO:0030550,0.8109628148161933,,,1,0
GO:0030552,0.7373664456140614,,,1,0
GO:0030553,0.4714984004674181,,,1,0
GO:0030578,0.0760348151636444,,,1,0
GO:0030594,0.9928876146435034,,,1,0
GO:0030619,0.7430553440081993,,,1,0
GO:0030620,0.3667570761378497,,,1,0
GO:0030621,0.4062485605999033,,,1,0
GO:0030622,0.4150489540181675,,,1,0
GO:0030627,0.3507101638460513,,,1,0
GO:0030643,0.3241644152596562,,,1,0
GO:0030644,0.5639864663665491,,,1,0
GO:0030658,0.0899276606048797,,,1,0
GO:0030659,0.4420427356261538,,,1,0
GO:0030660,0.2964675741769927,,,1,0
GO:0030663,0.5239224545434185,,,1,0
GO:0030669,0.6816311888894763,,,1,0
GO:0030673,0.7058593773178705,,,1,0
GO:0030674,0.2039692015709699,,,1,0
GO:0030677,0.797738367181194,,,1,0
GO:0030681,0.2871099176552392,,,1,0
GO:0030688,0.0521266699465093,,,1,0
GO:0030695,0.1727280878204901,,,1,0
GO:0030705,0.7347785787865365,,,1,0
GO:0030719,0.5718782153935382,,,1,0
GO:0030742,0.2451574087722395,,,1,0
GO:0030833,0.4973779348015215,,,1,0
GO:0030835,0.4162464565666687,,,1,0
GO:0030836,0.4275593552533545,,,1,0
GO:0030837,0.2445255733849928,,,1,0
GO:0030838,0.4730683898748195,,,1,0
GO:0030850,0.6342304233293306,,,1,0
GO:0030851,0.2636806939269038,,,1,0
GO:0030854,0.9082062737182758,,,1,0
GO:0030855,0.0557668504905096,,,1,0
GO:0030857,0.730441217959859,,,1,0
GO:0030858,0.6171727238025431,,,1,0
GO:0030863,0.2458848405018074,,,1,0
GO:0030864,0.374708347342747,,,1,0
GO:0030867,0.9677567503067968,,,1,0
GO:0030868,0.8759452256662351,,,1,0
GO:0030870,0.8860442446078314,,,1,0
GO:0030877,0.6546552955931715,,,1,0
GO:0030878,0.3820736057426296,,,1,0
GO:0030879,0.0812416670265929,,,1,0
GO:0030883,0.3643386036751953,,,1,0
GO:0030884,0.3643386036751953,,,1,0
GO:0030889,0.9399910635291928,,,1,0
GO:0030895,0.6705683595016683,,,1,0
GO:0030896,0.603349742640914,,,1,0
GO:0030897,0.6162592444493362,,,1,0
GO:0030900,0.080290963970569,,,1,0
GO:0030902,0.1370917081972208,,,1,0
GO:0030904,0.3452319473034102,,,1,0
GO:0030913,0.8676857744798089,,,1,0
GO:0030915,0.0969071620939857,,,1,0
GO:0030943,0.7197286455059304,,,1,0
GO:0030947,0.9343379255315712,,,1,0
GO:0030948,0.4923385962723134,,,1,0
GO:0030949,0.5556989100237009,,,1,0
GO:0030951,0.2052936119633368,,,1,0
GO:0030957,0.0671619848944305,,,1,0
GO:0030968,0.3391361806659602,,,1,0
GO:0030970,0.4626984959484952,,,1,0
GO:0030976,0.7165678883126366,,,1,0
GO:0030983,0.6069094488878508,,,1,0
GO:0030991,0.0694315129615644,,,1,0
GO:0030992,0.1614709145402534,,,1,0
GO:0031000,0.1486759814567787,,,1,0
GO:0031005,0.08537252466483,,,1,0
GO:0031011,0.7533793772017084,,,1,0
GO:0031013,0.502673358013065,,,1,0
GO:0031016,0.3887861996567358,,,1,0
GO:0031018,0.1248140711532901,,,1,0
GO:0031032,0.1756999038072279,,,1,0
GO:0031045,0.3244458147551413,,,1,0
GO:0031048,0.2465361188306194,,,1,0
GO:0031054,0.6910471627599442,,,1,0
GO:0031069,0.3721091354228727,,,1,0
GO:0031083,0.1766541111844159,,,1,0
GO:0031087,0.0845385718710732,,,1,0
GO:0031088,0.9323947411056565,,,1,0
GO:0031089,0.0580741691551789,,,1,0
GO:0031090,0.9779979847292244,,,1,0
GO:0031095,0.1712236776532332,,,1,0
GO:0031098,0.1307463495001419,,,1,0
GO:0031100,0.3372934122212031,,,1,0
GO:0031105,0.0529644973748258,,,1,0
GO:0031106,0.8800151776777865,,,1,0
GO:0031110,0.1067662219363878,,,1,0
GO:0031113,0.7334834433348558,,,1,0
GO:0031115,0.3706757239761934,,,1,0
GO:0031116,0.6848449288082358,,,1,0
GO:0031117,0.522967738625495,,,1,0
GO:0031119,0.552934062345431,,,1,0
GO:0031143,0.7680207824342058,,,1,0
GO:0031145,0.39081472913266,,,1,0
GO:0031146,0.3344640661772424,,,1,0
GO:0031204,0.7486557144867894,,,1,0
GO:0031209,0.1551678458155213,,,1,0
GO:0031210,0.782917565303515,,,1,0
GO:0031214,0.8178639714916776,,,1,0
GO:0031234,0.8916850627250081,,,1,0
GO:0031253,0.7758675576124252,,,1,0
GO:0031256,0.5693790048888909,,,1,0
GO:0031258,0.5238313542290444,,,1,0
GO:0031264,0.6790583999469946,,,1,0
GO:0031265,0.7569517753808166,,,1,0
GO:0031274,0.7022586324797402,,,1,0
GO:0031290,0.5999252291733628,,,1,0
GO:0031293,0.0802398367069853,,,1,0
GO:0031314,0.9220867396484608,,,1,0
GO:0031340,0.9394016964669334,,,1,0
GO:0031369,0.8341983580686505,,,1,0
GO:0031390,0.1233381509910691,,,1,0
GO:0031393,0.0634603610600122,,,1,0
GO:0031394,0.6591464430167235,,,1,0
GO:0031397,0.4907970502860844,,,1,0
GO:0031402,0.1923170759654435,,,1,0
GO:0031404,0.8740058496774601,,,1,0
GO:0031406,0.4405666930347941,,,1,0
GO:0031415,0.1168593480584981,,,1,0
GO:0031418,0.1438384841176631,,,1,0
GO:0031419,0.8098479121306074,,,1,0
GO:0031424,0.0631722977476288,,,1,0
GO:0031430,0.5042614015036697,,,1,0
GO:0031432,0.5892550093329454,,,1,0
GO:0031433,0.053847945211128,,,1,0
GO:0031434,0.4500678832897097,,,1,0
GO:0031435,0.3888857712378756,,,1,0
GO:0031440,0.1680380271017388,,,1,0
GO:0031442,0.4024345778165445,,,1,0
GO:0031462,0.9882563074707944,,,1,0
GO:0031463,0.0933355869189698,,,1,0
GO:0031464,0.3262095298542429,,,1,0
GO:0031465,0.7873582245867283,,,1,0
GO:0031466,0.2636201612777386,,,1,0
GO:0031467,0.8224133388160174,,,1,0
GO:0031468,0.186145453228953,,,1,0
GO:0031489,0.0624594345658994,,,1,0
GO:0031492,0.6548909912128009,,,1,0
GO:0031503,0.1623781367168985,,,1,0
GO:0031508,0.1402585197987804,,,1,0
GO:0031509,0.3927121600439769,,,1,0
GO:0031519,0.2327577203182209,,,1,0
GO:0031526,0.3825335542418121,,,1,0
GO:0031527,0.3859124944162273,,,1,0
GO:0031571,0.1220311200061633,,,1,0
GO:0031581,0.8208278802249254,,,1,0
GO:0031588,0.6670942438673895,,,1,0
GO:0031591,0.7280570958111316,,,1,0
GO:0031593,0.7583357360525331,,,1,0
GO:0031597,0.1014190518660413,,,1,0
GO:0031616,0.0566410315025513,,,1,0
GO:0031623,0.1747217652681406,,,1,0
GO:0031624,0.2986537120802522,,,1,0
GO:0031625,0.1967392094224496,,,1,0
GO:0031629,0.9922018905696688,,,1,0
GO:0031630,0.5705481219112146,,,1,0
GO:0031638,0.1315135779684782,,,1,0
GO:0031639,0.8188366456770502,,,1,0
GO:0031641,0.5685366622050949,,,1,0
GO:0031643,0.657139381259947,,,1,0
GO:0031665,0.7022910554158676,,,1,0
GO:0031666,0.8637232288652111,,,1,0
GO:0031672,0.1374749864860253,,,1,0
GO:0031674,0.4280928275291522,,,1,0
GO:0031681,0.6257958629361664,,,1,0
GO:0031683,0.7495204625880298,,,1,0
GO:0031694,0.8137237714254416,,,1,0
GO:0031698,0.3291396487035563,,,1,0
GO:0031702,0.2164572977464078,,,1,0
GO:0031726,0.3488574125069081,,,1,0
GO:0031727,0.9311242707613762,,,1,0
GO:0031728,0.2229538451830753,,,1,0
GO:0031730,0.3858960089258264,,,1,0
GO:0031731,0.4457060087499946,,,1,0
GO:0031748,0.0530907304637315,,,1,0
GO:0031848,0.9838667125482472,,,1,0
GO:0031849,0.2566579127391653,,,1,0
GO:0031904,0.9234466241818792,,,1,0
GO:0031915,0.5289646368709708,,,1,0
GO:0031931,0.1664297400009254,,,1,0
GO:0031932,0.5491808254205806,,,1,0
GO:0031941,0.8171191509097365,,,1,0
GO:0031956,0.7681735811086633,,,1,0
GO:0031981,0.1157853370809806,,,1,0
GO:0031985,0.6114888268130112,,,1,0
GO:0031994,0.2972139162218481,,,1,0
GO:0031995,0.18540379031631,,,1,0
GO:0031996,0.2963482428655356,,,1,0
GO:0031998,0.9445138169573064,,,1,0
GO:0032000,0.4148594909272295,,,1,0
GO:0032006,0.0540562184637464,,,1,0
GO:0032007,0.9036379566687734,,,1,0
GO:0032009,0.5786960953656249,,,1,0
GO:0032010,0.3129628067681186,,,1,0
GO:0032012,0.4201822312545793,,,1,0
GO:0032024,0.3781878694845479,,,1,0
GO:0032026,0.5545247402129552,,,1,0
GO:0032027,0.8623000936459546,,,1,0
GO:0032036,0.1238903741378292,,,1,0
GO:0032039,0.2276987863904466,,,1,0
GO:0032045,0.8499889572556238,,,1,0
GO:0032050,0.1822289126757511,,,1,0
GO:0032051,0.0796987590504708,,,1,0
GO:0032052,0.2613882366978844,,,1,0
GO:0032059,0.2792515206146753,,,1,0
GO:0032060,0.3993537240286208,,,1,0
GO:0032091,0.2879266083276953,,,1,0
GO:0032092,0.3939125706141692,,,1,0
GO:0032094,0.6247797619177573,,,1,0
GO:0032098,0.8408314007835858,,,1,0
GO:0032100,0.4761651885290733,,,1,0
GO:0032133,0.0802359007849256,,,1,0
GO:0032147,0.1367688942725626,,,1,0
GO:0032148,0.1509263242343487,,,1,0
GO:0032153,0.1486312261336538,,,1,0
GO:0032182,0.9034849674075984,,,1,0
GO:0032183,0.7407630003628025,,,1,0
GO:0032190,0.9550118420464184,,,1,0
GO:0032201,0.1572465586656425,,,1,0
GO:0032205,0.5799733168821334,,,1,0
GO:0032206,0.5627599026660322,,,1,0
GO:0032211,0.0609796952755978,,,1,0
GO:0032217,0.4488740441573396,,,1,0
GO:0032218,0.4488740441573396,,,1,0
GO:0032229,0.2706248913925514,,,1,0
GO:0032230,0.488305891919949,,,1,0
GO:0032232,0.2808357552669508,,,1,0
GO:0032233,0.2429176724261712,,,1,0
GO:0032237,0.3686426729370389,,,1,0
GO:0032238,0.5680468771508909,,,1,0
GO:0032263,0.3395905758444342,,,1,0
GO:0032264,0.0873377958452572,,,1,0
GO:0032273,0.3869059825583566,,,1,0
GO:0032279,0.3336069475271933,,,1,0
GO:0032281,0.987067534843829,,,1,0
GO:0032287,0.0756515899200554,,,1,0
GO:0032289,0.5216900287685168,,,1,0
GO:0032308,0.9066863443984255,,,1,0
GO:0032328,0.6510682017441108,,,1,0
GO:0032330,0.5276093615456333,,,1,0
GO:0032331,0.2230211310314563,,,1,0
GO:0032332,0.6054402772573657,,,1,0
GO:0032354,0.7130624177736427,,,1,0
GO:0032355,0.653887768128073,,,1,0
GO:0032357,0.1364057079709704,,,1,0
GO:0032364,0.4023732428553528,,,1,0
GO:0032366,0.3949476743068424,,,1,0
GO:0032367,0.212493349937153,,,1,0
GO:0032368,0.3822688688060007,,,1,0
GO:0032392,0.3588236687495715,,,1,0
GO:0032394,0.3508405358328434,,,1,0
GO:0032400,0.8104951364208293,,,1,0
GO:0032402,0.7679380459151536,,,1,0
GO:0032405,0.727640692621853,,,1,0
GO:0032407,0.2023183511567999,,,1,0
GO:0032418,0.0688404132972764,,,1,0
GO:0032420,0.6053392503846174,,,1,0
GO:0032421,0.3310120168929753,,,1,0
GO:0032426,0.5062553360397202,,,1,0
GO:0032432,0.3563100958676948,,,1,0
GO:0032433,0.6587536752382622,,,1,0
GO:0032434,0.8301023318965509,,,1,0
GO:0032435,0.0862265390244501,,,1,0
GO:0032436,0.7382977692005415,,,1,0
GO:0032437,0.6852365725969931,,,1,0
GO:0032438,0.7340876409022752,,,1,0
GO:0032449,0.1536816776981214,,,1,0
GO:0032453,0.4730581233943955,,,1,0
GO:0032456,0.2788867000362617,,,1,0
GO:0032465,0.5850224836051436,,,1,0
GO:0032467,0.065498978837707,,,1,0
GO:0032469,0.6355744035927329,,,1,0
GO:0032473,0.083494213814376,,,1,0
GO:0032482,0.5669947708851815,,,1,0
GO:0032483,0.0947639372281152,,,1,0
GO:0032489,0.1866725848361481,,,1,0
GO:0032495,0.4309193257356467,,,1,0
GO:0032497,0.2828326266071455,,,1,0
GO:0032510,0.9899813294435528,,,1,0
GO:0032526,0.2929684057998187,,,1,0
GO:0032527,0.9086249979140616,,,1,0
GO:0032532,0.4140040529562676,,,1,0
GO:0032541,0.2361409796155221,,,1,0
GO:0032570,0.2919974169795831,,,1,0
GO:0032580,0.5073487428936905,,,1,0
GO:0032587,0.2128966281279781,,,1,0
GO:0032588,0.7170921191907154,,,1,0
GO:0032590,0.2783623721664661,,,1,0
GO:0032591,0.133033866750535,,,1,0
GO:0032593,0.3462579530137384,,,1,0
GO:0032687,0.9176201201524852,,,1,0
GO:0032688,0.5167113968827175,,,1,0
GO:0032690,0.2959056620995377,,,1,0
GO:0032691,0.1007669985516711,,,1,0
GO:0032695,0.2995975034759255,,,1,0
GO:0032696,0.5366009480651992,,,1,0
GO:0032700,0.4505401827606433,,,1,0
GO:0032703,0.0597014401066527,,,1,0
GO:0032705,0.7042099519187343,,,1,0
GO:0032714,0.1802082108539759,,,1,0
GO:0032715,0.3306764963086741,,,1,0
GO:0032725,0.3278642358815279,,,1,0
GO:0032727,0.5654095914004585,,,1,0
GO:0032733,0.8289192336023696,,,1,0
GO:0032736,0.2080247165745646,,,1,0
GO:0032747,0.7825300256138645,,,1,0
GO:0032754,0.5856974320026851,,,1,0
GO:0032780,0.9695681713534364,,,1,0
GO:0032781,0.0894208830860493,,,1,0
GO:0032782,0.1413434436748049,,,1,0
GO:0032783,0.7787110253672054,,,1,0
GO:0032787,0.6111925756189858,,,1,0
GO:0032790,0.391904650804979,,,1,0
GO:0032794,0.202462855050419,,,1,0
GO:0032795,0.400520235592115,,,1,0
GO:0032801,0.5744270208015188,,,1,0
GO:0032809,0.9803131795908682,,,1,0
GO:0032813,0.2366145416169942,,,1,0
GO:0032814,0.0804523192781827,,,1,0
GO:0032815,0.9218475885314112,,,1,0
GO:0032816,0.5665607880772144,,,1,0
GO:0032819,0.6750598280022004,,,1,0
GO:0032835,0.7411685329319642,,,1,0
GO:0032836,0.91393993224348,,,1,0
GO:0032839,0.1163516002705331,,,1,0
GO:0032873,0.6166153270875558,,,1,0
GO:0032874,0.5704925820056623,,,1,0
GO:0032886,0.6964585193840518,,,1,0
GO:0032897,0.349814530032405,,,1,0
GO:0032905,0.3404104814850937,,,1,0
GO:0032911,0.2328884068714759,,,1,0
GO:0032924,0.2111977978002346,,,1,0
GO:0032926,0.4834108376339199,,,1,0
GO:0032933,0.0650429613581262,,,1,0
GO:0032934,0.7253386771422787,,,1,0
GO:0032935,0.3712364136920354,,,1,0
GO:0032958,0.328598639827237,,,1,0
GO:0032963,0.6792836128360085,,,1,0
GO:0032964,0.9443333086075316,,,1,0
GO:0032966,0.2148192110083346,,,1,0
GO:0032967,0.0857453796295866,,,1,0
GO:0032979,0.5685071363711522,,,1,0
GO:0032982,0.8145483338149627,,,1,0
GO:0032983,0.6047701954268052,,,1,0
GO:0032993,0.5395347861829027,,,1,0
GO:0033005,0.8631616468763462,,,1,0
GO:0033010,0.3219877679424311,,,1,0
GO:0033011,0.940566024197368,,,1,0
GO:0033017,0.3037166887307797,,,1,0
GO:0033018,0.4942976199917158,,,1,0
GO:0033038,0.4187534537863021,,,1,0
GO:0033085,0.5435325014927859,,,1,0
GO:0033089,0.3314334282242611,,,1,0
GO:0033093,0.6747811976851839,,,1,0
GO:0033106,0.0887795788769105,,,1,0
GO:0033130,0.2382007032608358,,,1,0
GO:0033137,0.1803734130631417,,,1,0
GO:0033138,0.2047970063177128,,,1,0
GO:0033147,0.3057272153762493,,,1,0
GO:0033148,0.8924400145732834,,,1,0
GO:0033151,0.6397639629600274,,,1,0
GO:0033152,0.3014100991369743,,,1,0
GO:0033162,0.1296652033441886,,,1,0
GO:0033165,0.687456547833635,,,1,0
GO:0033180,0.0751737000420323,,,1,0
GO:0033189,0.6064581419004949,,,1,0
GO:0033194,0.5486214899005046,,,1,0
GO:0033197,0.6022332340503782,,,1,0
GO:0033198,0.511015760804101,,,1,0
GO:0033204,0.2871099176552392,,,1,0
GO:0033209,0.5270555243713517,,,1,0
GO:0033210,0.2436955145984121,,,1,0
GO:0033211,0.2108070610332896,,,1,0
GO:0033234,0.7457001028879485,,,1,0
GO:0033235,0.1876439439249122,,,1,0
GO:0033263,0.9952638045443852,,,1,0
GO:0033265,0.3632627998106089,,,1,0
GO:0033268,0.3158008099226916,,,1,0
GO:0033270,0.5857055985231625,,,1,0
GO:0033276,0.6424992374036246,,,1,0
GO:0033280,0.2753461356363078,,,1,0
GO:0033300,0.9387813348035756,,,1,0
GO:0033314,0.4001138435681346,,,1,0
GO:0033344,0.2163496317012652,,,1,0
GO:0033386,0.6746961664460447,,,1,0
GO:0033391,0.865666439014027,,,1,0
GO:0033489,0.5606151994732989,,,1,0
GO:0033490,0.4156428995478758,,,1,0
GO:0033503,0.746250937545542,,,1,0
GO:0033512,0.4174150687037685,,,1,0
GO:0033539,0.4474592879047263,,,1,0
GO:0033549,0.4301140059494325,,,1,0
GO:0033550,0.9588495498823144,,,1,0
GO:0033553,0.423266379871037,,,1,0
GO:0033555,0.8547033312931798,,,1,0
GO:0033558,0.4541511664517653,,,1,0
GO:0033572,0.827872899952989,,,1,0
GO:0033574,0.4783279436185969,,,1,0
GO:0033588,0.2679158784367907,,,1,0
GO:0033612,0.1973344721469134,,,1,0
GO:0033615,0.0842172852984952,,,1,0
GO:0033622,0.501812756743298,,,1,0
GO:0033625,0.611068618560433,,,1,0
GO:0033627,0.8930312697546512,,,1,0
GO:0033628,0.8898373815054444,,,1,0
GO:0033629,0.9645265022730536,,,1,0
GO:0033631,0.3231197850286175,,,1,0
GO:0033634,0.05599722111335,,,1,0
GO:0033674,0.8000561710075828,,,1,0
GO:0033689,0.8869697585023658,,,1,0
GO:0033690,0.2953556841571013,,,1,0
GO:0033762,0.6255619866776987,,,1,0
GO:0034045,0.4803681902146616,,,1,0
GO:0034046,0.1132912446798262,,,1,0
GO:0034056,0.6142971051647912,,,1,0
GO:0034058,0.0729348831429176,,,1,0
GO:0034061,0.8018869597978946,,,1,0
GO:0034080,0.3243572239118477,,,1,0
GO:0034088,0.8584302055079216,,,1,0
GO:0034089,0.0683582301244745,,,1,0
GO:0034098,0.6474097421030585,,,1,0
GO:0034103,0.7542449352943378,,,1,0
GO:0034105,0.7332811510292363,,,1,0
GO:0034109,0.7412495312370757,,,1,0
GO:0034112,0.1441693671417415,,,1,0
GO:0034116,0.067615691632768,,,1,0
GO:0034122,0.945230120137419,,,1,0
GO:0034137,0.9365576300307622,,,1,0
GO:0034141,0.0696985246935976,,,1,0
GO:0034144,0.6037230704065057,,,1,0
GO:0034157,0.9913604648468352,,,1,0
GO:0034164,0.4824894821389364,,,1,0
GO:0034165,0.1096764398890095,,,1,0
GO:0034184,0.4231008997877994,,,1,0
GO:0034185,0.6287588518104659,,,1,0
GO:0034186,0.2432772617881976,,,1,0
GO:0034198,0.5446847490868947,,,1,0
GO:0034199,0.985063380690881,,,1,0
GO:0034214,0.1865648701593137,,,1,0
GO:0034235,0.1385607564110011,,,1,0
GO:0034236,0.9348660395175435,,,1,0
GO:0034242,0.4099247343253263,,,1,0
GO:0034244,0.133615184181792,,,1,0
GO:0034260,0.0767136047366817,,,1,0
GO:0034274,0.0649930905513668,,,1,0
GO:0034314,0.8928986238988267,,,1,0
GO:0034315,0.1395604845778112,,,1,0
GO:0034316,0.1890333029035504,,,1,0
GO:0034329,0.8694654376136665,,,1,0
GO:0034332,0.5561964309103413,,,1,0
GO:0034333,0.2254903582379881,,,1,0
GO:0034334,0.1505026394615483,,,1,0
GO:0034337,0.7975725702915607,,,1,0
GO:0034351,0.0749017554948106,,,1,0
GO:0034361,0.673597380613125,,,1,0
GO:0034362,0.2674754853522461,,,1,0
GO:0034372,0.6027190793406842,,,1,0
GO:0034374,0.1154430505424611,,,1,0
GO:0034379,0.196112528017359,,,1,0
GO:0034382,0.0975949402327972,,,1,0
GO:0034383,0.6697148232319609,,,1,0
GO:0034384,0.1053304538077147,,,1,0
GO:0034388,0.1603201765849018,,,1,0
GO:0034392,0.143729526693877,,,1,0
GO:0034393,0.0954392025594464,,,1,0
GO:0034431,0.1089426711531018,,,1,0
GO:0034432,0.2774689894709106,,,1,0
GO:0034440,0.0882116218067398,,,1,0
GO:0034446,0.953754130756676,,,1,0
GO:0034447,0.3710835279625504,,,1,0
GO:0034450,0.3091219085237127,,,1,0
GO:0034452,0.1051084239885753,,,1,0
GO:0034458,0.0623243173111887,,,1,0
GO:0034472,0.311007790992134,,,1,0
GO:0034475,0.6136472435395364,,,1,0
GO:0034485,0.8597422971880639,,,1,0
GO:0034497,0.8620208083893224,,,1,0
GO:0034498,0.280071313809505,,,1,0
GO:0034499,0.8766060691880821,,,1,0
GO:0034501,0.2307250546448536,,,1,0
GO:0034516,0.1109840253277128,,,1,0
GO:0034551,0.7507612564493474,,,1,0
GO:0034584,0.4226163842891619,,,1,0
GO:0034587,0.612851609049327,,,1,0
GO:0034596,0.1720570469154094,,,1,0
GO:0034605,0.5912027669759841,,,1,0
GO:0034614,0.286229191067219,,,1,0
GO:0034616,0.836171887173716,,,1,0
GO:0034618,0.0835041266775212,,,1,0
GO:0034620,0.7271321052379354,,,1,0
GO:0034625,0.3340106002916349,,,1,0
GO:0034626,0.3340106002916349,,,1,0
GO:0034634,0.8381367993772068,,,1,0
GO:0034647,0.602204507473205,,,1,0
GO:0034651,0.6853910860531305,,,1,0
GO:0034657,0.0803181144853119,,,1,0
GO:0034695,0.1992816339130919,,,1,0
GO:0034702,0.2183970027001298,,,1,0
GO:0034703,0.8573731507092319,,,1,0
GO:0034704,0.2585491083494502,,,1,0
GO:0034705,0.2387742518227508,,,1,0
GO:0034706,0.2692489698540222,,,1,0
GO:0034707,0.25314995249013,,,1,0
GO:0034709,0.1156299082664091,,,1,0
GO:0034713,0.8043395629391137,,,1,0
GO:0034719,0.8151812891086803,,,1,0
GO:0034727,0.1153680570110141,,,1,0
GO:0034728,0.1286911269142602,,,1,0
GO:0034751,0.940953663644034,,,1,0
GO:0034755,0.9165320566915676,,,1,0
GO:0034763,0.8966122942721008,,,1,0
GO:0034765,0.1422140383248666,,,1,0
GO:0034775,0.3963309387360616,,,1,0
GO:0034979,0.6559914198520578,,,1,0
GO:0034982,0.4643973029218802,,,1,0
GO:0035003,0.152756494084387,,,1,0
GO:0035005,0.5879906906511956,,,1,0
GO:0035014,0.0754219365519762,,,1,0
GO:0035021,0.5227818073466526,,,1,0
GO:0035022,0.1263922483246589,,,1,0
GO:0035024,0.2280653728180741,,,1,0
GO:0035025,0.530948652395271,,,1,0
GO:0035032,0.8876302101757755,,,1,0
GO:0035035,0.7652539625927326,,,1,0
GO:0035036,0.1840595667741901,,,1,0
GO:0035050,0.3169161234103083,,,1,0
GO:0035082,0.9803830549408104,,,1,0
GO:0035091,0.6237143841385789,,,1,0
GO:0035092,0.7881853748596785,,,1,0
GO:0035094,0.8964963938279211,,,1,0
GO:0035095,0.1772234898739314,,,1,0
GO:0035102,0.7801206294756626,,,1,0
GO:0035108,0.144151287138785,,,1,0
GO:0035115,0.0737039557762238,,,1,0
GO:0035145,0.0720953286680692,,,1,0
GO:0035148,0.5811688278861112,,,1,0
GO:0035173,0.3505538171643312,,,1,0
GO:0035176,0.7760777106838538,,,1,0
GO:0035194,0.3766045621096461,,,1,0
GO:0035197,0.8729937907177707,,,1,0
GO:0035235,0.6489803431503653,,,1,0
GO:0035240,0.330094279410443,,,1,0
GO:0035249,0.632748618710582,,,1,0
GO:0035252,0.0726544899408506,,,1,0
GO:0035253,0.1179439084119383,,,1,0
GO:0035254,0.993808139590071,,,1,0
GO:0035255,0.9471516114102156,,,1,0
GO:0035259,0.0511665112003052,,,1,0
GO:0035264,0.1548112575068601,,,1,0
GO:0035267,0.1060238098943737,,,1,0
GO:0035269,0.1082060110517753,,,1,0
GO:0035278,0.7993668041265355,,,1,0
GO:0035312,0.7249238061505554,,,1,0
GO:0035313,0.905661327735016,,,1,0
GO:0035315,0.9349241314445936,,,1,0
GO:0035329,0.0548001603152219,,,1,0
GO:0035330,0.4505767989893727,,,1,0
GO:0035331,0.8141140575548732,,,1,0
GO:0035335,0.818976373484208,,,1,0
GO:0035336,0.1260587605285974,,,1,0
GO:0035338,0.2686801835862598,,,1,0
GO:0035356,0.1896300956459807,,,1,0
GO:0035357,0.5431768250967045,,,1,0
GO:0035359,0.0809358672614352,,,1,0
GO:0035360,0.336057811800277,,,1,0
GO:0035363,0.0760998250803575,,,1,0
GO:0035371,0.7876936583329169,,,1,0
GO:0035372,0.2575291442008014,,,1,0
GO:0035374,0.2352575003097861,,,1,0
GO:0035377,0.382035373760496,,,1,0
GO:0035378,0.1653361648269096,,,1,0
GO:0035379,0.1653361648269096,,,1,0
GO:0035418,0.350304979640212,,,1,0
GO:0035425,0.2261011798277357,,,1,0
GO:0035434,0.3280769891749273,,,1,0
GO:0035435,0.2351741494060361,,,1,0
GO:0035458,0.1873979625859275,,,1,0
GO:0035459,0.6159966665155263,,,1,0
GO:0035461,0.9870015363257592,,,1,0
GO:0035470,0.2479953638864032,,,1,0
GO:0035473,0.6167256757252997,,,1,0
GO:0035493,0.4650374510166257,,,1,0
GO:0035497,0.8171672437201523,,,1,0
GO:0035515,0.9033015029794512,,,1,0
GO:0035516,0.7280900811687632,,,1,0
GO:0035519,0.984837287419395,,,1,0
GO:0035520,0.1196561263014677,,,1,0
GO:0035524,0.2735202275152784,,,1,0
GO:0035529,0.7730718627364295,,,1,0
GO:0035542,0.6509132819747268,,,1,0
GO:0035563,0.8728896529024229,,,1,0
GO:0035567,0.9171155378751824,,,1,0
GO:0035575,0.0506338449751824,,,1,0
GO:0035589,0.7100024424334554,,,1,0
GO:0035615,0.3643885237410935,,,1,0
GO:0035617,0.9030483207483736,,,1,0
GO:0035631,0.1828059658375903,,,1,0
GO:0035633,0.1918389148575819,,,1,0
GO:0035634,0.2094230388525516,,,1,0
GO:0035640,0.5585087235742329,,,1,0
GO:0035641,0.6232858324710692,,,1,0
GO:0035646,0.0833422059846852,,,1,0
GO:0035650,0.5745553715342113,,,1,0
GO:0035651,0.3477822403988715,,,1,0
GO:0035654,0.5024386406669883,,,1,0
GO:0035655,0.3101744114990947,,,1,0
GO:0035658,0.4565764629088318,,,1,0
GO:0035672,0.4125484236969017,,,1,0
GO:0035686,0.7383935938017909,,,1,0
GO:0035694,0.566383832583114,,,1,0
GO:0035696,0.1532288348474547,,,1,0
GO:0035721,0.1312101532914412,,,1,0
GO:0035722,0.8952918248537365,,,1,0
GO:0035723,0.298257067240856,,,1,0
GO:0035725,0.5485378983272665,,,1,0
GO:0035726,0.2448248363783799,,,1,0
GO:0035727,0.4569233873689223,,,1,0
GO:0035729,0.5531761484003528,,,1,0
GO:0035735,0.0823008056820376,,,1,0
GO:0035749,0.153280243094412,,,1,0
GO:0035752,0.9655461577884864,,,1,0
GO:0035754,0.3741290807588033,,,1,0
GO:0035767,0.8131003558227973,,,1,0
GO:0035770,0.4189013892178589,,,1,0
GO:0035771,0.3782098968212596,,,1,0
GO:0035772,0.2444626364522805,,,1,0
GO:0035773,0.9515545202247272,,,1,0
GO:0035774,0.1048414641326654,,,1,0
GO:0035791,0.4523096293770838,,,1,0
GO:0035800,0.197141827335803,,,1,0
GO:0035805,0.9313837363671972,,,1,0
GO:0035810,0.462440811708939,,,1,0
GO:0035825,0.0702118288555995,,,1,0
GO:0035845,0.8304053932174903,,,1,0
GO:0035855,0.4420507558914378,,,1,0
GO:0035860,0.5731778012424229,,,1,0
GO:0035864,0.1494537511913682,,,1,0
GO:0035865,0.2385037342639994,,,1,0
GO:0035871,0.5557585208992057,,,1,0
GO:0035872,0.484749600817575,,,1,0
GO:0035873,0.7276162008192875,,,1,0
GO:0035881,0.8247213066668111,,,1,0
GO:0035902,0.4449237797772433,,,1,0
GO:0035904,0.4875978272950128,,,1,0
GO:0035909,0.6888827222658715,,,1,0
GO:0035912,0.263780143304376,,,1,0
GO:0035914,0.8771834761997783,,,1,0
GO:0035924,0.5312057604843885,,,1,0
GO:0035970,0.4655819387465223,,,1,0
GO:0035973,0.6606603168598841,,,1,0
GO:0035976,0.7067314098271423,,,1,0
GO:0035987,0.9443886444548478,,,1,0
GO:0035988,0.4528977380287128,,,1,0
GO:0035994,0.7586459234643774,,,1,0
GO:0035995,0.8438984082181203,,,1,0
GO:0035999,0.2468379179225664,,,1,0
GO:0036010,0.7405913623001583,,,1,0
GO:0036016,0.1339590663812342,,,1,0
GO:0036019,0.7241829949182409,,,1,0
GO:0036020,0.2361970306386676,,,1,0
GO:0036038,0.4295526303562056,,,1,0
GO:0036041,0.6607078812691098,,,1,0
GO:0036042,0.2281237720445691,,,1,0
GO:0036057,0.3015666033296256,,,1,0
GO:0036066,0.066668587559418,,,1,0
GO:0036089,0.9610088292984328,,,1,0
GO:0036122,0.4954078002000307,,,1,0
GO:0036126,0.1848038990830286,,,1,0
GO:0036128,0.2580855419859642,,,1,0
GO:0036148,0.2836912642430143,,,1,0
GO:0036149,0.0931138183227193,,,1,0
GO:0036150,0.5616990802797717,,,1,0
GO:0036152,0.1762781740977582,,,1,0
GO:0036156,0.3573425346876119,,,1,0
GO:0036157,0.4170469620882823,,,1,0
GO:0036158,0.1011648867804169,,,1,0
GO:0036159,0.2296454322520381,,,1,0
GO:0036197,0.6970500564400834,,,1,0
GO:0036261,0.0856983491503484,,,1,0
GO:0036269,0.624351992218457,,,1,0
GO:0036297,0.1039105096493465,,,1,0
GO:0036310,0.6975372492228341,,,1,0
GO:0036312,0.3493643342058398,,,1,0
GO:0036324,0.6130218501199489,,,1,0
GO:0036336,0.4352801819023228,,,1,0
GO:0036374,0.1361841676779646,,,1,0
GO:0036376,0.778838184638238,,,1,0
GO:0036378,0.8833137052774896,,,1,0
GO:0036384,0.4112241854154208,,,1,0
GO:0036402,0.4762280728718588,,,1,0
GO:0036431,0.7062707974251565,,,1,0
GO:0036435,0.8614692463353679,,,1,0
GO:0036438,0.9617013490952572,,,1,0
GO:0036444,0.5157753490411515,,,1,0
GO:0036449,0.1302615431047314,,,1,0
GO:0036462,0.815407673031073,,,1,0
GO:0036477,0.1236256844034832,,,1,0
GO:0036499,0.3150470818881914,,,1,0
GO:0036500,0.9655061817669324,,,1,0
GO:0036503,0.2175500019309871,,,1,0
GO:0036513,0.8577850259595013,,,1,0
GO:0038001,0.3380908297015212,,,1,0
GO:0038003,0.9183782976503868,,,1,0
GO:0038007,0.5894686155891131,,,1,0
GO:0038023,0.5433872310023131,,,1,0
GO:0038026,0.7079426849165251,,,1,0
GO:0038027,0.202668981125746,,,1,0
GO:0038036,0.7060033013051152,,,1,0
GO:0038043,0.7280142098375793,,,1,0
GO:0038060,0.3262524812693188,,,1,0
GO:0038063,0.7362789240789066,,,1,0
GO:0038083,0.7880115745884638,,,1,0
GO:0038084,0.8643603309394466,,,1,0
GO:0038092,0.952604772661932,,,1,0
GO:0038095,0.2017443432671299,,,1,0
GO:0038096,0.1992776565178857,,,1,0
GO:0038100,0.5081540999393739,,,1,0
GO:0038110,0.8305298106409236,,,1,0
GO:0038111,0.8670873866632476,,,1,0
GO:0038113,0.2391300513918721,,,1,0
GO:0038127,0.6314742995385383,,,1,0
GO:0038128,0.6809810946849829,,,1,0
GO:0038132,0.8737621987677966,,,1,0
GO:0038133,0.2426082040547691,,,1,0
GO:0038134,0.3792502004989783,,,1,0
GO:0038135,0.8335219787729343,,,1,0
GO:0038138,0.9261310499271972,,,1,0
GO:0038155,0.8467766138326466,,,1,0
GO:0038156,0.0568484144683941,,,1,0
GO:0038160,0.4547419758287374,,,1,0
GO:0038162,0.5101318728099691,,,1,0
GO:0038163,0.6625716932043886,,,1,0
GO:0038166,0.1884807581156697,,,1,0
GO:0038170,0.7050107594986892,,,1,0
GO:0038172,0.8620231132303136,,,1,0
GO:0038173,0.4176029886502409,,,1,0
GO:0038180,0.8114890876035399,,,1,0
GO:0038191,0.2232031655170494,,,1,0
GO:0038196,0.8523990489181641,,,1,0
GO:0038203,0.2198078903709597,,,1,0
GO:0039532,0.9225038698571948,,,1,0
GO:0039536,0.3083040622548949,,,1,0
GO:0039702,0.0847507011728105,,,1,0
GO:0039706,0.1997907354094128,,,1,0
GO:0040001,0.1399167792352536,,,1,0
GO:0040014,0.3495219146549166,,,1,0
GO:0040018,0.3715762106344563,,,1,0
GO:0040019,0.7304725462459274,,,1,0
GO:0040037,0.2842813871378865,,,1,0
GO:0040038,0.4358481153274254,,,1,0
GO:0042026,0.3113519255459429,,,1,0
GO:0042030,0.6796254423117625,,,1,0
GO:0042043,0.70474670777124,,,1,0
GO:0042045,0.587158775622497,,,1,0
GO:0042053,0.6735343701243646,,,1,0
GO:0042056,0.1150694926851219,,,1,0
GO:0042059,0.8888940139200108,,,1,0
GO:0042063,0.8704840769907749,,,1,0
GO:0042092,0.713489616981896,,,1,0
GO:0042104,0.1067843811703729,,,1,0
GO:0042117,0.0996902042972451,,,1,0
GO:0042118,0.4109874182304219,,,1,0
GO:0042119,0.0625681714555314,,,1,0
GO:0042138,0.2647680373765559,,,1,0
GO:0042147,0.1606086645153704,,,1,0
GO:0042166,0.485558610975479,,,1,0
GO:0042177,0.645480414705258,,,1,0
GO:0042178,0.4111998473226086,,,1,0
GO:0042246,0.3867083366150117,,,1,0
GO:0042256,0.5096618732756921,,,1,0
GO:0042262,0.984439110116983,,,1,0
GO:0042267,0.8428044213108553,,,1,0
GO:0042269,0.8643762587314479,,,1,0
GO:0042270,0.3792170799616088,,,1,0
GO:0042272,0.9714846405090304,,,1,0
GO:0042276,0.6993303995569535,,,1,0
GO:0042287,0.590202886380341,,,1,0
GO:0042288,0.9558594096552688,,,1,0
GO:0042306,0.9359858495753544,,,1,0
GO:0042308,0.6945140501615509,,,1,0
GO:0042310,0.1931596028560757,,,1,0
GO:0042311,0.9754838243580491,,,1,0
GO:0042327,0.0767893256383378,,,1,0
GO:0042350,0.96634361719028,,,1,0
GO:0042355,0.3112202445410742,,,1,0
GO:0042359,0.4055881879206701,,,1,0
GO:0042361,0.2788167598425379,,,1,0
GO:0042373,0.3841230429170423,,,1,0
GO:0042376,0.7037031146132902,,,1,0
GO:0042379,0.2867169362017222,,,1,0
GO:0042382,0.1199518770634489,,,1,0
GO:0042383,0.2656724218323008,,,1,0
GO:0042391,0.6193461898586707,,,1,0
GO:0042392,0.1387990061684144,,,1,0
GO:0042403,0.6497335443653167,,,1,0
GO:0042407,0.7116249420404177,,,1,0
GO:0042415,0.7726617076798601,,,1,0
GO:0042416,0.1116819750372878,,,1,0
GO:0042417,0.5316598358321781,,,1,0
GO:0042421,0.478801027217656,,,1,0
GO:0042423,0.1984135535554654,,,1,0
GO:0042428,0.1672810723596741,,,1,0
GO:0042438,0.7563839015510467,,,1,0
GO:0042445,0.8623905591095775,,,1,0
GO:0042446,0.3749136162923652,,,1,0
GO:0042447,0.9008820885663492,,,1,0
GO:0042448,0.9362199726624832,,,1,0
GO:0042462,0.6162791392063345,,,1,0
GO:0042470,0.9654672572243704,,,1,0
GO:0042472,0.219038689060126,,,1,0
GO:0042475,0.8716326837215951,,,1,0
GO:0042478,0.7162336787705341,,,1,0
GO:0042531,0.1665926747174065,,,1,0
GO:0042551,0.8843960227237385,,,1,0
GO:0042552,0.74053339266488,,,1,0
GO:0042562,0.2042539294755667,,,1,0
GO:0042564,0.0748272855089235,,,1,0
GO:0042572,0.0678211670606107,,,1,0
GO:0042574,0.6034612745395711,,,1,0
GO:0042577,0.3113037018248997,,,1,0
GO:0042584,0.8540385069797498,,,1,0
GO:0042587,0.92306608978019,,,1,0
GO:0042589,0.5883426934137805,,,1,0
GO:0042590,0.0562702697783755,,,1,0
GO:0042599,0.0921466349672923,,,1,0
GO:0042605,0.6383693181275386,,,1,0
GO:0042608,0.905029455490373,,,1,0
GO:0042609,0.527936870607266,,,1,0
GO:0042613,0.2992039805607942,,,1,0
GO:0042622,0.5718044448664479,,,1,0
GO:0042626,0.4252300067436416,,,1,0
GO:0042627,0.6425298326562803,,,1,0
GO:0042632,0.1585813882324742,,,1,0
GO:0042633,0.2616693374034253,,,1,0
GO:0042634,0.4636289025320403,,,1,0
GO:0042641,0.8073233270692044,,,1,0
GO:0042645,0.5162572510936347,,,1,0
GO:0042692,0.2486304161235207,,,1,0
GO:0042693,0.7290026587139198,,,1,0
GO:0042698,0.5165029032105654,,,1,0
GO:0042711,0.2959187136589154,,,1,0
GO:0042719,0.0847826934809867,,,1,0
GO:0042721,0.8469856947450007,,,1,0
GO:0042723,0.9057774923587688,,,1,0
GO:0042730,0.1085087733472145,,,1,0
GO:0042731,0.1607320901537718,,,1,0
GO:0042734,0.1918740221722338,,,1,0
GO:0042753,0.1556442665555087,,,1,0
GO:0042755,0.9903055338763288,,,1,0
GO:0042756,0.7300217820601921,,,1,0
GO:0042761,0.5574385972818683,,,1,0
GO:0042765,0.7599245155909452,,,1,0
GO:0042780,0.4765044887963928,,,1,0
GO:0042790,0.861271875529681,,,1,0
GO:0042791,0.1681345598539254,,,1,0
GO:0042795,0.380443132787033,,,1,0
GO:0042796,0.127660301307751,,,1,0
GO:0042797,0.5909350396775621,,,1,0
GO:0042799,0.2545139661447011,,,1,0
GO:0042802,0.0592271074789407,,,1,0
GO:0042805,0.3678921805349646,,,1,0
GO:0042809,0.0777779073873795,,,1,0
GO:0042813,0.2771706140088837,,,1,0
GO:0042824,0.2034982718363733,,,1,0
GO:0042866,0.2028886902073015,,,1,0
GO:0042867,0.3334252681102015,,,1,0
GO:0042910,0.1478940582406533,,,1,0
GO:0042923,0.9177099624760714,,,1,0
GO:0042953,0.1072956793991339,,,1,0
GO:0042982,0.0542732258873664,,,1,0
GO:0042985,0.7254803713846818,,,1,0
GO:0042995,0.7466950815071942,,,1,0
GO:0042997,0.2593756802805143,,,1,0
GO:0042998,0.9858181002228424,,,1,0
GO:0043008,0.4592155816983931,,,1,0
GO:0043009,0.0501391173655413,,,1,0
GO:0043010,0.2808666389286677,,,1,0
GO:0043011,0.1325904330709288,,,1,0
GO:0043015,0.0657180991858143,,,1,0
GO:0043020,0.2092183979639925,,,1,0
GO:0043022,0.2208237581789152,,,1,0
GO:0043024,0.4268005214570218,,,1,0
GO:0043025,0.5268843259023002,,,1,0
GO:0043027,0.9837811710390492,,,1,0
GO:0043029,0.2620090382400827,,,1,0
GO:0043031,0.150069274035386,,,1,0
GO:0043032,0.067392544803561,,,1,0
GO:0043039,0.052973970557457,,,1,0
GO:0043047,0.2099811715441568,,,1,0
GO:0043083,0.1078648159157593,,,1,0
GO:0043113,0.1220108263089017,,,1,0
GO:0043114,0.762070112425102,,,1,0
GO:0043116,0.1570018223651793,,,1,0
GO:0043117,0.054482514693245,,,1,0
GO:0043120,0.3706819892139028,,,1,0
GO:0043124,0.1129899167485104,,,1,0
GO:0043125,0.8763525897733347,,,1,0
GO:0043129,0.2261399389763365,,,1,0
GO:0043130,0.1638885561825765,,,1,0
GO:0043139,0.2586164604187548,,,1,0
GO:0043149,0.8137071718368806,,,1,0
GO:0043162,0.3013711435266194,,,1,0
GO:0043169,0.0858412344691183,,,1,0
GO:0043171,0.2489859515531691,,,1,0
GO:0043184,0.6686782254501691,,,1,0
GO:0043186,0.1496377450442585,,,1,0
GO:0043190,0.2930218142830839,,,1,0
GO:0043195,0.1743360279428426,,,1,0
GO:0043196,0.2901513076988974,,,1,0
GO:0043197,0.6128747645465458,,,1,0
GO:0043198,0.9901488716846858,,,1,0
GO:0043200,0.2588967856547983,,,1,0
GO:0043203,0.4852390282646335,,,1,0
GO:0043220,0.1396387117138892,,,1,0
GO:0043226,0.220784155144143,,,1,0
GO:0043231,0.9949432087424314,,,1,0
GO:0043232,0.3595392590759314,,,1,0
GO:0043235,0.6257886654760503,,,1,0
GO:0043236,0.2281536238656014,,,1,0
GO:0043237,0.1908600454774158,,,1,0
GO:0043240,0.4304943730751394,,,1,0
GO:0043247,0.360250990213384,,,1,0
GO:0043249,0.6546342170123354,,,1,0
GO:0043252,0.2522667369088225,,,1,0
GO:0043262,0.6878427491035248,,,1,0
GO:0043267,0.561074194161551,,,1,0
GO:0043268,0.7919276469655911,,,1,0
GO:0043269,0.1983619366026994,,,1,0
GO:0043273,0.3353062713120036,,,1,0
GO:0043274,0.5191614081644934,,,1,0
GO:0043277,0.0592605579064957,,,1,0
GO:0043279,0.0939525529507277,,,1,0
GO:0043295,0.2754236451267151,,,1,0
GO:0043297,0.5693990906623503,,,1,0
GO:0043308,0.1710271470804286,,,1,0
GO:0043320,0.9494914660786417,,,1,0
GO:0043323,0.8353069742927394,,,1,0
GO:0043328,0.4663640095772623,,,1,0
GO:0043330,0.9272984795073064,,,1,0
GO:0043335,0.0959552655347862,,,1,0
GO:0043378,0.3515419859452781,,,1,0
GO:0043382,0.7248302401184779,,,1,0
GO:0043392,0.5926967123697731,,,1,0
GO:0043395,0.3366449793160205,,,1,0
GO:0043406,0.4478012613596158,,,1,0
GO:0043407,0.3977128818727787,,,1,0
GO:0043415,0.5502134201530424,,,1,0
GO:0043422,0.9965327630773264,,,1,0
GO:0043425,0.0932789675418001,,,1,0
GO:0043473,0.1258765560247492,,,1,0
GO:0043489,0.7678157058343331,,,1,0
GO:0043490,0.4108813425365006,,,1,0
GO:0043495,0.2345878224435902,,,1,0
GO:0043504,0.589752088993344,,,1,0
GO:0043507,0.0743883661907033,,,1,0
GO:0043508,0.0985152595649636,,,1,0
GO:0043515,0.0919964820403959,,,1,0
GO:0043522,0.147069133319314,,,1,0
GO:0043523,0.14880850564645,,,1,0
GO:0043524,0.053963131202663,,,1,0
GO:0043527,0.8907074091889198,,,1,0
GO:0043531,0.140595085343162,,,1,0
GO:0043533,0.9081840726506916,,,1,0
GO:0043534,0.9341674665669104,,,1,0
GO:0043535,0.2572053568164453,,,1,0
GO:0043536,0.184094571481905,,,1,0
GO:0043537,0.4074856681019758,,,1,0
GO:0043539,0.2828372455050724,,,1,0
GO:0043541,0.4483433853170384,,,1,0
GO:0043546,0.5535234258267453,,,1,0
GO:0043548,0.4002210699146582,,,1,0
GO:0043559,0.4958440201987297,,,1,0
GO:0043560,0.6707515559121795,,,1,0
GO:0043567,0.3984928351073455,,,1,0
GO:0043568,0.0628430289485694,,,1,0
GO:0043569,0.1078783019552723,,,1,0
GO:0043588,0.2237008609837459,,,1,0
GO:0043589,0.6322830767554914,,,1,0
GO:0043616,0.6322650991439003,,,1,0
GO:0043647,0.2792456190959106,,,1,0
GO:0043648,0.2497587707165384,,,1,0
GO:0043652,0.6624077970424871,,,1,0
GO:0043653,0.3334483681143719,,,1,0
GO:0043657,0.6057018518996113,,,1,0
GO:0043679,0.3977519998844758,,,1,0
GO:0043812,0.2105533978543901,,,1,0
GO:0043813,0.3729555673820817,,,1,0
GO:0043931,0.3592032870920445,,,1,0
GO:0043933,0.1820599166283076,,,1,0
GO:0044029,0.922647222682161,,,1,0
GO:0044206,0.0966682330128332,,,1,0
GO:0044208,0.1845706033728276,,,1,0
GO:0044209,0.3400361027767163,,,1,0
GO:0044218,0.3239273725732012,,,1,0
GO:0044224,0.4704946486993776,,,1,0
GO:0044232,0.9316770306123752,,,1,0
GO:0044233,0.4891430396005182,,,1,0
GO:0044284,0.3932938004570628,,,1,0
GO:0044291,0.0689826210399311,,,1,0
GO:0044292,0.5104042476739574,,,1,0
GO:0044300,0.2717528965842213,,,1,0
GO:0044306,0.9999165256309728,,,1,0
GO:0044309,0.6260422459892592,,,1,0
GO:0044319,0.4517228914326536,,,1,0
GO:0044320,0.7270450996526259,,,1,0
GO:0044321,0.1955305970428884,,,1,0
GO:0044322,0.2885421565621081,,,1,0
GO:0044323,0.8768824629652967,,,1,0
GO:0044331,0.2486938995690678,,,1,0
GO:0044341,0.921337547424954,,,1,0
GO:0044342,0.2449772860720599,,,1,0
GO:0044344,0.1302426329623603,,,1,0
GO:0044351,0.2644646554230779,,,1,0
GO:0044354,0.2239960133647824,,,1,0
GO:0044355,0.3206647749119632,,,1,0
GO:0044381,0.4318815612274272,,,1,0
GO:0044388,0.3958615097681628,,,1,0
GO:0044389,0.4175924938410038,,,1,0
GO:0044390,0.5601792116385229,,,1,0
GO:0044391,0.6844984383593478,,,1,0
GO:0044458,0.8303296101969838,,,1,0
GO:0044528,0.2599924612486332,,,1,0
GO:0044545,0.5388580929661871,,,1,0
GO:0044548,0.9539384781330555,,,1,0
GO:0044571,0.5645660665665903,,,1,0
GO:0044572,0.6845771836883832,,,1,0
GO:0044597,0.0818122277944418,,,1,0
GO:0044598,0.2098439815104208,,,1,0
GO:0044613,0.2735630966014692,,,1,0
GO:0044666,0.8522984555404732,,,1,0
GO:0044721,0.91076146301546,,,1,0
GO:0044725,0.2300349398679033,,,1,0
GO:0044754,0.9968163832254354,,,1,0
GO:0044790,0.2823311613217457,,,1,0
GO:0044804,0.085255791066735,,,1,0
GO:0044818,0.4422104500101214,,,1,0
GO:0044828,0.0739232501413469,,,1,0
GO:0044849,0.4210830830041431,,,1,0
GO:0044853,0.6148757609639695,,,1,0
GO:0044857,0.1318659197498168,,,1,0
GO:0044877,0.1264098497516157,,,1,0
GO:0045008,0.353992134938161,,,1,0
GO:0045010,0.1419696706456837,,,1,0
GO:0045019,0.31660166652608,,,1,0
GO:0045022,0.8755973742683343,,,1,0
GO:0045028,0.6485893423309854,,,1,0
GO:0045039,0.1258168924194054,,,1,0
GO:0045040,0.6494913381196835,,,1,0
GO:0045046,0.3851322244480852,,,1,0
GO:0045047,0.1285456702974755,,,1,0
GO:0045048,0.6830958849241456,,,1,0
GO:0045054,0.4792822786735442,,,1,0
GO:0045055,0.3207830137763394,,,1,0
GO:0045056,0.8673696357405739,,,1,0
GO:0045064,0.3583060939624853,,,1,0
GO:0045066,0.1654314200255706,,,1,0
GO:0045070,0.8045659230322151,,,1,0
GO:0045095,0.5329480956138853,,,1,0
GO:0045104,0.4749561434532352,,,1,0
GO:0045109,0.8992089970927268,,,1,0
GO:0045110,0.8104951364208293,,,1,0
GO:0045111,0.6634480069111172,,,1,0
GO:0045120,0.8721571213912963,,,1,0
GO:0045121,0.8346550895906232,,,1,0
GO:0045124,0.4554875352322355,,,1,0
GO:0045131,0.1091623158611694,,,1,0
GO:0045134,0.8914802188665544,,,1,0
GO:0045143,0.9629261809282028,,,1,0
GO:0045145,0.1738479114639397,,,1,0
GO:0045159,0.9188644711109044,,,1,0
GO:0045162,0.9352733774061318,,,1,0
GO:0045163,0.097327805148023,,,1,0
GO:0045165,0.0825474844415853,,,1,0
GO:0045171,0.9362043520926516,,,1,0
GO:0045177,0.1161341454995903,,,1,0
GO:0045179,0.1897359335472007,,,1,0
GO:0045182,0.3373272804695466,,,1,0
GO:0045187,0.2526807261621444,,,1,0
GO:0045190,0.5431941850742553,,,1,0
GO:0045198,0.0689416693015733,,,1,0
GO:0045199,0.0856780631422075,,,1,0
GO:0045214,0.4130073179412468,,,1,0
GO:0045217,0.0891559341104011,,,1,0
GO:0045236,0.0806064484098446,,,1,0
GO:0045252,0.6655781217204564,,,1,0
GO:0045254,0.1360631151324665,,,1,0
GO:0045277,0.0562433281602726,,,1,0
GO:0045292,0.0610408113417407,,,1,0
GO:0045294,0.466935504278497,,,1,0
GO:0045295,0.8682539649078682,,,1,0
GO:0045322,0.2010606940150916,,,1,0
GO:0045324,0.8308523320640683,,,1,0
GO:0045329,0.6436405611167131,,,1,0
GO:0045334,0.9348783981517212,,,1,0
GO:0045335,0.0677205473266853,,,1,0
GO:0045345,0.4999901643168698,,,1,0
GO:0045348,0.7698919757062919,,,1,0
GO:0045446,0.568783680927031,,,1,0
GO:0045453,0.7968741076338417,,,1,0
GO:0045471,0.984475320951632,,,1,0
GO:0045475,0.4778775592697741,,,1,0
GO:0045494,0.9540291836579496,,,1,0
GO:0045503,0.4605127738872351,,,1,0
GO:0045504,0.6445198230215015,,,1,0
GO:0045505,0.0863730003679704,,,1,0
GO:0045540,0.188999782976728,,,1,0
GO:0045541,0.9451975867968616,,,1,0
GO:0045542,0.3594955312402946,,,1,0
GO:0045545,0.5392918226778107,,,1,0
GO:0045569,0.905324585074804,,,1,0
GO:0045576,0.9823558133968257,,,1,0
GO:0045577,0.2650588518755962,,,1,0
GO:0045579,0.8680434454486301,,,1,0
GO:0045591,0.0591562280699614,,,1,0
GO:0045602,0.1263695737804606,,,1,0
GO:0045603,0.9581551378055052,,,1,0
GO:0045606,0.6603061642866963,,,1,0
GO:0045616,0.128113797491085,,,1,0
GO:0045617,0.7056406775634853,,,1,0
GO:0045618,0.721136722291277,,,1,0
GO:0045630,0.1007627980143978,,,1,0
GO:0045647,0.7433750244011283,,,1,0
GO:0045651,0.35156728634034,,,1,0
GO:0045652,0.400520235592115,,,1,0
GO:0045654,0.950040121788067,,,1,0
GO:0045656,0.6685489103955906,,,1,0
GO:0045657,0.3473066124485661,,,1,0
GO:0045661,0.5301290792636704,,,1,0
GO:0045670,0.5002861151698643,,,1,0
GO:0045672,0.374744846033898,,,1,0
GO:0045684,0.5076961771874691,,,1,0
GO:0045717,0.1422892062238307,,,1,0
GO:0045719,0.4859887140340613,,,1,0
GO:0045721,0.8594580116285861,,,1,0
GO:0045722,0.6338618719854345,,,1,0
GO:0045723,0.3102099111208297,,,1,0
GO:0045725,0.2638230757151459,,,1,0
GO:0045736,0.6665631774571827,,,1,0
GO:0045737,0.2949757885202269,,,1,0
GO:0045740,0.5131810807655246,,,1,0
GO:0045742,0.6555934703789194,,,1,0
GO:0045745,0.7121609085388096,,,1,0
GO:0045746,0.7152651220465298,,,1,0
GO:0045747,0.9216266271308532,,,1,0
GO:0045760,0.6427596106186702,,,1,0
GO:0045762,0.1774000316801662,,,1,0
GO:0045765,0.3437017949882552,,,1,0
GO:0045766,0.1675952775146811,,,1,0
GO:0045773,0.6796778910182083,,,1,0
GO:0045776,0.8334440871545727,,,1,0
GO:0045777,0.8156477280184868,,,1,0
GO:0045780,0.951965535571734,,,1,0
GO:0045787,0.1306284888004033,,,1,0
GO:0045792,0.1763440238243592,,,1,0
GO:0045806,0.0698786005379532,,,1,0
GO:0045815,0.0969409817014074,,,1,0
GO:0045820,0.9856474550270102,,,1,0
GO:0045821,0.2015760856436594,,,1,0
GO:0045823,0.9313013354593608,,,1,0
GO:0045830,0.2612954690854452,,,1,0
GO:0045838,0.8439928562565984,,,1,0
GO:0045839,0.963658157837267,,,1,0
GO:0045840,0.6437821864841584,,,1,0
GO:0045842,0.8581256895582767,,,1,0
GO:0045860,0.8141760774823901,,,1,0
GO:0045862,0.1098386260775,,,1,0
GO:0045869,0.985768911767127,,,1,0
GO:0045880,0.9598211998291492,,,1,0
GO:0045906,0.1243346785578283,,,1,0
GO:0045907,0.1754265007960812,,,1,0
GO:0045910,0.1518430869766915,,,1,0
GO:0045920,0.8359430408460189,,,1,0
GO:0045921,0.6103501787365018,,,1,0
GO:0045922,0.3293180893098905,,,1,0
GO:0045923,0.4262514939396616,,,1,0
GO:0045933,0.9335900170405276,,,1,0
GO:0045948,0.1716325360920235,,,1,0
GO:0045955,0.8396470118070795,,,1,0
GO:0045956,0.3335587743029031,,,1,0
GO:0045959,0.1626233891387083,,,1,0
GO:0045987,0.8538926492827495,,,1,0
GO:0045995,0.0682661506598564,,,1,0
GO:0046007,0.4796470670693941,,,1,0
GO:0046033,0.4455548457147925,,,1,0
GO:0046037,0.3098734887634548,,,1,0
GO:0046038,0.7832637125324259,,,1,0
GO:0046039,0.436403241510743,,,1,0
GO:0046055,0.9990362768786952,,,1,0
GO:0046059,0.8312640746157187,,,1,0
GO:0046068,0.9346924551406408,,,1,0
GO:0046069,0.8476353313485637,,,1,0
GO:0046085,0.357838924255531,,,1,0
GO:0046222,0.457496571023209,,,1,0
GO:0046314,0.6341750958057503,,,1,0
GO:0046321,0.8655289753561538,,,1,0
GO:0046322,0.3101417863412891,,,1,0
GO:0046324,0.9361034133789908,,,1,0
GO:0046326,0.5237711755240523,,,1,0
GO:0046330,0.4901304468209706,,,1,0
GO:0046337,0.7988141162127458,,,1,0
GO:0046339,0.306457966610645,,,1,0
GO:0046340,0.7810779551655197,,,1,0
GO:0046415,0.5748556435364267,,,1,0
GO:0046425,0.3215387444744212,,,1,0
GO:0046426,0.1345269590680999,,,1,0
GO:0046457,0.7611724981215933,,,1,0
GO:0046470,0.4133011625625107,,,1,0
GO:0046471,0.9229036494330828,,,1,0
GO:0046473,0.2488931466405665,,,1,0
GO:0046475,0.1084526630148752,,,1,0
GO:0046479,0.4967370135171226,,,1,0
GO:0046485,0.4582202265342164,,,1,0
GO:0046487,0.24097597940359,,,1,0
GO:0046512,0.5460537752200743,,,1,0
GO:0046513,0.4700683517958819,,,1,0
GO:0046514,0.6141943343119997,,,1,0
GO:0046527,0.6458400601345258,,,1,0
GO:0046540,0.1704283553143587,,,1,0
GO:0046548,0.8569866792351427,,,1,0
GO:0046549,0.6078154914020035,,,1,0
GO:0046578,0.0524607339846189,,,1,0
GO:0046580,0.7977415232317601,,,1,0
GO:0046581,0.9056009404703326,,,1,0
GO:0046597,0.0670554056713215,,,1,0
GO:0046598,0.132365807670837,,,1,0
GO:0046599,0.5418992211905596,,,1,0
GO:0046601,0.3904568033710802,,,1,0
GO:0046602,0.5162719600291514,,,1,0
GO:0046626,0.6686719758596232,,,1,0
GO:0046627,0.8427735628151276,,,1,0
GO:0046628,0.4809770432580286,,,1,0
GO:0046629,0.1427685776494422,,,1,0
GO:0046638,0.8003969399706404,,,1,0
GO:0046653,0.2611625405467268,,,1,0
GO:0046654,0.0975026896764306,,,1,0
GO:0046655,0.5096656341438838,,,1,0
GO:0046676,0.1265548965486003,,,1,0
GO:0046677,0.9772828752455738,,,1,0
GO:0046685,0.6664369146681275,,,1,0
GO:0046686,0.6965313222810938,,,1,0
GO:0046688,0.451893421421456,,,1,0
GO:0046689,0.1802885547433647,,,1,0
GO:0046696,0.8859088438304826,,,1,0
GO:0046697,0.5870137851509437,,,1,0
GO:0046703,0.5079759935313419,,,1,0
GO:0046710,0.7642583822741084,,,1,0
GO:0046716,0.5321401045432532,,,1,0
GO:0046755,0.1620132623653014,,,1,0
GO:0046785,0.345169800068048,,,1,0
GO:0046790,0.0667595774866529,,,1,0
GO:0046813,0.2939810396377591,,,1,0
GO:0046826,0.6565595114770166,,,1,0
GO:0046833,0.0507024743168562,,,1,0
GO:0046834,0.0637494140379894,,,1,0
GO:0046847,0.276435015355041,,,1,0
GO:0046849,0.6611140637799957,,,1,0
GO:0046850,0.9012352842674776,,,1,0
GO:0046854,0.925807839141516,,,1,0
GO:0046870,0.8037024388660973,,,1,0
GO:0046873,0.3910661210455912,,,1,0
GO:0046875,0.6620881892176207,,,1,0
GO:0046887,0.1283646752586267,,,1,0
GO:0046888,0.2770484711713331,,,1,0
GO:0046889,0.4877833599137287,,,1,0
GO:0046890,0.2144045720526781,,,1,0
GO:0046902,0.6502888350526658,,,1,0
GO:0046914,0.2366713069309958,,,1,0
GO:0046920,0.9767222967203462,,,1,0
GO:0046923,0.7396325089487186,,,1,0
GO:0046928,0.3976386276362308,,,1,0
GO:0046929,0.9254498513053504,,,1,0
GO:0046933,0.0660306924466045,,,1,0
GO:0046934,0.6867049756214485,,,1,0
GO:0046935,0.5642944661101745,,,1,0
GO:0046940,0.6897760171299763,,,1,0
GO:0046943,0.5544184083206949,,,1,0
GO:0046949,0.7964928835169993,,,1,0
GO:0046951,0.67700723997221,,,1,0
GO:0046983,0.6989260463521612,,,1,0
GO:0046985,0.7919903542913288,,,1,0
GO:0047023,0.8140482041558056,,,1,0
GO:0047024,0.6235258099073319,,,1,0
GO:0047035,0.901873466446108,,,1,0
GO:0047044,0.8068655843466783,,,1,0
GO:0047045,0.2764695444767179,,,1,0
GO:0047086,0.6645064359098884,,,1,0
GO:0047144,0.5766061327357377,,,1,0
GO:0047184,0.1005638660942096,,,1,0
GO:0047238,0.5284197138498992,,,1,0
GO:0047372,0.1124834236985991,,,1,0
GO:0047429,0.6047000457083856,,,1,0
GO:0047496,0.94588514333272,,,1,0
GO:0047497,0.9564345772069892,,,1,0
GO:0047555,0.3496933904970482,,,1,0
GO:0047617,0.0703774146531195,,,1,0
GO:0047631,0.6150313610479252,,,1,0
GO:0047961,0.1388476908707592,,,1,0
GO:0048006,0.3643386036751953,,,1,0
GO:0048007,0.3643386036751953,,,1,0
GO:0048009,0.1157610241024271,,,1,0
GO:0048010,0.3642895937510841,,,1,0
GO:0048011,0.0562542138815375,,,1,0
GO:0048012,0.167030552542716,,,1,0
GO:0048015,0.7477525527380708,,,1,0
GO:0048019,0.55776929968203,,,1,0
GO:0048020,0.5241769123562084,,,1,0
GO:0048022,0.9317983762351704,,,1,0
GO:0048023,0.1514374746986023,,,1,0
GO:0048026,0.2227001478241246,,,1,0
GO:0048038,0.9806061672395662,,,1,0
GO:0048039,0.2791027726582982,,,1,0
GO:0048041,0.599329713740482,,,1,0
GO:0048048,0.444441979642289,,,1,0
GO:0048066,0.7638151520228775,,,1,0
GO:0048069,0.6600545244530641,,,1,0
GO:0048102,0.6519695075860849,,,1,0
GO:0048143,0.1117643007016226,,,1,0
GO:0048146,0.3746244669051778,,,1,0
GO:0048148,0.579574176436688,,,1,0
GO:0048149,0.2125531624067619,,,1,0
GO:0048156,0.0940311103182265,,,1,0
GO:0048167,0.7664074795051461,,,1,0
GO:0048168,0.3506853182160199,,,1,0
GO:0048169,0.3456431146855679,,,1,0
GO:0048170,0.8748720461741674,,,1,0
GO:0048172,0.3974634584690081,,,1,0
GO:0048179,0.1474148947210453,,,1,0
GO:0048185,0.6062120840676954,,,1,0
GO:0048205,0.644693124812138,,,1,0
GO:0048208,0.4376414096773345,,,1,0
GO:0048227,0.2047198741725322,,,1,0
GO:0048245,0.4302022428622055,,,1,0
GO:0048251,0.4033193866487956,,,1,0
GO:0048259,0.7934987692302206,,,1,0
GO:0048260,0.2023465751464473,,,1,0
GO:0048261,0.0890007205215446,,,1,0
GO:0048263,0.9455945005231888,,,1,0
GO:0048265,0.933650540979612,,,1,0
GO:0048266,0.883723055417351,,,1,0
GO:0048273,0.3335122475734158,,,1,0
GO:0048278,0.0565875564869026,,,1,0
GO:0048280,0.3346758172059858,,,1,0
GO:0048286,0.0514699130731032,,,1,0
GO:0048298,0.9363887543306096,,,1,0
GO:0048304,0.3961199989112484,,,1,0
GO:0048306,0.7671996338920255,,,1,0
GO:0048311,0.0865459420284556,,,1,0
GO:0048333,0.4036593321047453,,,1,0
GO:0048384,0.8081784714574052,,,1,0
GO:0048386,0.2285929440534863,,,1,0
GO:0048387,0.436459169420734,,,1,0
GO:0048407,0.6238601766453133,,,1,0
GO:0048469,0.1393759644963831,,,1,0
GO:0048471,0.5372450421710557,,,1,0
GO:0048477,0.4729793717879931,,,1,0
GO:0048484,0.1567696349357037,,,1,0
GO:0048487,0.6162635500057798,,,1,0
GO:0048489,0.7340619367446648,,,1,0
GO:0048490,0.2558572037349363,,,1,0
GO:0048495,0.527460155266885,,,1,0
GO:0048499,0.073926326414523,,,1,0
GO:0048500,0.4706330990956983,,,1,0
GO:0048515,0.6786341918699212,,,1,0
GO:0048535,0.1237356112836804,,,1,0
GO:0048536,0.6049336702016286,,,1,0
GO:0048549,0.3915815392977908,,,1,0
GO:0048557,0.2627023531085385,,,1,0
GO:0048565,0.062447997560239,,,1,0
GO:0048566,0.1791384924147054,,,1,0
GO:0048568,0.0696733010683603,,,1,0
GO:0048596,0.2384660529772424,,,1,0
GO:0048599,0.2050871554953721,,,1,0
GO:0048646,0.8591811716990546,,,1,0
GO:0048661,0.9079536689112826,,,1,0
GO:0048662,0.4037650869901484,,,1,0
GO:0048665,0.1323498941756094,,,1,0
GO:0048667,0.3445868229470541,,,1,0
GO:0048671,0.9495726567188352,,,1,0
GO:0048675,0.2642122167172737,,,1,0
GO:0048681,0.5865733796453448,,,1,0
GO:0048701,0.0543301827135848,,,1,0
GO:0048703,0.2241090238082737,,,1,0
GO:0048704,0.2369895942949534,,,1,0
GO:0048706,0.6925704141162996,,,1,0
GO:0048708,0.0500268963281111,,,1,0
GO:0048709,0.9659959657944406,,,1,0
GO:0048713,0.2106184948918188,,,1,0
GO:0048714,0.5711825386793051,,,1,0
GO:0048715,0.181607002232145,,,1,0
GO:0048738,0.7129869438729624,,,1,0
GO:0048741,0.0709855336606984,,,1,0
GO:0048743,0.6500897204056145,,,1,0
GO:0048762,0.2156557733869917,,,1,0
GO:0048763,0.0752465078746796,,,1,0
GO:0048771,0.2471700817345296,,,1,0
GO:0048786,0.5008300788942956,,,1,0
GO:0048787,0.6858839625986133,,,1,0
GO:0048790,0.1209166959784288,,,1,0
GO:0048793,0.0606263320354473,,,1,0
GO:0048806,0.306366338832426,,,1,0
GO:0048812,0.7455285591514218,,,1,0
GO:0048813,0.7053276259265598,,,1,0
GO:0048814,0.1406527938046408,,,1,0
GO:0048821,0.0927192987310834,,,1,0
GO:0048839,0.8398105111072558,,,1,0
GO:0048840,0.148494923434485,,,1,0
GO:0048842,0.6521996403620927,,,1,0
GO:0048844,0.8154301567699708,,,1,0
GO:0048846,0.8766753941667678,,,1,0
GO:0048853,0.391739554177452,,,1,0
GO:0048854,0.7863788575458497,,,1,0
GO:0048861,0.8833403929785603,,,1,0
GO:0048864,0.0711187274250328,,,1,0
GO:0048874,0.9852839930469126,,,1,0
GO:0048935,0.2790013751580984,,,1,0
GO:0050145,0.2863955815309102,,,1,0
GO:0050220,0.8699916648820676,,,1,0
GO:0050253,0.059017015833883,,,1,0
GO:0050291,0.4841040453453953,,,1,0
GO:0050321,0.4719098571704038,,,1,0
GO:0050427,0.2892047753835467,,,1,0
GO:0050431,0.3942805237589787,,,1,0
GO:0050435,0.7809997404431993,,,1,0
GO:0050436,0.7480370898710844,,,1,0
GO:0050482,0.7701756957952166,,,1,0
GO:0050649,0.974969783884044,,,1,0
GO:0050660,0.3154816015181869,,,1,0
GO:0050664,0.7484828216687843,,,1,0
GO:0050665,0.4827112958360809,,,1,0
GO:0050667,0.2819029425165581,,,1,0
GO:0050681,0.1287889338788782,,,1,0
GO:0050687,0.7499371373351957,,,1,0
GO:0050693,0.7346683561607787,,,1,0
GO:0050699,0.5914717152188509,,,1,0
GO:0050700,0.1173170874592889,,,1,0
GO:0050708,0.0517339065336446,,,1,0
GO:0050709,0.2671219465369193,,,1,0
GO:0050714,0.603509109693513,,,1,0
GO:0050728,0.1064231553138346,,,1,0
GO:0050731,0.2652085535130384,,,1,0
GO:0050732,0.0607491611826685,,,1,0
GO:0050750,0.660129048990159,,,1,0
GO:0050764,0.3444651060484672,,,1,0
GO:0050766,0.2116338389569917,,,1,0
GO:0050770,0.698559272216257,,,1,0
GO:0050771,0.7280142098375793,,,1,0
GO:0050772,0.7006378196622454,,,1,0
GO:0050773,0.9891695023870236,,,1,0
GO:0050774,0.9054944217056644,,,1,0
GO:0050775,0.6154595025708147,,,1,0
GO:0050795,0.3046285089294406,,,1,0
GO:0050796,0.9525216526688712,,,1,0
GO:0050803,0.0736783937345812,,,1,0
GO:0050804,0.4182887653132299,,,1,0
GO:0050805,0.5269091719072543,,,1,0
GO:0050806,0.5698293642553571,,,1,0
GO:0050807,0.7867945453171015,,,1,0
GO:0050808,0.4834062737982186,,,1,0
GO:0050810,0.2442599688878087,,,1,0
GO:0050811,0.8840156067279807,,,1,0
GO:0050815,0.7379761683221379,,,1,0
GO:0050819,0.4241437886058574,,,1,0
GO:0050833,0.1083994470758001,,,1,0
GO:0050840,0.5937388635847826,,,1,0
GO:0050847,0.671111570849586,,,1,0
GO:0050848,0.2290037391930475,,,1,0
GO:0050849,0.4019770113079832,,,1,0
GO:0050850,0.723363262949577,,,1,0
GO:0050859,0.3222801342133211,,,1,0
GO:0050872,0.4423139522617257,,,1,0
GO:0050877,0.1568902371675049,,,1,0
GO:0050885,0.1692888012939112,,,1,0
GO:0050890,0.7742645225959562,,,1,0
GO:0050901,0.4117368297465628,,,1,0
GO:0050905,0.1201929675805801,,,1,0
GO:0050909,0.5263054068361062,,,1,0
GO:0050910,0.7488565696462982,,,1,0
GO:0050915,0.3372830568443817,,,1,0
GO:0050916,0.5819315840549519,,,1,0
GO:0050918,0.256256051394372,,,1,0
GO:0050927,0.051891295236148,,,1,0
GO:0050930,0.1665971396370515,,,1,0
GO:0050953,0.3683242684879663,,,1,0
GO:0050965,0.9631491383563976,,,1,0
GO:0050966,0.3523850016133164,,,1,0
GO:0050974,0.2751955259115595,,,1,0
GO:0050982,0.5270910370230499,,,1,0
GO:0050995,0.0666046186397221,,,1,0
GO:0050996,0.7302695279712444,,,1,0
GO:0050998,0.5707039426035558,,,1,0
GO:0051010,0.3294945314707704,,,1,0
GO:0051013,0.1059152297322092,,,1,0
GO:0051014,0.9114079607278042,,,1,0
GO:0051015,0.1886809318118761,,,1,0
GO:0051016,0.7453696255665565,,,1,0
GO:0051019,0.4847200904099711,,,1,0
GO:0051020,0.6793103258377909,,,1,0
GO:0051026,0.3646220406071601,,,1,0
GO:0051046,0.278291886421677,,,1,0
GO:0051053,0.9643215553627692,,,1,0
GO:0051055,0.091449023942016,,,1,0
GO:0051057,0.3736589401047565,,,1,0
GO:0051058,0.1386337772022055,,,1,0
GO:0051059,0.2905436799744826,,,1,0
GO:0051117,0.7985649119798419,,,1,0
GO:0051123,0.9758789442123552,,,1,0
GO:0051124,0.0918518077745096,,,1,0
GO:0051131,0.4144028386615331,,,1,0
GO:0051132,0.5106697974980445,,,1,0
GO:0051146,0.3485317020784582,,,1,0
GO:0051147,0.2569140356023454,,,1,0
GO:0051149,0.5282075884094126,,,1,0
GO:0051151,0.3404176130692636,,,1,0
GO:0051152,0.5555399890312729,,,1,0
GO:0051156,0.0853444303664145,,,1,0
GO:0051177,0.8667984854784195,,,1,0
GO:0051180,0.3186526463867305,,,1,0
GO:0051205,0.535191963283922,,,1,0
GO:0051209,0.2290427510070121,,,1,0
GO:0051213,0.8941609528134953,,,1,0
GO:0051216,0.856722927391286,,,1,0
GO:0051219,0.7995350431606225,,,1,0
GO:0051225,0.0655240677548653,,,1,0
GO:0051233,0.3339914454745452,,,1,0
GO:0051262,0.5032014622378971,,,1,0
GO:0051279,0.8869795712554934,,,1,0
GO:0051281,0.0830251741158469,,,1,0
GO:0051287,0.2196822743307191,,,1,0
GO:0051289,0.2567958688810526,,,1,0
GO:0051290,0.18931906726301,,,1,0
GO:0051291,0.1123501886650608,,,1,0
GO:0051293,0.9803470392719988,,,1,0
GO:0051302,0.1069011935204632,,,1,0
GO:0051310,0.6467756368760804,,,1,0
GO:0051315,0.5327692013253145,,,1,0
GO:0051321,0.6256761498001246,,,1,0
GO:0051371,0.8373757018383673,,,1,0
GO:0051378,0.7264572029194504,,,1,0
GO:0051379,0.7803019051860437,,,1,0
GO:0051382,0.6764840298692871,,,1,0
GO:0051384,0.5027125244312101,,,1,0
GO:0051393,0.5103995544944475,,,1,0
GO:0051403,0.3992217207694555,,,1,0
GO:0051412,0.3413934608409186,,,1,0
GO:0051414,0.3251305140485963,,,1,0
GO:0051428,0.2527622285258408,,,1,0
GO:0051434,0.1870732221628294,,,1,0
GO:0051443,0.1888808112781113,,,1,0
GO:0051445,0.7674328689829747,,,1,0
GO:0051450,0.6581102710577488,,,1,0
GO:0051451,0.0858148502237134,,,1,0
GO:0051453,0.4039961930985827,,,1,0
GO:0051457,0.997294843866652,,,1,0
GO:0051480,0.080698858742262,,,1,0
GO:0051481,0.2585692104187489,,,1,0
GO:0051489,0.5063258415955261,,,1,0
GO:0051490,0.7102934644395914,,,1,0
GO:0051491,0.0726631801485674,,,1,0
GO:0051492,0.7234069410495783,,,1,0
GO:0051496,0.8076021051819683,,,1,0
GO:0051497,0.2310528569390024,,,1,0
GO:0051525,0.7061980810009221,,,1,0
GO:0051536,0.3495247793740417,,,1,0
GO:0051539,0.2731308055631103,,,1,0
GO:0051561,0.3054605214413025,,,1,0
GO:0051575,0.1389431180603743,,,1,0
GO:0051584,0.4383563155172455,,,1,0
GO:0051591,0.3483668501994031,,,1,0
GO:0051593,0.3691356847237932,,,1,0
GO:0051597,0.7893776151618993,,,1,0
GO:0051602,0.427427605563186,,,1,0
GO:0051610,0.6063715427483068,,,1,0
GO:0051620,0.3505226514645866,,,1,0
GO:0051639,0.0885637350047401,,,1,0
GO:0051646,0.4671715670903382,,,1,0
GO:0051660,0.1812875145315324,,,1,0
GO:0051664,0.4970202901569076,,,1,0
GO:0051683,0.1210294835861757,,,1,0
GO:0051693,0.4714444325771064,,,1,0
GO:0051694,0.8349998800727785,,,1,0
GO:0051697,0.2098772514585249,,,1,0
GO:0051702,0.4187294963462905,,,1,0
GO:0051721,0.4284126630535686,,,1,0
GO:0051724,0.7805202302625424,,,1,0
GO:0051725,0.2288830697911039,,,1,0
GO:0051754,0.2670996534486384,,,1,0
GO:0051764,0.7922607205640754,,,1,0
GO:0051775,0.1121674070189087,,,1,0
GO:0051781,0.6972601498886974,,,1,0
GO:0051782,0.495434138471135,,,1,0
GO:0051787,0.1635730562040358,,,1,0
GO:0051791,0.1248078480742606,,,1,0
GO:0051792,0.2410544872241221,,,1,0
GO:0051793,0.3171273545926107,,,1,0
GO:0051798,0.9711668568984146,,,1,0
GO:0051861,0.2008256720310239,,,1,0
GO:0051865,0.5037434140293509,,,1,0
GO:0051879,0.2326261736484306,,,1,0
GO:0051880,0.4127518865043067,,,1,0
GO:0051893,0.2474195966304505,,,1,0
GO:0051894,0.8016722123002193,,,1,0
GO:0051895,0.1154313917689639,,,1,0
GO:0051898,0.9876717652835828,,,1,0
GO:0051899,0.4193136966846152,,,1,0
GO:0051901,0.9923385170619338,,,1,0
GO:0051902,0.6841081463450557,,,1,0
GO:0051918,0.7551551579346409,,,1,0
GO:0051923,0.0858445869840774,,,1,0
GO:0051926,0.0512961653894233,,,1,0
GO:0051930,0.4281922517472012,,,1,0
GO:0051932,0.9279339494414662,,,1,0
GO:0051938,0.5844328460223909,,,1,0
GO:0051939,0.2138078161235456,,,1,0
GO:0051959,0.1551763105076443,,,1,0
GO:0051964,0.0542108737866151,,,1,0
GO:0051966,0.4128218223315614,,,1,0
GO:0051968,0.6429614312968592,,,1,0
GO:0051970,0.2364910028554601,,,1,0
GO:0051971,0.7584829999798073,,,1,0
GO:0051984,0.2486570637800607,,,1,0
GO:0051988,0.9811656410828624,,,1,0
GO:0052629,0.2297991315456561,,,1,0
GO:0052642,0.256449796413663,,,1,0
GO:0052650,0.8205601944350455,,,1,0
GO:0052658,0.7516562626006889,,,1,0
GO:0052659,0.7261227278444913,,,1,0
GO:0052742,0.8986361059560463,,,1,0
GO:0052816,0.401753945537621,,,1,0
GO:0052866,0.0795284860952857,,,1,0
GO:0052869,0.6096159179735297,,,1,0
GO:0055001,0.7747575977885247,,,1,0
GO:0055003,0.716441155480883,,,1,0
GO:0055008,0.2052488593819709,,,1,0
GO:0055009,0.5654823921352824,,,1,0
GO:0055010,0.7303237254459827,,,1,0
GO:0055013,0.5049014345944665,,,1,0
GO:0055015,0.2070719699390016,,,1,0
GO:0055037,0.4369873910071571,,,1,0
GO:0055038,0.0913695721726492,,,1,0
GO:0055056,0.0715337972623801,,,1,0
GO:0055062,0.7367673481434127,,,1,0
GO:0055074,0.6557621651646427,,,1,0
GO:0055075,0.4355446648605363,,,1,0
GO:0055078,0.8986103160455408,,,1,0
GO:0055089,0.1522848960670943,,,1,0
GO:0055090,0.7795880665306814,,,1,0
GO:0055091,0.2860607191482665,,,1,0
GO:0055102,0.3610772397148623,,,1,0
GO:0055117,0.9198390784916838,,,1,0
GO:0055118,0.0878214844172746,,,1,0
GO:0055129,0.4142284457573337,,,1,0
GO:0055131,0.6924689051454598,,,1,0
GO:0060009,0.9733098426226848,,,1,0
GO:0060021,0.3115690628580894,,,1,0
GO:0060042,0.5152989088822091,,,1,0
GO:0060044,0.3714510414939869,,,1,0
GO:0060045,0.316065841029739,,,1,0
GO:0060047,0.2864617477996877,,,1,0
GO:0060048,0.2182582534783604,,,1,0
GO:0060054,0.8549996491927568,,,1,0
GO:0060059,0.2375516082905436,,,1,0
GO:0060074,0.2409952300342048,,,1,0
GO:0060076,0.9749920640281868,,,1,0
GO:0060077,0.6079949602280003,,,1,0
GO:0060078,0.83171036981679,,,1,0
GO:0060079,0.661952579227795,,,1,0
GO:0060080,0.6845332018560635,,,1,0
GO:0060087,0.1601712814431982,,,1,0
GO:0060088,0.3463848601379906,,,1,0
GO:0060090,0.2451087728121431,,,1,0
GO:0060091,0.108342385435172,,,1,0
GO:0060117,0.4079989179489498,,,1,0
GO:0060119,0.1971168157557074,,,1,0
GO:0060122,0.4730035010402419,,,1,0
GO:0060134,0.5836682421244019,,,1,0
GO:0060155,0.0963326602659093,,,1,0
GO:0060158,0.8423863450130248,,,1,0
GO:0060170,0.5993523672530983,,,1,0
GO:0060171,0.2409404689371823,,,1,0
GO:0060174,0.0851846605072962,,,1,0
GO:0060213,0.4027000739264208,,,1,0
GO:0060228,0.3549483608169326,,,1,0
GO:0060236,0.2981158806244308,,,1,0
GO:0060252,0.411230072524355,,,1,0
GO:0060253,0.7366018336843184,,,1,0
GO:0060261,0.929416242132611,,,1,0
GO:0060267,0.0798389434909419,,,1,0
GO:0060285,0.0688139880507112,,,1,0
GO:0060287,0.1095433433910805,,,1,0
GO:0060291,0.4355692314558391,,,1,0
GO:0060292,0.2222416975255521,,,1,0
GO:0060294,0.1176710187064773,,,1,0
GO:0060296,0.9386914515690964,,,1,0
GO:0060298,0.7729798518126673,,,1,0
GO:0060304,0.9362131711277673,,,1,0
GO:0060306,0.3923470289888596,,,1,0
GO:0060307,0.0851272599758286,,,1,0
GO:0060312,0.7686728649855068,,,1,0
GO:0060324,0.5942378836899638,,,1,0
GO:0060333,0.6029747054875828,,,1,0
GO:0060347,0.6572196902695834,,,1,0
GO:0060349,0.5388181585751779,,,1,0
GO:0060354,0.7061109251280053,,,1,0
GO:0060369,0.1710016123749058,,,1,0
GO:0060371,0.403246965532481,,,1,0
GO:0060372,0.5665446274363577,,,1,0
GO:0060373,0.2696394952814565,,,1,0
GO:0060382,0.0809440876718116,,,1,0
GO:0060384,0.0968340748521799,,,1,0
GO:0060385,0.473001930438057,,,1,0
GO:0060391,0.4735867062091927,,,1,0
GO:0060392,0.5405975287018279,,,1,0
GO:0060395,0.1151688782802057,,,1,0
GO:0060396,0.4609085432175585,,,1,0
GO:0060397,0.8715138470014531,,,1,0
GO:0060402,0.0641139221111806,,,1,0
GO:0060411,0.2652871234733769,,,1,0
GO:0060413,0.2091139811914864,,,1,0
GO:0060414,0.0730370032266229,,,1,0
GO:0060416,0.4415328212425913,,,1,0
GO:0060452,0.1090177028150674,,,1,0
GO:0060468,0.6454168846236551,,,1,0
GO:0060473,0.9566911595792692,,,1,0
GO:0060478,0.2015960633781011,,,1,0
GO:0060485,0.1968022018219588,,,1,0
GO:0060537,0.3457286664556542,,,1,0
GO:0060539,0.2208713402749863,,,1,0
GO:0060545,0.1310263877117059,,,1,0
GO:0060546,0.7960363467279407,,,1,0
GO:0060562,0.699917705516995,,,1,0
GO:0060575,0.2159441509655113,,,1,0
GO:0060586,0.579396913221009,,,1,0
GO:0060628,0.3561450293177897,,,1,0
GO:0060632,0.1649926104662653,,,1,0
GO:0060633,0.1057311926795272,,,1,0
GO:0060644,0.0853490689089238,,,1,0
GO:0060729,0.9320194949592282,,,1,0
GO:0060732,0.2319869119699781,,,1,0
GO:0060754,0.5778818040928893,,,1,0
GO:0060760,0.7413207104360173,,,1,0
GO:0060761,0.8673540804396197,,,1,0
GO:0060816,0.0800103442893764,,,1,0
GO:0060836,0.4333684941356649,,,1,0
GO:0060840,0.07136685150815,,,1,0
GO:0060841,0.8960469803585032,,,1,0
GO:0060923,0.48633096677133,,,1,0
GO:0060956,0.4356587567239433,,,1,0
GO:0060964,0.3370803491712797,,,1,0
GO:0060976,0.3012371387873555,,,1,0
GO:0060982,0.4171534599816557,,,1,0
GO:0060992,0.5772369451777684,,,1,0
GO:0060997,0.7226329058275417,,,1,0
GO:0060999,0.5025216849529984,,,1,0
GO:0061001,0.406144755913723,,,1,0
GO:0061002,0.0760761798664571,,,1,0
GO:0061003,0.1290289651439768,,,1,0
GO:0061025,0.2247742794423126,,,1,0
GO:0061029,0.1494082811497544,,,1,0
GO:0061036,0.8845996652164054,,,1,0
GO:0061041,0.0716742695361437,,,1,0
GO:0061042,0.1676439957629885,,,1,0
GO:0061044,0.3024752060580465,,,1,0
GO:0061045,0.519116331618283,,,1,0
GO:0061049,0.8915099053993718,,,1,0
GO:0061051,0.4634958404362355,,,1,0
GO:0061052,0.450542834231922,,,1,0
GO:0061053,0.4766911612564478,,,1,0
GO:0061072,0.1002365473858179,,,1,0
GO:0061098,0.9359953228727578,,,1,0
GO:0061154,0.8579402769644302,,,1,0
GO:0061178,0.1057791285648679,,,1,0
GO:0061179,0.4528617812525773,,,1,0
GO:0061180,0.6530255957035251,,,1,0
GO:0061202,0.2731104217372295,,,1,0
GO:0061298,0.1954346243269161,,,1,0
GO:0061303,0.3099693187768143,,,1,0
GO:0061337,0.5959549467697072,,,1,0
GO:0061431,0.1982233849217268,,,1,0
GO:0061436,0.2917874695491103,,,1,0
GO:0061450,0.2027961599839953,,,1,0
GO:0061459,0.3394892014655666,,,1,0
GO:0061484,0.5703963265969382,,,1,0
GO:0061512,0.432291179053071,,,1,0
GO:0061514,0.1313781979344174,,,1,0
GO:0061523,0.736746153221085,,,1,0
GO:0061549,0.1665639882463595,,,1,0
GO:0061575,0.4328973930702918,,,1,0
GO:0061578,0.0658254371486951,,,1,0
GO:0061608,0.2498527612460949,,,1,0
GO:0061617,0.5707015612413197,,,1,0
GO:0061621,0.1510311457914535,,,1,0
GO:0061628,0.7688905528203489,,,1,0
GO:0061630,0.0858603657515949,,,1,0
GO:0061631,0.529564245676314,,,1,0
GO:0061649,0.0800608505130563,,,1,0
GO:0061665,0.3328076696288032,,,1,0
GO:0061668,0.5028235349501953,,,1,0
GO:0061673,0.1586036354907362,,,1,0
GO:0061676,0.3680540388284017,,,1,0
GO:0061684,0.0822967959561835,,,1,0
GO:0061700,0.8970920171650278,,,1,0
GO:0061702,0.109711189641698,,,1,0
GO:0061709,0.6720487955953304,,,1,0
GO:0061723,0.4177754864714392,,,1,0
GO:0061734,0.7222748167394086,,,1,0
GO:0061737,0.234094028229061,,,1,0
GO:0061753,0.528469450177752,,,1,0
GO:0061754,0.3536516621042984,,,1,0
GO:0061795,0.0652507217449749,,,1,0
GO:0061809,0.6697070619775678,,,1,0
GO:0061817,0.6075142224947823,,,1,0
GO:0061820,0.2365205484963226,,,1,0
GO:0061824,0.8828343050011594,,,1,0
GO:0061827,0.4386882795918407,,,1,0
GO:0061889,0.3934497021019362,,,1,0
GO:0061891,0.8643167739434492,,,1,0
GO:0061909,0.7720653662078921,,,1,0
GO:0061966,0.4941972996376336,,,1,0
GO:0062009,0.1878429153493501,,,1,0
GO:0062043,0.961929554170617,,,1,0
GO:0062072,0.2757077643494995,,,1,0
GO:0062100,0.4760988417417039,,,1,0
GO:0062111,0.0538291704425749,,,1,0
GO:0062234,0.4918963574782092,,,1,0
GO:0070006,0.4304963038870167,,,1,0
GO:0070016,0.2729991776043597,,,1,0
GO:0070034,0.1698662223387954,,,1,0
GO:0070050,0.6868766947843075,,,1,0
GO:0070051,0.0863575230394141,,,1,0
GO:0070059,0.8463272674855715,,,1,0
GO:0070061,0.2954093369195917,,,1,0
GO:0070064,0.0689398295678646,,,1,0
GO:0070072,0.9905075488836962,,,1,0
GO:0070083,0.9369804196493036,,,1,0
GO:0070086,0.2099993772365783,,,1,0
GO:0070087,0.136689225846364,,,1,0
GO:0070097,0.5336178511881788,,,1,0
GO:0070098,0.5759162919351302,,,1,0
GO:0070100,0.2814109399692327,,,1,0
GO:0070102,0.9239704088710944,,,1,0
GO:0070104,0.980998462890533,,,1,0
GO:0070120,0.775705206043033,,,1,0
GO:0070126,0.9660018447069116,,,1,0
GO:0070129,0.997553822582953,,,1,0
GO:0070131,0.4285431599143041,,,1,0
GO:0070139,0.0629527513344949,,,1,0
GO:0070166,0.1334042809050902,,,1,0
GO:0070175,0.4359533350558252,,,1,0
GO:0070180,0.0599042540711112,,,1,0
GO:0070181,0.7542013271203731,,,1,0
GO:0070187,0.0776656142870629,,,1,0
GO:0070200,0.8693799806623956,,,1,0
GO:0070207,0.3603625381936964,,,1,0
GO:0070213,0.6880526502591437,,,1,0
GO:0070234,0.5414722475608373,,,1,0
GO:0070254,0.5860048146649499,,,1,0
GO:0070266,0.89267971914499,,,1,0
GO:0070273,0.3529518265305206,,,1,0
GO:0070286,0.3705641949612752,,,1,0
GO:0070291,0.4402376079365486,,,1,0
GO:0070292,0.1245109024203546,,,1,0
GO:0070293,0.7156316045103555,,,1,0
GO:0070294,0.0598954888760837,,,1,0
GO:0070301,0.7475521004197814,,,1,0
GO:0070306,0.5941469131110784,,,1,0
GO:0070307,0.5059351989485592,,,1,0
GO:0070309,0.3872417422579717,,,1,0
GO:0070314,0.5939337962865963,,,1,0
GO:0070317,0.3293779781007936,,,1,0
GO:0070324,0.9552635533637034,,,1,0
GO:0070327,0.1688424799861816,,,1,0
GO:0070328,0.3681539605227315,,,1,0
GO:0070345,0.4040490445080922,,,1,0
GO:0070358,0.3676234643066669,,,1,0
GO:0070370,0.1258680126276763,,,1,0
GO:0070373,0.2241828143295517,,,1,0
GO:0070374,0.3022305767619224,,,1,0
GO:0070382,0.4012781667225568,,,1,0
GO:0070383,0.7894865639014156,,,1,0
GO:0070390,0.6145039316261274,,,1,0
GO:0070402,0.1705647121332465,,,1,0
GO:0070403,0.6084438062663893,,,1,0
GO:0070410,0.7429112385691959,,,1,0
GO:0070411,0.5671030062545741,,,1,0
GO:0070412,0.0769049977609712,,,1,0
GO:0070417,0.6212345889058858,,,1,0
GO:0070419,0.1005818589475607,,,1,0
GO:0070424,0.1468856113971091,,,1,0
GO:0070431,0.2061840917280972,,,1,0
GO:0070434,0.0752987906673592,,,1,0
GO:0070458,0.1651511261488925,,,1,0
GO:0070461,0.3869910927042415,,,1,0
GO:0070474,0.642929834611867,,,1,0
GO:0070481,0.5098732380264629,,,1,0
GO:0070493,0.2194188316072017,,,1,0
GO:0070498,0.0861978812007457,,,1,0
GO:0070507,0.0949043163548189,,,1,0
GO:0070508,0.1176516665162038,,,1,0
GO:0070513,0.758211109849926,,,1,0
GO:0070525,0.3982770351710627,,,1,0
GO:0070530,0.1534064180631972,,,1,0
GO:0070531,0.5002892490988577,,,1,0
GO:0070534,0.938113578634846,,,1,0
GO:0070536,0.1358414975986434,,,1,0
GO:0070542,0.9468962041563236,,,1,0
GO:0070552,0.1276062143290566,,,1,0
GO:0070573,0.1480972298587818,,,1,0
GO:0070574,0.3993343301924017,,,1,0
GO:0070578,0.588156405503869,,,1,0
GO:0070585,0.1485128501855013,,,1,0
GO:0070588,0.8664960537712525,,,1,0
GO:0070593,0.936317300362294,,,1,0
GO:0070628,0.9338987200081388,,,1,0
GO:0070633,0.954055564394701,,,1,0
GO:0070634,0.3476399764723035,,,1,0
GO:0070649,0.0943644010568955,,,1,0
GO:0070652,0.268338199089466,,,1,0
GO:0070679,0.1968919423668917,,,1,0
GO:0070695,0.4920989679333444,,,1,0
GO:0070697,0.0588939928544147,,,1,0
GO:0070700,0.2080394281616658,,,1,0
GO:0070723,0.0667516712370195,,,1,0
GO:0070728,0.8385143475780452,,,1,0
GO:0070740,0.6814555659232147,,,1,0
GO:0070742,0.1419298492953885,,,1,0
GO:0070761,0.0840734634915819,,,1,0
GO:0070778,0.2762223003287115,,,1,0
GO:0070782,0.9575680068783048,,,1,0
GO:0070822,0.7989827845467399,,,1,0
GO:0070830,0.5525510250962862,,,1,0
GO:0070836,0.3474614427634941,,,1,0
GO:0070837,0.6682401818500942,,,1,0
GO:0070840,0.9806105955565612,,,1,0
GO:0070842,0.5345389887150047,,,1,0
GO:0070847,0.5851629154657524,,,1,0
GO:0070849,0.7953311829869325,,,1,0
GO:0070851,0.7149282702149977,,,1,0
GO:0070852,0.314494702361449,,,1,0
GO:0070857,0.5013762893638135,,,1,0
GO:0070863,0.2079934793555218,,,1,0
GO:0070878,0.4346544342804971,,,1,0
GO:0070883,0.1058745001001753,,,1,0
GO:0070884,0.1554616480043594,,,1,0
GO:0070885,0.2477686153141066,,,1,0
GO:0070886,0.3097879407750112,,,1,0
GO:0070891,0.3901020318592356,,,1,0
GO:0070900,0.2502591344355366,,,1,0
GO:0070915,0.0569978451382645,,,1,0
GO:0070922,0.737902196508559,,,1,0
GO:0070934,0.3132257830118773,,,1,0
GO:0070935,0.8996037770625386,,,1,0
GO:0070938,0.8421737575912469,,,1,0
GO:0070966,0.8608591467631841,,,1,0
GO:0070971,0.2013014409600532,,,1,0
GO:0070972,0.2534081473578655,,,1,0
GO:0070973,0.8251812267931965,,,1,0
GO:0070974,0.3546166226592991,,,1,0
GO:0070987,0.9455376199272058,,,1,0
GO:0070988,0.3883311154899085,,,1,0
GO:0070989,0.4418734783406703,,,1,0
GO:0071005,0.4956655663292638,,,1,0
GO:0071006,0.5104675099184571,,,1,0
GO:0071007,0.6161507457437254,,,1,0
GO:0071011,0.3762430691916385,,,1,0
GO:0071014,0.7542184823670643,,,1,0
GO:0071025,0.7436181699846884,,,1,0
GO:0071028,0.8847056006622562,,,1,0
GO:0071035,0.5363195836131573,,,1,0
GO:0071038,0.5363195836131573,,,1,0
GO:0071044,0.4346173309939183,,,1,0
GO:0071045,0.1260051644719421,,,1,0
GO:0071051,0.7064021501708664,,,1,0
GO:0071107,0.7146882791642764,,,1,0
GO:0071108,0.0562952672627666,,,1,0
GO:0071139,0.2383200604395469,,,1,0
GO:0071141,0.1811348361269608,,,1,0
GO:0071144,0.3294175228935815,,,1,0
GO:0071162,0.0776230601015525,,,1,0
GO:0071169,0.9772643824964184,,,1,0
GO:0071203,0.8271316779825935,,,1,0
GO:0071204,0.9253186897630624,,,1,0
GO:0071218,0.8829000013929543,,,1,0
GO:0071221,0.5303842410359205,,,1,0
GO:0071225,0.5285929258224973,,,1,0
GO:0071230,0.7637758677124653,,,1,0
GO:0071233,0.4663388631891096,,,1,0
GO:0071243,0.6094085477806637,,,1,0
GO:0071253,0.8903967906835978,,,1,0
GO:0071257,0.3181758772827729,,,1,0
GO:0071260,0.2001302078104232,,,1,0
GO:0071285,0.1741840486520746,,,1,0
GO:0071286,0.7882478348352777,,,1,0
GO:0071287,0.7743090027226068,,,1,0
GO:0071300,0.4002062511580233,,,1,0
GO:0071305,0.6591036163095805,,,1,0
GO:0071313,0.5198952332952826,,,1,0
GO:0071314,0.1370435449293623,,,1,0
GO:0071318,0.8115359740080653,,,1,0
GO:0071320,0.4613143412741605,,,1,0
GO:0071321,0.3591435403098565,,,1,0
GO:0071333,0.7659888866257636,,,1,0
GO:0071361,0.7302154003127412,,,1,0
GO:0071371,0.2242107821672954,,,1,0
GO:0071372,0.2610636443186455,,,1,0
GO:0071373,0.1590790507993531,,,1,0
GO:0071376,0.3388894378495798,,,1,0
GO:0071377,0.1579940040808852,,,1,0
GO:0071380,0.6867854839879195,,,1,0
GO:0071385,0.546759941468465,,,1,0
GO:0071391,0.2577309874108208,,,1,0
GO:0071392,0.3875355987777131,,,1,0
GO:0071394,0.5274175288546349,,,1,0
GO:0071397,0.6213193470988247,,,1,0
GO:0071398,0.6724335715784262,,,1,0
GO:0071402,0.4670355091972751,,,1,0
GO:0071404,0.0678053356633155,,,1,0
GO:0071420,0.1245026547820735,,,1,0
GO:0071421,0.4925119058138106,,,1,0
GO:0071422,0.7841147412771261,,,1,0
GO:0071425,0.6455733323608305,,,1,0
GO:0071439,0.6236225587609276,,,1,0
GO:0071453,0.130179587391992,,,1,0
GO:0071455,0.1198909825376498,,,1,0
GO:0071459,0.9453669798062968,,,1,0
GO:0071466,0.8976637013260194,,,1,0
GO:0071467,0.9089781219295594,,,1,0
GO:0071474,0.5084305526080255,,,1,0
GO:0071476,0.7771059934137703,,,1,0
GO:0071479,0.9233550563785888,,,1,0
GO:0071482,0.2939232537889826,,,1,0
GO:0071492,0.1235114549538216,,,1,0
GO:0071499,0.9673924918249668,,,1,0
GO:0071514,0.13673158722593,,,1,0
GO:0071526,0.1529058807180598,,,1,0
GO:0071532,0.2129248131133256,,,1,0
GO:0071539,0.2354491146785029,,,1,0
GO:0071543,0.1089426711531018,,,1,0
GO:0071546,0.0584664474725889,,,1,0
GO:0071547,0.2793781207645308,,,1,0
GO:0071548,0.6287935825944095,,,1,0
GO:0071549,0.542552700246593,,,1,0
GO:0071558,0.0734311413953505,,,1,0
GO:0071569,0.3165037568836527,,,1,0
GO:0071577,0.1730222617658581,,,1,0
GO:0071578,0.200468893221726,,,1,0
GO:0071598,0.5306193781418888,,,1,0
GO:0071603,0.94022055017715,,,1,0
GO:0071625,0.7062579623150274,,,1,0
GO:0071635,0.7060526561992561,,,1,0
GO:0071636,0.7143710025150845,,,1,0
GO:0071638,0.0942889215979464,,,1,0
GO:0071651,0.6480089826422856,,,1,0
GO:0071679,0.8852906626822097,,,1,0
GO:0071681,0.4232250062988854,,,1,0
GO:0071682,0.8422265313544637,,,1,0
GO:0071716,0.1676248665092818,,,1,0
GO:0071723,0.3113673969389295,,,1,0
GO:0071731,0.2282524946343419,,,1,0
GO:0071732,0.590900857673509,,,1,0
GO:0071773,0.6746719143246493,,,1,0
GO:0071774,0.648302940219277,,,1,0
GO:0071782,0.6383773720126724,,,1,0
GO:0071786,0.2080734866679394,,,1,0
GO:0071787,0.6035288006832666,,,1,0
GO:0071799,0.2781477346672071,,,1,0
GO:0071800,0.2410333239820082,,,1,0
GO:0071805,0.2366750840574389,,,1,0
GO:0071806,0.2754609438956796,,,1,0
GO:0071813,0.2423923056422758,,,1,0
GO:0071817,0.1673379420686181,,,1,0
GO:0071870,0.4591972613809248,,,1,0
GO:0071872,0.0863376876543422,,,1,0
GO:0071875,0.6272027712798169,,,1,0
GO:0071880,0.4259076309751233,,,1,0
GO:0071881,0.8417008001913631,,,1,0
GO:0071889,0.5410745979680502,,,1,0
GO:0071895,0.412320475240759,,,1,0
GO:0071902,0.5181987369035075,,,1,0
GO:0071907,0.164005582270401,,,1,0
GO:0071918,0.3489693013180691,,,1,0
GO:0071933,0.535414780788749,,,1,0
GO:0071934,0.8386281997921111,,,1,0
GO:0071947,0.333580581026207,,,1,0
GO:0071953,0.1353364994414475,,,1,0
GO:0071962,0.0526078246778971,,,1,0
GO:0071987,0.3840293331783023,,,1,0
GO:0072015,0.3037654354967616,,,1,0
GO:0072089,0.1066934233608239,,,1,0
GO:0072112,0.1514492525680993,,,1,0
GO:0072126,0.1433007126169703,,,1,0
GO:0072162,0.1967820107470768,,,1,0
GO:0072189,0.0900621483448504,,,1,0
GO:0072205,0.0681642825815549,,,1,0
GO:0072207,0.4234112060166216,,,1,0
GO:0072318,0.3420373226374631,,,1,0
GO:0072320,0.2113877397809128,,,1,0
GO:0072341,0.949236998926118,,,1,0
GO:0072344,0.6109315462008629,,,1,0
GO:0072345,0.4100871546664482,,,1,0
GO:0072357,0.1271773720158356,,,1,0
GO:0072383,0.1525514744189259,,,1,0
GO:0072488,0.2694926774943058,,,1,0
GO:0072531,0.8455154619518332,,,1,0
GO:0072534,0.4228626052142671,,,1,0
GO:0072537,0.1252384577967935,,,1,0
GO:0072559,0.5478048597538521,,,1,0
GO:0072562,0.2625101668148366,,,1,0
GO:0072572,0.5196888919757996,,,1,0
GO:0072574,0.7359130132132521,,,1,0
GO:0072577,0.8364104008334322,,,1,0
GO:0072582,0.3826582216154395,,,1,0
GO:0072583,0.4948079809563213,,,1,0
GO:0072584,0.2760045746252918,,,1,0
GO:0072669,0.541557958600662,,,1,0
GO:0072672,0.5042838426357897,,,1,0
GO:0072687,0.469131169002196,,,1,0
GO:0072711,0.1959847531179912,,,1,0
GO:0080008,0.68144667505217,,,1,0
GO:0080025,0.2181959127714193,,,1,0
GO:0080154,0.2071883853469336,,,1,0
GO:0085020,0.2844125769142137,,,1,0
GO:0086002,0.0935169044263169,,,1,0
GO:0086003,0.0753422597452978,,,1,0
GO:0086004,0.5710150542221701,,,1,0
GO:0086005,0.921886875801148,,,1,0
GO:0086009,0.111730351326868,,,1,0
GO:0086010,0.7759602312608911,,,1,0
GO:0086012,0.5284867352464511,,,1,0
GO:0086013,0.1903218066758061,,,1,0
GO:0086014,0.7585571219805622,,,1,0
GO:0086015,0.0771940019503521,,,1,0
GO:0086036,0.2076051121280735,,,1,0
GO:0086045,0.4350489241023859,,,1,0
GO:0086046,0.1643041231267659,,,1,0
GO:0086064,0.7739640224014527,,,1,0
GO:0086073,0.5422487652971717,,,1,0
GO:0086080,0.5721470070282587,,,1,0
GO:0086083,0.9726104775524956,,,1,0
GO:0086091,0.9898749808503522,,,1,0
GO:0086100,0.4712623634387726,,,1,0
GO:0089701,0.1072103418032647,,,1,0
GO:0089718,0.68391469869308,,,1,0
GO:0090023,0.8512469089914072,,,1,0
GO:0090024,0.4359954270476399,,,1,0
GO:0090026,0.067841177648041,,,1,0
GO:0090027,0.9469258395264422,,,1,0
GO:0090043,0.4027638227791775,,,1,0
GO:0090050,0.2152831302926505,,,1,0
GO:0090051,0.2590938408355191,,,1,0
GO:0090068,0.4302045660193683,,,1,0
GO:0090069,0.3029077213583063,,,1,0
GO:0090091,0.4417350385929155,,,1,0
GO:0090102,0.2236996809995085,,,1,0
GO:0090103,0.0857079987866003,,,1,0
GO:0090110,0.9181180878318508,,,1,0
GO:0090119,0.1246146576954176,,,1,0
GO:0090120,0.0647148995644425,,,1,0
GO:0090129,0.1573094692761933,,,1,0
GO:0090136,0.4738476991489678,,,1,0
GO:0090140,0.4204826947331653,,,1,0
GO:0090148,0.1233047266528215,,,1,0
GO:0090150,0.568032978990578,,,1,0
GO:0090156,0.665960147131581,,,1,0
GO:0090160,0.6135016948242074,,,1,0
GO:0090162,0.6696062931609266,,,1,0
GO:0090166,0.9877695727474644,,,1,0
GO:0090168,0.1320125563734036,,,1,0
GO:0090170,0.1043073946931009,,,1,0
GO:0090181,0.4937532479012774,,,1,0
GO:0090205,0.7150575941011014,,,1,0
GO:0090235,0.3213455126861478,,,1,0
GO:0090238,0.7125562676582812,,,1,0
GO:0090258,0.7522913900794994,,,1,0
GO:0090266,0.7755537246426965,,,1,0
GO:0090267,0.8285764254202932,,,1,0
GO:0090277,0.8472177391151255,,,1,0
GO:0090279,0.2693210114361467,,,1,0
GO:0090280,0.177179412058032,,,1,0
GO:0090281,0.528469450177752,,,1,0
GO:0090303,0.6648558945212715,,,1,0
GO:0090304,0.7478780525320224,,,1,0
GO:0090307,0.1607904709418772,,,1,0
GO:0090314,0.4084683984948759,,,1,0
GO:0090315,0.3924560084741126,,,1,0
GO:0090324,0.8674805052010239,,,1,0
GO:0090330,0.7714021542461369,,,1,0
GO:0090331,0.098562053339741,,,1,0
GO:0090370,0.2541379634489208,,,1,0
GO:0090385,0.4376817258956638,,,1,0
GO:0090394,0.6769400581349003,,,1,0
GO:0090398,0.2133911183504021,,,1,0
GO:0090399,0.8979263807406609,,,1,0
GO:0090435,0.6940269289115606,,,1,0
GO:0090443,0.4251293093298269,,,1,0
GO:0090481,0.0953101721627653,,,1,0
GO:0090482,0.7293516870049557,,,1,0
GO:0090494,0.466650403234353,,,1,0
GO:0090521,0.6249337438665087,,,1,0
GO:0090522,0.3330230284573299,,,1,0
GO:0090543,0.5961899549342957,,,1,0
GO:0090554,0.3076874832750759,,,1,0
GO:0090555,0.124448380782037,,,1,0
GO:0090556,0.655930038358396,,,1,0
GO:0090557,0.2801058805745786,,,1,0
GO:0090559,0.8390861432075162,,,1,0
GO:0090575,0.8128345318652722,,,1,0
GO:0090594,0.3673302280551483,,,1,0
GO:0090599,0.523397277009766,,,1,0
GO:0090611,0.7313126550689822,,,1,0
GO:0090649,0.1915059430283249,,,1,0
GO:0090656,0.7415389457366212,,,1,0
GO:0090661,0.3289699167888517,,,1,0
GO:0090666,0.0502688258450866,,,1,0
GO:0090671,0.3486403960272332,,,1,0
GO:0090734,0.2807609074948413,,,1,0
GO:0095500,0.0879357710226746,,,1,0
GO:0097001,0.0636732412648722,,,1,0
GO:0097006,0.3584198414296257,,,1,0
GO:0097009,0.7815557010475629,,,1,0
GO:0097011,0.9814357726054688,,,1,0
GO:0097013,0.0560723519124569,,,1,0
GO:0097021,0.6996163446606402,,,1,0
GO:0097025,0.08251082873919,,,1,0
GO:0097027,0.2486934138354524,,,1,0
GO:0097038,0.5213262700764076,,,1,0
GO:0097053,0.0775691363841697,,,1,0
GO:0097054,0.558927395381736,,,1,0
GO:0097060,0.3009517068094276,,,1,0
GO:0097062,0.421004235608307,,,1,0
GO:0097066,0.2666425178847578,,,1,0
GO:0097067,0.2926015077200212,,,1,0
GO:0097084,0.6034994806959524,,,1,0
GO:0097091,0.7458477574638315,,,1,0
GO:0097094,0.2003323748869441,,,1,0
GO:0097100,0.0956376438857866,,,1,0
GO:0097104,0.630455448375034,,,1,0
GO:0097105,0.1870751452077892,,,1,0
GO:0097107,0.1186497699794985,,,1,0
GO:0097109,0.2055077973480115,,,1,0
GO:0097110,0.1680152729397495,,,1,0
GO:0097114,0.9436891533541732,,,1,0
GO:0097116,0.1603627372646858,,,1,0
GO:0097119,0.3594107167334318,,,1,0
GO:0097120,0.1637899575747055,,,1,0
GO:0097150,0.0761937311537221,,,1,0
GO:0097151,0.5693444384518844,,,1,0
GO:0097165,0.7021241051668845,,,1,0
GO:0097177,0.9969883716647788,,,1,0
GO:0097178,0.1018269352722128,,,1,0
GO:0097186,0.6008374842668729,,,1,0
GO:0097192,0.8574547835756832,,,1,0
GO:0097197,0.0633866402131937,,,1,0
GO:0097208,0.2068262342020648,,,1,0
GO:0097212,0.4389015438449746,,,1,0
GO:0097225,0.1667261915037955,,,1,0
GO:0097226,0.9072549590019294,,,1,0
GO:0097227,0.4961625742483946,,,1,0
GO:0097228,0.820097923873171,,,1,0
GO:0097229,0.7865855949173705,,,1,0
GO:0097250,0.1087695368253186,,,1,0
GO:0097255,0.5252716585173669,,,1,0
GO:0097267,0.7825729751870993,,,1,0
GO:0097284,0.7820562460866516,,,1,0
GO:0097300,0.0645218617640999,,,1,0
GO:0097305,0.2216330797008208,,,1,0
GO:0097322,0.1498447451953581,,,1,0
GO:0097325,0.1931632789145078,,,1,0
GO:0097342,0.4591789414729166,,,1,0
GO:0097345,0.9927136039412436,,,1,0
GO:0097352,0.1372607314471118,,,1,0
GO:0097356,0.131655350772692,,,1,0
GO:0097361,0.1355137214031941,,,1,0
GO:0097381,0.1384907745342882,,,1,0
GO:0097386,0.2590373897361488,,,1,0
GO:0097398,0.057337364399616,,,1,0
GO:0097400,0.4889013113180696,,,1,0
GO:0097413,0.1819766655196443,,,1,0
GO:0097418,0.501762948814281,,,1,0
GO:0097421,0.3359348200212994,,,1,0
GO:0097422,0.5678702589120732,,,1,0
GO:0097431,0.2975443554775817,,,1,0
GO:0097440,0.8890128441635337,,,1,0
GO:0097441,0.7363035126569932,,,1,0
GO:0097443,0.9551076604845056,,,1,0
GO:0097449,0.4344951120960931,,,1,0
GO:0097450,0.1047069723924742,,,1,0
GO:0097470,0.9548410750537146,,,1,0
GO:0097484,0.601616513179856,,,1,0
GO:0097486,0.4384909625716275,,,1,0
GO:0097487,0.1209833128801665,,,1,0
GO:0097490,0.5524758813656943,,,1,0
GO:0097494,0.7898798820877434,,,1,0
GO:0097499,0.1942768814384052,,,1,0
GO:0097503,0.960132994292891,,,1,0
GO:0097512,0.1319340584103011,,,1,0
GO:0097524,0.979884406345537,,,1,0
GO:0097526,0.6579922955741712,,,1,0
GO:0097527,0.1038420707558999,,,1,0
GO:0097539,0.1763725885468208,,,1,0
GO:0097546,0.5525917307795634,,,1,0
GO:0097550,0.3260900521022648,,,1,0
GO:0097602,0.746122624001606,,,1,0
GO:0097623,0.1058454140591593,,,1,0
GO:0097638,0.1506954080263452,,,1,0
GO:0097646,0.2874861609940002,,,1,0
GO:0097681,0.734317814038125,,,1,0
GO:0097700,0.7432653433124567,,,1,0
GO:0097706,0.8958491329425675,,,1,0
GO:0097708,0.2495489378310579,,,1,0
GO:0097720,0.1140752090038892,,,1,0
GO:0097728,0.6232949990245638,,,1,0
GO:0097729,0.1587101734043702,,,1,0
GO:0097731,0.5987786190592483,,,1,0
GO:0097733,0.4332307184187469,,,1,0
GO:0097746,0.3582469713295799,,,1,0
GO:0097750,0.22319811490632,,,1,0
GO:0097753,0.497291948063161,,,1,0
GO:0098534,0.3944230903409471,,,1,0
GO:0098535,0.2036718880765423,,,1,0
GO:0098536,0.8499863542232405,,,1,0
GO:0098553,0.5041981510444459,,,1,0
GO:0098554,0.3666522804844359,,,1,0
GO:0098574,0.1104182272362731,,,1,0
GO:0098586,0.9984307767046896,,,1,0
GO:0098588,0.255064287441646,,,1,0
GO:0098591,0.8992471803829946,,,1,0
GO:0098631,0.9911404280410762,,,1,0
GO:0098632,0.2369973156840151,,,1,0
GO:0098636,0.0985090414239335,,,1,0
GO:0098639,0.9841798383050764,,,1,0
GO:0098640,0.7105861544650928,,,1,0
GO:0098641,0.7676481756183602,,,1,0
GO:0098656,0.0903831609406506,,,1,0
GO:0098664,0.0925022010306295,,,1,0
GO:0098686,0.9290917065171914,,,1,0
GO:0098688,0.5891377084264472,,,1,0
GO:0098690,0.8415222171713319,,,1,0
GO:0098691,0.1425356668216887,,,1,0
GO:0098693,0.5140114393227914,,,1,0
GO:0098696,0.8309652534718714,,,1,0
GO:0098698,0.5154871538822428,,,1,0
GO:0098700,0.7922417028791477,,,1,0
GO:0098703,0.9470718170303918,,,1,0
GO:0098708,0.2640567236380988,,,1,0
GO:0098712,0.8661975081373896,,,1,0
GO:0098719,0.9906378780198964,,,1,0
GO:0098734,0.4958250261218373,,,1,0
GO:0098735,0.8001389926803174,,,1,0
GO:0098773,0.2537971065302861,,,1,0
GO:0098780,0.7061738427888297,,,1,0
GO:0098793,0.732571603107836,,,1,0
GO:0098794,0.4799027178567983,,,1,0
GO:0098797,0.8112041548542299,,,1,0
GO:0098804,0.3027912222246561,,,1,0
GO:0098809,0.3498987541496724,,,1,0
GO:0098815,0.1192677024855028,,,1,0
GO:0098820,0.3619684405314456,,,1,0
GO:0098821,0.6853148993705123,,,1,0
GO:0098826,0.1768063161466854,,,1,0
GO:0098830,0.1781136554681379,,,1,0
GO:0098831,0.0505751172124805,,,1,0
GO:0098837,0.2031747285578014,,,1,0
GO:0098840,0.8925398902852134,,,1,0
GO:0098843,0.0801586447203052,,,1,0
GO:0098850,0.8771362568024451,,,1,0
GO:0098858,0.4304897467197267,,,1,0
GO:0098868,0.5844525752629337,,,1,0
GO:0098871,0.5313572202801637,,,1,0
GO:0098880,0.8365887251456822,,,1,0
GO:0098882,0.1209166959784288,,,1,0
GO:0098884,0.0681568687126332,,,1,0
GO:0098887,0.3745029266399351,,,1,0
GO:0098890,0.6343879552716165,,,1,0
GO:0098894,0.3899444185522036,,,1,0
GO:0098901,0.3719764715009349,,,1,0
GO:0098908,0.4905671009265978,,,1,0
GO:0098909,0.8946755495884284,,,1,0
GO:0098911,0.2636858920797689,,,1,0
GO:0098914,0.6281544405724677,,,1,0
GO:0098915,0.2241277259728978,,,1,0
GO:0098919,0.0559080385577996,,,1,0
GO:0098944,0.0812382762811025,,,1,0
GO:0098970,0.3617304984619879,,,1,0
GO:0098973,0.1566667272550463,,,1,0
GO:0098974,0.8607872832857654,,,1,0
GO:0098976,0.4708037813146341,,,1,0
GO:0098981,0.8494216677681969,,,1,0
GO:0098984,0.6676315328121674,,,1,0
GO:0098985,0.0690299472323936,,,1,0
GO:0098989,0.6790520289555404,,,1,0
GO:0098990,0.1519887500872697,,,1,0
GO:0098992,0.2829924147791954,,,1,0
GO:0099010,0.094411953383143,,,1,0
GO:0099013,0.4111499233650578,,,1,0
GO:0099054,0.5262822910870948,,,1,0
GO:0099072,0.1914297696266548,,,1,0
GO:0099091,0.3487598914059681,,,1,0
GO:0099092,0.958700519586706,,,1,0
GO:0099103,0.76710612416391,,,1,0
GO:0099106,0.1628155346851574,,,1,0
GO:0099126,0.0770427750603216,,,1,0
GO:0099128,0.9444285041565816,,,1,0
GO:0099140,0.5779932607888283,,,1,0
GO:0099149,0.4001327749125716,,,1,0
GO:0099151,0.7209378752093347,,,1,0
GO:0099159,0.0997064665955784,,,1,0
GO:0099170,0.1801774636171785,,,1,0
GO:0099171,0.5625754255116691,,,1,0
GO:0099173,0.2377420834726037,,,1,0
GO:0099175,0.8800170720485452,,,1,0
GO:0099502,0.6140933272406683,,,1,0
GO:0099503,0.9968552949888364,,,1,0
GO:0099504,0.2660186323205921,,,1,0
GO:0099505,0.9812768571161836,,,1,0
GO:0099507,0.5210833238895586,,,1,0
GO:0099508,0.6672637703057476,,,1,0
GO:0099509,0.1253019519307542,,,1,0
GO:0099512,0.4995470696227387,,,1,0
GO:0099513,0.3426398092631957,,,1,0
GO:0099527,0.8798178952800892,,,1,0
GO:0099536,0.1892641109835054,,,1,0
GO:0099538,0.4855075258912387,,,1,0
GO:0099550,0.3017845801298926,,,1,0
GO:0099557,0.5691600247232135,,,1,0
GO:0099558,0.3770657524378787,,,1,0
GO:0099562,0.0838755670018912,,,1,0
GO:0099566,0.267517511944108,,,1,0
GO:0099589,0.8423529064953763,,,1,0
GO:0099604,0.0530306289327467,,,1,0
GO:0099617,0.8553753301656428,,,1,0
GO:0099626,0.0966661106198267,,,1,0
GO:0099634,0.5211601610106948,,,1,0
GO:0099638,0.5426378687760007,,,1,0
GO:0099641,0.0926655529563521,,,1,0
GO:0099645,0.2252919241142857,,,1,0
GO:0101005,0.2802420400394643,,,1,0
GO:0101020,0.3794952334167336,,,1,0
GO:0101021,0.6201724739690583,,,1,0
GO:0102033,0.961633815308592,,,1,0
GO:0106015,0.8171332890723796,,,1,0
GO:0106029,0.4185924115175613,,,1,0
GO:0106071,0.916477843922146,,,1,0
GO:0106072,0.2656686583202525,,,1,0
GO:0106256,0.3553742965327142,,,1,0
GO:0106274,0.1614811381190998,,,1,0
GO:0106292,0.7442769319553628,,,1,0
GO:0106300,0.1841629838004352,,,1,0
GO:0106437,0.4717531785798123,,,1,0
GO:0106438,0.4031481147690279,,,1,0
GO:0110010,0.1570790574153926,,,1,0
GO:0110011,0.5580301549721676,,,1,0
GO:0110025,0.9876500657938772,,,1,0
GO:0110052,0.6403167039119071,,,1,0
GO:0110076,0.7291867102274766,,,1,0
GO:0120009,0.6640063319290321,,,1,0
GO:0120010,0.1064358618615549,,,1,0
GO:0120013,0.6392039944757013,,,1,0
GO:0120015,0.1122529934287345,,,1,0
GO:0120019,0.6910330676785863,,,1,0
GO:0120020,0.1245942369071725,,,1,0
GO:0120025,0.7642439039173964,,,1,0
GO:0120044,0.3509435366605365,,,1,0
GO:0120094,0.9909920856005048,,,1,0
GO:0120115,0.3996409354885316,,,1,0
GO:0120162,0.1027307008404111,,,1,0
GO:0120163,0.907586366304802,,,1,0
GO:0120170,0.4692901171939608,,,1,0
GO:0120183,0.9211132739653796,,,1,0
GO:0120186,0.0522097718649508,,,1,0
GO:0120192,0.8914147168857371,,,1,0
GO:0120193,0.0629476922378152,,,1,0
GO:0120200,0.2325244258538873,,,1,0
GO:0120212,0.3360066224099565,,,1,0
GO:0120229,0.9923033201409118,,,1,0
GO:0120281,0.7904730460561422,,,1,0
GO:0120283,0.3109243709158554,,,1,0
GO:0120316,0.4161299196568451,,,1,0
GO:0120317,0.3202823566725812,,,1,0
GO:0120548,0.904052827996252,,,1,0
GO:0140003,0.0536928684607726,,,1,0
GO:0140006,0.0996575929188017,,,1,0
GO:0140009,0.8383724286639301,,,1,0
GO:0140015,0.97255349789007,,,1,0
GO:0140021,0.5156717584227302,,,1,0
GO:0140031,0.447441002976028,,,1,0
GO:0140046,0.2843245271764124,,,1,0
GO:0140058,0.2238776464377707,,,1,0
GO:0140059,0.5976746921398942,,,1,0
GO:0140078,0.272387929207875,,,1,0
GO:0140096,0.9998004533554156,,,1,0
GO:0140097,0.7824052550703703,,,1,0
GO:0140104,0.197174009322403,,,1,0
GO:0140115,0.5356744159778744,,,1,0
GO:0140150,0.8533308686572353,,,1,0
GO:0140227,0.6838423607232732,,,1,0
GO:0140268,0.0951583120835943,,,1,0
GO:0140275,0.5795724347735525,,,1,0
GO:0140284,0.6722155964989327,,,1,0
GO:0140296,0.1241266495960167,,,1,0
GO:0140299,0.1672500537906758,,,1,0
GO:0140311,0.5521349429105984,,,1,0
GO:0140312,0.0693168172353352,,,1,0
GO:0140313,0.904330739903092,,,1,0
GO:0140318,0.1555734616681359,,,1,0
GO:0140319,0.696664472679433,,,1,0
GO:0140326,0.1810279901367575,,,1,0
GO:0140328,0.2371415845099893,,,1,0
GO:0140346,0.0832776947732579,,,1,0
GO:0140359,0.552138484336693,,,1,0
GO:0140361,0.6093861069925735,,,1,0
GO:0140375,0.2911862160168975,,,1,0
GO:0140410,0.3210033166097517,,,1,0
GO:0140416,0.3034988711725094,,,1,0
GO:0140439,0.6501549337517885,,,1,0
GO:0140447,0.0726194505712599,,,1,0
GO:0140448,0.149251278458438,,,1,0
GO:0140457,0.4458323568447233,,,1,0
GO:0140492,0.7318118074112596,,,1,0
GO:0140494,0.1899119839464275,,,1,0
GO:0140523,0.2507892150401429,,,1,0
GO:0140537,0.4019032454904544,,,1,0
GO:0140545,0.5725660073903429,,,1,0
GO:0140571,0.940789097703881,,,1,0
GO:0140597,0.8471010642420942,,,1,0
GO:0140608,0.6983195226744379,,,1,0
GO:0140627,0.7747390385682438,,,1,0
GO:0140664,0.4428944395155848,,,1,0
GO:0140672,0.349253704508076,,,1,0
GO:0140673,0.5922692024932075,,,1,0
GO:0140677,0.471430290633772,,,1,0
GO:0140678,0.1443437674879073,,,1,0
GO:0140683,0.0951456964234438,,,1,0
GO:0140684,0.1447009065139438,,,1,0
GO:0140691,0.7975725702915607,,,1,0
GO:0140713,0.2360352306113843,,,1,0
GO:0140718,0.3312454464261428,,,1,0
GO:0140767,0.1943946528268619,,,1,0
GO:0140803,0.3402177211129283,,,1,0
GO:0140804,0.0625893545120801,,,1,0
GO:0140806,0.2166436315557385,,,1,0
GO:0140807,0.1266457850445974,,,1,0
GO:0140861,0.6209325969338763,,,1,0
GO:0140870,0.1010153196416043,,,1,0
GO:0140896,0.7008003770755993,,,1,0
GO:0140900,0.6403438033689389,,,1,0
GO:0140912,0.1352918511273462,,,1,0
GO:0140933,0.543394856996531,,,1,0
GO:0140936,0.2791023145586064,,,1,0
GO:0140939,0.2593542312743495,,,1,0
GO:0140941,0.1793156040469952,,,1,0
GO:0140944,0.5798895700933905,,,1,0
GO:0140945,0.0984341878974523,,,1,0
GO:0140947,0.1218082009949851,,,1,0
GO:0140978,0.1242120997808925,,,1,0
GO:0141038,0.2279755715506826,,,1,0
GO:0141039,0.1663822894244833,,,1,0
GO:0141069,0.5855923187993732,,,1,0
GO:0141109,0.8081250522097059,,,1,0
GO:0141110,0.7771777482543349,,,1,0
GO:0141111,0.2798745004151176,,,1,0
GO:0141156,0.9541405502718944,,,1,0
GO:0141162,0.2237121566095061,,,1,0
GO:0141163,0.7289722257878455,,,1,0
GO:0141166,0.2424841740491918,,,1,0
GO:0141196,0.2008794899192174,,,1,0
GO:0141214,0.493045075050595,,,1,0
GO:0141221,0.2266054186293318,,,1,0
GO:0150011,0.9329392813150386,,,1,0
GO:0150052,0.7630944811499879,,,1,0
GO:0150053,0.7758280983084072,,,1,0
GO:0150077,0.8070878688595535,,,1,0
GO:0150078,0.0808121022225915,,,1,0
GO:0150079,0.218840683249591,,,1,0
GO:0150093,0.4261887926631019,,,1,0
GO:0150099,0.6790209979919242,,,1,0
GO:0150104,0.5444450208056149,,,1,0
GO:0160001,0.7216169102694125,,,1,0
GO:0160004,0.7653989381120899,,,1,0
GO:0160020,0.2660160038873737,,,1,0
GO:0160025,0.789876178753026,,,1,0
GO:0160049,0.9190640637226372,,,1,0
GO:0160063,0.1112148210748889,,,1,0
GO:0160064,0.1112148210748889,,,1,0
GO:0160072,0.0506675080326215,,,1,0
GO:0160077,0.1521113913126062,,,1,0
GO:0160111,0.6944295823383998,,,1,0
GO:0160112,0.1955724393789571,,,1,0
GO:0160128,0.5287723152990489,,,1,0
GO:0160162,0.100091965733651,,,1,0
GO:0160184,0.1706423795971561,,,1,0
GO:0160187,0.15089624097269,,,1,0
GO:0160195,0.6813252436327696,,,1,0
GO:0160213,0.0556736861730317,,,1,0
GO:0160221,0.0776148242674886,,,1,0
GO:0160226,0.5695720808851299,,,1,0
GO:0160227,0.4787740986925446,,,1,0
GO:0160232,0.3153803094558738,,,1,0
GO:0160239,0.383545803819362,,,1,0
GO:0160240,0.5009576711512471,,,1,0
GO:0160257,0.8580462255732639,,,1,0
GO:0160258,0.1219201998679721,,,1,0
GO:0170033,0.9045320715094008,,,1,0
GO:0180010,0.0844734544591459,,,1,0
GO:0180026,0.1995306659732416,,,1,0
GO:0180046,0.8421208998134327,,,1,0
GO:0180059,0.4871789682756851,,,1,0
GO:1900006,0.9616788729097524,,,1,0
GO:1900017,0.5139691101426054,,,1,0
GO:1900025,0.7497876661879384,,,1,0
GO:1900026,0.6070882838024916,,,1,0
GO:1900027,0.7138618593764421,,,1,0
GO:1900028,0.5672765445983545,,,1,0
GO:1900029,0.689147283229256,,,1,0
GO:1900037,0.991326660622008,,,1,0
GO:1900039,0.2480430679373548,,,1,0
GO:1900045,0.0541211941771553,,,1,0
GO:1900076,0.1283102533756805,,,1,0
GO:1900087,0.7523481201985893,,,1,0
GO:1900102,0.0737820966447402,,,1,0
GO:1900118,0.4679338977654668,,,1,0
GO:1900119,0.3886224999813139,,,1,0
GO:1900153,0.0761108130630597,,,1,0
GO:1900182,0.0522674602178463,,,1,0
GO:1900222,0.9736534584466174,,,1,0
GO:1900226,0.1405531311349996,,,1,0
GO:1900227,0.2212089223835437,,,1,0
GO:1900242,0.9474750045070238,,,1,0
GO:1900244,0.2605208543457553,,,1,0
GO:1900246,0.6937829152288064,,,1,0
GO:1900264,0.0609810671388375,,,1,0
GO:1900271,0.3330442433617691,,,1,0
GO:1900272,0.827269793444582,,,1,0
GO:1900273,0.2343982122454811,,,1,0
GO:1900425,0.0529617991281736,,,1,0
GO:1900451,0.209697088277254,,,1,0
GO:1900454,0.2158452140614742,,,1,0
GO:1900738,0.3589150641239905,,,1,0
GO:1900747,0.6357261866423127,,,1,0
GO:1900748,0.2640539055632342,,,1,0
GO:1901029,0.4378479542734387,,,1,0
GO:1901030,0.2386457060450911,,,1,0
GO:1901096,0.239995910990948,,,1,0
GO:1901097,0.3240551603650116,,,1,0
GO:1901098,0.9592762924317728,,,1,0
GO:1901143,0.1736783694196311,,,1,0
GO:1901164,0.7912094683969552,,,1,0
GO:1901165,0.2427015482268072,,,1,0
GO:1901166,0.5081703066564593,,,1,0
GO:1901202,0.9370720863656576,,,1,0
GO:1901223,0.5759321963057811,,,1,0
GO:1901264,0.4605029125940016,,,1,0
GO:1901289,0.305717526487154,,,1,0
GO:1901299,0.5957516791151836,,,1,0
GO:1901300,0.0500845278229009,,,1,0
GO:1901317,0.6488311342183632,,,1,0
GO:1901331,0.0735752399189862,,,1,0
GO:1901363,0.423192307861586,,,1,0
GO:1901379,0.299591143248514,,,1,0
GO:1901380,0.8846841450381964,,,1,0
GO:1901381,0.7865070729419763,,,1,0
GO:1901526,0.8579499002753479,,,1,0
GO:1901642,0.4859421265800664,,,1,0
GO:1901653,0.9158932335987484,,,1,0
GO:1901673,0.7537061644079573,,,1,0
GO:1901731,0.081079918139425,,,1,0
GO:1901741,0.8277382727925383,,,1,0
GO:1901750,0.1361841676779646,,,1,0
GO:1901799,0.3399908893732266,,,1,0
GO:1901800,0.1578784584757967,,,1,0
GO:1901838,0.050814395908747,,,1,0
GO:1901842,0.9946977995565572,,,1,0
GO:1901844,0.9282766244015652,,,1,0
GO:1901857,0.6295087992733293,,,1,0
GO:1901907,0.1089426711531018,,,1,0
GO:1901909,0.1089426711531018,,,1,0
GO:1901911,0.1089426711531018,,,1,0
GO:1901992,0.7018253110575083,,,1,0
GO:1902004,0.6950897215600951,,,1,0
GO:1902017,0.1150665403854124,,,1,0
GO:1902018,0.1946096747393717,,,1,0
GO:1902036,0.3392785775276827,,,1,0
GO:1902041,0.9354808798390404,,,1,0
GO:1902042,0.4523240308571125,,,1,0
GO:1902065,0.8352247947677702,,,1,0
GO:1902074,0.521440969390849,,,1,0
GO:1902093,0.2516749335886393,,,1,0
GO:1902110,0.850753281669856,,,1,0
GO:1902166,0.2483259541988411,,,1,0
GO:1902176,0.3651626815459495,,,1,0
GO:1902230,0.2213782861702342,,,1,0
GO:1902236,0.792591610670289,,,1,0
GO:1902237,0.8583025940796157,,,1,0
GO:1902255,0.0790376020040527,,,1,0
GO:1902260,0.4419306253458533,,,1,0
GO:1902282,0.0912495631870316,,,1,0
GO:1902305,0.380073583174072,,,1,0
GO:1902306,0.7761594562419282,,,1,0
GO:1902358,0.1835368243729122,,,1,0
GO:1902373,0.8313698855836896,,,1,0
GO:1902387,0.6612988191344646,,,1,0
GO:1902388,0.4157131494053661,,,1,0
GO:1902389,0.4157131494053661,,,1,0
GO:1902396,0.1431108834185631,,,1,0
GO:1902412,0.2543838339419602,,,1,0
GO:1902414,0.0657650120081254,,,1,0
GO:1902425,0.6970196066196898,,,1,0
GO:1902430,0.2231101458784143,,,1,0
GO:1902455,0.3430708168937953,,,1,0
GO:1902461,0.8490151166087752,,,1,0
GO:1902462,0.335614616459651,,,1,0
GO:1902475,0.1555875143520566,,,1,0
GO:1902476,0.2706533684568485,,,1,0
GO:1902494,0.895689875489367,,,1,0
GO:1902495,0.1326028555625813,,,1,0
GO:1902514,0.6139247288698235,,,1,0
GO:1902523,0.2794311905691411,,,1,0
GO:1902527,0.506232281271926,,,1,0
GO:1902554,0.9033531668983424,,,1,0
GO:1902603,0.9064537431008224,,,1,0
GO:1902624,0.0940552397085688,,,1,0
GO:1902635,0.067135750217382,,,1,0
GO:1902711,0.8321377549211298,,,1,0
GO:1902725,0.8118666406157272,,,1,0
GO:1902731,0.7866418918078063,,,1,0
GO:1902742,0.3795411879259344,,,1,0
GO:1902747,0.1655125684938837,,,1,0
GO:1902749,0.2495009460943498,,,1,0
GO:1902751,0.7363526906233364,,,1,0
GO:1902775,0.4488273288199343,,,1,0
GO:1902808,0.7054331554950783,,,1,0
GO:1902817,0.2600002658597405,,,1,0
GO:1902857,0.204053381289766,,,1,0
GO:1902902,0.9744026614895132,,,1,0
GO:1902936,0.3176658321692172,,,1,0
GO:1902937,0.4170048093157887,,,1,0
GO:1902951,0.5162026875165643,,,1,0
GO:1902952,0.8027352056402308,,,1,0
GO:1902953,0.2369119961216879,,,1,0
GO:1902966,0.2849761357861367,,,1,0
GO:1902975,0.2203332964187085,,,1,0
GO:1902991,0.0725511948520406,,,1,0
GO:1902992,0.4320593567327639,,,1,0
GO:1902993,0.7064575903270414,,,1,0
GO:1903028,0.4658053306661507,,,1,0
GO:1903053,0.7061502419452179,,,1,0
GO:1903059,0.8876019867589187,,,1,0
GO:1903076,0.1316109437914744,,,1,0
GO:1903078,0.1685833688418213,,,1,0
GO:1903108,0.1013870316721394,,,1,0
GO:1903119,0.4044655044692181,,,1,0
GO:1903136,0.063888604948681,,,1,0
GO:1903140,0.7624104589151579,,,1,0
GO:1903142,0.5472093759048126,,,1,0
GO:1903232,0.1215843566888314,,,1,0
GO:1903241,0.9392850218517113,,,1,0
GO:1903243,0.207785129786531,,,1,0
GO:1903244,0.5730382593230976,,,1,0
GO:1903265,0.7861130874973652,,,1,0
GO:1903278,0.7022521007080924,,,1,0
GO:1903287,0.3826192754005408,,,1,0
GO:1903288,0.7073689205220146,,,1,0
GO:1903292,0.384323689956786,,,1,0
GO:1903298,0.0827812254603038,,,1,0
GO:1903307,0.4643483744282015,,,1,0
GO:1903347,0.3520362115819276,,,1,0
GO:1903348,0.1010281290293892,,,1,0
GO:1903351,0.9231418452952986,,,1,0
GO:1903358,0.6531075376579172,,,1,0
GO:1903377,0.1692490561205526,,,1,0
GO:1903409,0.3308320039020311,,,1,0
GO:1903426,0.3908468184379932,,,1,0
GO:1903427,0.345463692319075,,,1,0
GO:1903438,0.1322053704327657,,,1,0
GO:1903441,0.1357682071126845,,,1,0
GO:1903444,0.4384374247736231,,,1,0
GO:1903537,0.0832904185844495,,,1,0
GO:1903543,0.1931313692943649,,,1,0
GO:1903561,0.4999115317425144,,,1,0
GO:1903566,0.7304100526765795,,,1,0
GO:1903573,0.1184897708660605,,,1,0
GO:1903575,0.0949777180112435,,,1,0
GO:1903588,0.2604843469638647,,,1,0
GO:1903589,0.935934504899186,,,1,0
GO:1903598,0.5536107651014959,,,1,0
GO:1903604,0.6591956063715221,,,1,0
GO:1903608,0.1012151759585201,,,1,0
GO:1903670,0.5380323620717673,,,1,0
GO:1903671,0.2325603511522733,,,1,0
GO:1903690,0.2874861609940002,,,1,0
GO:1903691,0.3114200106378643,,,1,0
GO:1903711,0.4150220980425328,,,1,0
GO:1903715,0.1164317166964212,,,1,0
GO:1903724,0.0551068781110798,,,1,0
GO:1903748,0.2437716466034588,,,1,0
GO:1903751,0.954170765498338,,,1,0
GO:1903753,0.9695156895084486,,,1,0
GO:1903779,0.7627469882258964,,,1,0
GO:1903803,0.7660533903789958,,,1,0
GO:1903804,0.6095658741290788,,,1,0
GO:1903826,0.3163129881107218,,,1,0
GO:1903845,0.2922671826663083,,,1,0
GO:1903861,0.8146239018488962,,,1,0
GO:1903895,0.1945714136975521,,,1,0
GO:1903898,0.0645478398649304,,,1,0
GO:1903902,0.6572610377627968,,,1,0
GO:1903936,0.8855420645644134,,,1,0
GO:1903944,0.1312296154771526,,,1,0
GO:1903979,0.2697007717864754,,,1,0
GO:1903980,0.1422687410318562,,,1,0
GO:1903999,0.2866462806039747,,,1,0
GO:1904000,0.4074285163868427,,,1,0
GO:1904036,0.0607507800927447,,,1,0
GO:1904037,0.4328240770546065,,,1,0
GO:1904044,0.7284491152931487,,,1,0
GO:1904045,0.9125815267123618,,,1,0
GO:1904046,0.2637722333365923,,,1,0
GO:1904062,0.9592463803416148,,,1,0
GO:1904115,0.2859093032394432,,,1,0
GO:1904117,0.2047012939901835,,,1,0
GO:1904153,0.301194620180707,,,1,0
GO:1904158,0.7971221082616005,,,1,0
GO:1904178,0.6592640372501224,,,1,0
GO:1904179,0.4103063959040328,,,1,0
GO:1904262,0.1341753474942416,,,1,0
GO:1904263,0.359681375709497,,,1,0
GO:1904293,0.4450327144523234,,,1,0
GO:1904294,0.2207957416139957,,,1,0
GO:1904315,0.8971106105716109,,,1,0
GO:1904322,0.1942640196078332,,,1,0
GO:1904354,0.1365082952476605,,,1,0
GO:1904355,0.1568068632606461,,,1,0
GO:1904377,0.1947450249534625,,,1,0
GO:1904380,0.2601474289661299,,,1,0
GO:1904383,0.8248377585673686,,,1,0
GO:1904385,0.8724582018039885,,,1,0
GO:1904395,0.0552965476135448,,,1,0
GO:1904399,0.1383304554715453,,,1,0
GO:1904417,0.8908768445378664,,,1,0
GO:1904465,0.8941121644246539,,,1,0
GO:1904491,0.0815169610401895,,,1,0
GO:1904507,0.0751531913203053,,,1,0
GO:1904515,0.4675529881304481,,,1,0
GO:1904580,0.340425776038929,,,1,0
GO:1904602,0.6838423607232732,,,1,0
GO:1904612,0.7584558096221627,,,1,0
GO:1904628,0.711643495941473,,,1,0
GO:1904637,0.9126597039956976,,,1,0
GO:1904645,0.3840741569705685,,,1,0
GO:1904646,0.0883180046116323,,,1,0
GO:1904668,0.1799494180318179,,,1,0
GO:1904706,0.0569658067796802,,,1,0
GO:1904707,0.3088910075067769,,,1,0
GO:1904714,0.9832108141691058,,,1,0
GO:1904751,0.4914779173937715,,,1,0
GO:1904753,0.4593786843881483,,,1,0
GO:1904754,0.2036234637638652,,,1,0
GO:1904761,0.084018746624454,,,1,0
GO:1904768,0.2586046288315056,,,1,0
GO:1904778,0.1488063311812196,,,1,0
GO:1904781,0.8274397180363282,,,1,0
GO:1904823,0.5425064025023578,,,1,0
GO:1904841,0.7304796998867087,,,1,0
GO:1904861,0.71449877032883,,,1,0
GO:1904862,0.5382765676215825,,,1,0
GO:1904888,0.5920394790616567,,,1,0
GO:1904893,0.0968790904935703,,,1,0
GO:1904894,0.076512184352376,,,1,0
GO:1904903,0.6639404390140544,,,1,0
GO:1904906,0.0746805301259246,,,1,0
GO:1904948,0.3881563780860344,,,1,0
GO:1904970,0.1402585197987804,,,1,0
GO:1904995,0.7726880148911887,,,1,0
GO:1904996,0.4856259992021868,,,1,0
GO:1904999,0.8913012086724684,,,1,0
GO:1905024,0.6362128886545662,,,1,0
GO:1905065,0.8889545162007617,,,1,0
GO:1905075,0.9558657078308038,,,1,0
GO:1905091,0.9114853063154332,,,1,0
GO:1905144,0.1625364812097754,,,1,0
GO:1905166,0.5111588429388059,,,1,0
GO:1905167,0.0787928322511626,,,1,0
GO:1905198,0.8533294740068971,,,1,0
GO:1905205,0.6575050462926919,,,1,0
GO:1905232,0.2902776450882327,,,1,0
GO:1905274,0.9976870671858372,,,1,0
GO:1905278,0.2649910979681544,,,1,0
GO:1905337,0.2915719975037151,,,1,0
GO:1905354,0.7716302550780746,,,1,0
GO:1905382,0.0632177820019851,,,1,0
GO:1905394,0.2070839208296113,,,1,0
GO:1905460,0.936512024977856,,,1,0
GO:1905461,0.0620329252259201,,,1,0
GO:1905477,0.2834999360371502,,,1,0
GO:1905516,0.5723900582465142,,,1,0
GO:1905522,0.7525730933561314,,,1,0
GO:1905555,0.0792714905143986,,,1,0
GO:1905563,0.5086097502490721,,,1,0
GO:1905564,0.64645336522986,,,1,0
GO:1905601,0.662172757875862,,,1,0
GO:1905605,0.4136496609295749,,,1,0
GO:1905652,0.7364516895384612,,,1,0
GO:1905653,0.3636023123963506,,,1,0
GO:1905691,0.4587576966170634,,,1,0
GO:1905700,0.5997606678688423,,,1,0
GO:1905719,0.2772115624041686,,,1,0
GO:1905821,0.6590921500377167,,,1,0
GO:1905832,0.1799228968158981,,,1,0
GO:1905908,0.0523599188394927,,,1,0
GO:1905913,0.8612228466087812,,,1,0
GO:1905949,0.0906280869231165,,,1,0
GO:1990003,0.6490277986911666,,,1,0
GO:1990023,0.5339066417501064,,,1,0
GO:1990034,0.2226759278156657,,,1,0
GO:1990049,0.9671411102539488,,,1,0
GO:1990050,0.6384816827523689,,,1,0
GO:1990116,0.4069475804611421,,,1,0
GO:1990130,0.3225848642652558,,,1,0
GO:1990138,0.6228213592714532,,,1,0
GO:1990145,0.1347988213873968,,,1,0
GO:1990166,0.4330880812907913,,,1,0
GO:1990234,0.1916259658813325,,,1,0
GO:1990239,0.3941914459789485,,,1,0
GO:1990246,0.9987248635086826,,,1,0
GO:1990253,0.8087000088511964,,,1,0
GO:1990254,0.7627881190623433,,,1,0
GO:1990261,0.2790071075620108,,,1,0
GO:1990262,0.506346568132113,,,1,0
GO:1990266,0.5483642072856284,,,1,0
GO:1990275,0.9271932446317426,,,1,0
GO:1990314,0.4745520164835036,,,1,0
GO:1990316,0.6568155132742766,,,1,0
GO:1990341,0.1795934658298498,,,1,0
GO:1990349,0.9293355393629656,,,1,0
GO:1990351,0.4855654618188175,,,1,0
GO:1990380,0.1264003912112627,,,1,0
GO:1990381,0.305946526027975,,,1,0
GO:1990384,0.6285038571215646,,,1,0
GO:1990391,0.7665170617970222,,,1,0
GO:1990393,0.9560649505045676,,,1,0
GO:1990404,0.5547346815028353,,,1,0
GO:1990408,0.9234534394619992,,,1,0
GO:1990410,0.7257556395731086,,,1,0
GO:1990416,0.5534868004869128,,,1,0
GO:1990418,0.3465967933504521,,,1,0
GO:1990430,0.5747428970691677,,,1,0
GO:1990446,0.1832028230619525,,,1,0
GO:1990454,0.898979289128864,,,1,0
GO:1990456,0.6513074776182705,,,1,0
GO:1990459,0.1386094997335689,,,1,0
GO:1990481,0.1191926489365681,,,1,0
GO:1990498,0.1386840816644594,,,1,0
GO:1990513,0.5870866797544425,,,1,0
GO:1990531,0.0652019488447148,,,1,0
GO:1990535,0.3782846660885772,,,1,0
GO:1990542,0.7816665064506312,,,1,0
GO:1990544,0.5174613134032255,,,1,0
GO:1990569,0.3230919739164337,,,1,0
GO:1990573,0.932239581389782,,,1,0
GO:1990592,0.3208227788073343,,,1,0
GO:1990599,0.0502940013769678,,,1,0
GO:1990635,0.2939522915640911,,,1,0
GO:1990708,0.6203228249432724,,,1,0
GO:1990712,0.1962155906013098,,,1,0
GO:1990715,0.2626701250330756,,,1,0
GO:1990716,0.5219122952489896,,,1,0
GO:1990726,0.9123480180046168,,,1,0
GO:1990742,0.5639963416524938,,,1,0
GO:1990745,0.4583068322616457,,,1,0
GO:1990756,0.0697381046019166,,,1,0
GO:1990757,0.2720286288579813,,,1,0
GO:1990760,0.3630299535216432,,,1,0
GO:1990763,0.284358860522982,,,1,0
GO:1990782,0.1241389974264866,,,1,0
GO:1990791,0.8258341229769379,,,1,0
GO:1990809,0.9936220187492204,,,1,0
GO:1990817,0.5050157413287196,,,1,0
GO:1990822,0.9682860686193324,,,1,0
GO:1990825,0.1497029480644806,,,1,0
GO:1990830,0.9465999625808612,,,1,0
GO:1990834,0.1185192100201054,,,1,0
GO:1990859,0.105693064948482,,,1,0
GO:1990869,0.093208241963312,,,1,0
GO:1990909,0.486789147679762,,,1,0
GO:1990913,0.6328758756677655,,,1,0
GO:1990918,0.2093005872551279,,,1,0
GO:1990935,0.1288799747012177,,,1,0
GO:1990961,0.8867490306694692,,,1,0
GO:2000001,0.5525645513686767,,,1,0
GO:2000010,0.4920526268850164,,,1,0
GO:2000020,0.1001321236652367,,,1,0
GO:2000035,0.1402572471376174,,,1,0
GO:2000042,0.5986745172235329,,,1,0
GO:2000048,0.3001410169939748,,,1,0
GO:2000052,0.6498676382857994,,,1,0
GO:2000058,0.2724642437145862,,,1,0
GO:2000059,0.1456597578511318,,,1,0
GO:2000060,0.1038809756653257,,,1,0
GO:2000096,0.2273094218200984,,,1,0
GO:2000110,0.5525393309978313,,,1,0
GO:2000144,0.3629509879167195,,,1,0
GO:2000178,0.2446307999366862,,,1,0
GO:2000179,0.055025928944704,,,1,0
GO:2000210,0.7675416725463234,,,1,0
GO:2000252,0.2305181751261411,,,1,0
GO:2000253,0.541606113180439,,,1,0
GO:2000271,0.0741911126813773,,,1,0
GO:2000279,0.319224909042561,,,1,0
GO:2000288,0.8394175557028186,,,1,0
GO:2000300,0.6699101730953421,,,1,0
GO:2000303,0.1739154470964643,,,1,0
GO:2000304,0.9831253132078508,,,1,0
GO:2000311,0.486368451128928,,,1,0
GO:2000318,0.5668477313513434,,,1,0
GO:2000320,0.4782481305474177,,,1,0
GO:2000321,0.2704667103445887,,,1,0
GO:2000323,0.8573034004696191,,,1,0
GO:2000329,0.3834193236808503,,,1,0
GO:2000330,0.1221445318620145,,,1,0
GO:2000340,0.2004250192101593,,,1,0
GO:2000342,0.2940410610619625,,,1,0
GO:2000343,0.330946609085093,,,1,0
GO:2000344,0.0856201093793017,,,1,0
GO:2000347,0.4237321813286372,,,1,0
GO:2000352,0.2781759747475339,,,1,0
GO:2000353,0.1410098478767903,,,1,0
GO:2000369,0.4950000968056578,,,1,0
GO:2000378,0.6487570759510317,,,1,0
GO:2000391,0.8875737634845824,,,1,0
GO:2000394,0.0753373037953189,,,1,0
GO:2000401,0.1419048632513428,,,1,0
GO:2000402,0.8352232835979518,,,1,0
GO:2000406,0.5153221911521635,,,1,0
GO:2000434,0.5534541918865197,,,1,0
GO:2000436,0.9034849674075984,,,1,0
GO:2000439,0.2171087392223959,,,1,0
GO:2000463,0.7260977916152085,,,1,0
GO:2000491,0.0684533379478782,,,1,0
GO:2000503,0.4923917064991391,,,1,0
GO:2000510,0.3622055896257007,,,1,0
GO:2000535,0.25754441980411,,,1,0
GO:2000545,0.1936894755565991,,,1,0
GO:2000553,0.5921331920461724,,,1,0
GO:2000556,0.6970404989200237,,,1,0
GO:2000601,0.1432388800484243,,,1,0
GO:2000622,0.8613745861959892,,,1,0
GO:2000623,0.0861875013985232,,,1,0
GO:2000627,0.2825032198992995,,,1,0
GO:2000646,0.3352929329083451,,,1,0
GO:2000648,0.7171494111429133,,,1,0
GO:2000660,0.0948656725857072,,,1,0
GO:2000669,0.8628377358342587,,,1,0
GO:2000675,0.2903616202999753,,,1,0
GO:2000679,0.7026269181225435,,,1,0
GO:2000726,0.4123678813784103,,,1,0
GO:2000727,0.6586563599604768,,,1,0
GO:2000737,0.3105976251905269,,,1,0
GO:2000738,0.3080320465671881,,,1,0
GO:2000741,0.4206644715654976,,,1,0
GO:2000752,0.1516518749146408,,,1,0
GO:2000766,0.197399158689983,,,1,0
GO:2000772,0.4121253648170163,,,1,0
GO:2000773,0.1752241851030606,,,1,0
GO:2000774,0.8670568081495049,,,1,0
GO:2000785,0.3016723450728115,,,1,0
GO:2000786,0.9944973055689768,,,1,0
GO:2000810,0.7546601821833024,,,1,0
GO:2000818,0.9116393078317484,,,1,0
GO:2000987,0.389879535729336,,,1,0
GO:2001016,0.8312640746157187,,,1,0
GO:2001027,0.9567965902311898,,,1,0
GO:2001028,0.1778632322768208,,,1,0
GO:2001033,0.6227436767102674,,,1,0
GO:2001034,0.6006371995660693,,,1,0
GO:2001044,0.0695831435272323,,,1,0
GO:2001046,0.5177958115890808,,,1,0
GO:2001069,0.9918619300396104,,,1,0
GO:2001135,0.8058739362920588,,,1,0
GO:2001137,0.2667764520412587,,,1,0
GO:2001140,0.4544491976443928,,,1,0
GO:2001199,0.8112570666772785,,,1,0
GO:2001212,0.5064100939121488,,,1,0
GO:2001214,0.6097658894115585,,,1,0
GO:2001222,0.583935674017865,,,1,0
GO:2001223,0.6978537324489045,,,1,0
GO:2001224,0.1020539825634013,,,1,0
GO:2001237,0.5082009193897148,,,1,0
GO:2001238,0.0536656897343353,,,1,0
GO:2001240,0.7088172024791987,,,1,0
GO:2001256,0.220950773076811,,,1,0
