source,native,name,p_value,significant,description,term_size,query_size,intersection_size,effective_domain_size,precision,recall,query,parents
GO:BP,GO:0048518,positive regulation of biological process,7.2514287095918606e-59,True,"""Any process that activates or increases the frequency, rate or extent of a biological process. Biological processes are regulated by many means; examples include the control of gene expression, protein modification or interaction with a protein or substrate molecule."" [GOC:jid]",6150,7396,2700,20972,0.3650621957815035,0.43902439024390244,query_1,"['GO:0008150', 'GO:0050789']"
GO:BP,GO:0048522,positive regulation of cellular process,1.6857115521753802e-56,True,"""Any process that activates or increases the frequency, rate or extent of a cellular process, any of those that are carried out at the cellular level, but are not necessarily restricted to a single cell. For example, cell communication occurs among more than one cell, but occurs at the cellular level."" [GOC:jid]",5739,7396,2533,20972,0.3424824229313142,0.4413660916535982,query_1,"['GO:0009987', 'GO:0048518', 'GO:0050794']"
GO:BP,GO:0065007,biological regulation,9.30955380052133e-50,True,"""Any process that modulates a measurable attribute of any biological process, quality or function."" [GOC:dph, GOC:isa_complete, GOC:mah, GOC:pr, GOC:vw]",12804,7396,5030,20972,0.680097349918875,0.3928459856294908,query_1,['GO:0008150']
GO:BP,GO:0080090,regulation of primary metabolic process,2.9416330794020864e-49,True,"""Any process that modulates the frequency, rate or extent of the chemical reactions and pathways within a cell or an organism involving those compounds formed as a part of the normal anabolic and catabolic processes. These processes take place in most, if not all, cells of the organism."" [PMID:19211694]",5215,7396,2300,20972,0.31097890751757706,0.44103547459252157,query_1,"['GO:0019222', 'GO:0044238']"
GO:BP,GO:0050789,regulation of biological process,3.125920548896341e-46,True,"""Any process that modulates the frequency, rate or extent of a biological process. Biological processes are regulated by many means; examples include the control of gene expression, protein modification or interaction with a protein or substrate molecule."" [GOC:ai, GOC:go_curators]",12397,7396,4872,20972,0.6587344510546241,0.3929983060417843,query_1,"['GO:0008150', 'GO:0065007']"
GO:BP,GO:0048583,regulation of response to stimulus,7.488744373684794e-46,True,"""Any process that modulates the frequency, rate or extent of a response to a stimulus. Response to stimulus is a change in state or activity of a cell or an organism (in terms of movement, secretion, enzyme production, gene expression, etc.) as a result of a stimulus."" [GOC:jid]",3993,7396,1813,20972,0.24513250405624662,0.45404457801152015,query_1,"['GO:0050789', 'GO:0050896']"
GO:BP,GO:0050794,regulation of cellular process,4.990310212364746e-44,True,"""Any process that modulates the frequency, rate or extent of a cellular process, any of those that are carried out at the cellular level, but are not necessarily restricted to a single cell. For example, cell communication occurs among more than one cell, but occurs at the cellular level."" [GOC:go_curators]",11962,7396,4710,20972,0.6368307193077339,0.3937468650727303,query_1,"['GO:0009987', 'GO:0050789']"
GO:BP,GO:0019538,protein metabolic process,2.2507795287955114e-43,True,"""The chemical reactions and pathways involving a protein. Includes protein modification."" [GOC:ma]",4467,7396,1985,20972,0.268388318009735,0.4443698231475263,query_1,"['GO:0043170', 'GO:0044238']"
GO:BP,GO:0006950,response to stress,5.7684932506582585e-43,True,"""Any process that results in a change in state or activity of a cell or an organism (in terms of movement, secretion, enzyme production, gene expression, etc.) as a result of a disturbance in organismal or cellular homeostasis, usually, but not necessarily, exogenous (e.g. temperature, humidity, ionizing radiation)."" [GOC:mah]",3984,7396,1796,20972,0.24283396430502974,0.4508032128514056,query_1,['GO:0050896']
GO:BP,GO:0050896,response to stimulus,4.208264622309157e-42,True,"""Any process that results in a change in state or activity of a cell or an organism (in terms of movement, secretion, enzyme production, gene expression, etc.) as a result of a stimulus. The process begins with detection of the stimulus and ends with a change in state or activity or the cell or organism."" [GOC:ai, GOC:bf]",9051,7396,3675,20972,0.4968902109248242,0.4060324825986079,query_1,['GO:0008150']
GO:BP,GO:0002376,immune system process,5.482399307553101e-41,True,"""Any process involved in the development or functioning of the immune system, an organismal system for calibrated responses to potential internal or invasive threats."" [GO_REF:0000022, GOC:add]",2913,7396,1365,20972,0.184559221200649,0.4685890834191555,query_1,['GO:0008150']
GO:BP,GO:0002682,regulation of immune system process,1.2573545956231344e-38,True,"""Any process that modulates the frequency, rate, or extent of an immune system process."" [GOC:add]",1594,7396,815,20972,0.11019469983775014,0.5112923462986199,query_1,"['GO:0002376', 'GO:0050789']"
GO:BP,GO:0035556,intracellular signal transduction,3.045793861964417e-37,True,"""The process in which a signal is passed on to downstream components within the cell, which become activated themselves to further propagate the signal and finally trigger a change in the function or state of the cell."" [GOC:bf, GOC:jl, GOC:signaling, ISBN:3527303782]",2963,7396,1369,20972,0.18510005408328825,0.46203172460344244,query_1,['GO:0007165']
GO:BP,GO:0051179,localization,5.17104945094638e-35,True,"""Any process in which a cell, a substance, or a cellular entity, such as a protein complex or organelle, is transported, tethered to or otherwise maintained in a specific location. In the case of substances, localization may also be achieved via selective degradation."" [GOC:ai, GOC:dos]",5493,7396,2331,20972,0.31517036235803136,0.4243582741671218,query_1,['GO:0008150']
GO:BP,GO:0019219,regulation of nucleobase-containing compound metabolic process,5.17104945094638e-35,True,"""Any cellular process that modulates the frequency, rate or extent of the chemical reactions and pathways involving nucleobases, nucleosides, nucleotides and nucleic acids."" [GOC:go_curators]",3954,7396,1746,20972,0.23607355327203894,0.44157814871016693,query_1,"['GO:0006139', 'GO:0080090']"
GO:BP,GO:0006810,transport,3.735260410215942e-33,True,"""The directed movement of substances (such as macromolecules, small molecules, ions) or cellular components (such as complexes and organelles) into, out of or within a cell, or between cells, or within a multicellular organism by means of some agent such as a transporter or a transporter complex, a pore or a motor protein."" [GOC:dos, GOC:dph, GOC:jl, GOC:mah]",4370,7396,1896,20972,0.25635478637101133,0.43386727688787186,query_1,['GO:0051234']
GO:BP,GO:0033036,macromolecule localization,3.91158855289822e-33,True,"""Any process in which a macromolecule is transported to, or maintained in, a specific location."" [GOC:mah]",2876,7396,1316,20972,0.17793401838831802,0.4575799721835883,query_1,['GO:0051179']
GO:BP,GO:0051716,cellular response to stimulus,6.297798513605807e-33,True,"""Any process that results in a change in state or activity of a cell (in terms of movement, secretion, enzyme production, gene expression, etc.) as a result of a stimulus. The process begins with detection of the stimulus by a cell and ends with a change in state or activity or the cell."" [GOC:bf, GOC:jl]",7425,7396,3032,20972,0.4099513250405625,0.40835016835016835,query_1,"['GO:0009987', 'GO:0050896']"
GO:BP,GO:0010604,positive regulation of macromolecule metabolic process,8.306104081699183e-33,True,"""Any process that increases the frequency, rate or extent of the chemical reactions and pathways involving macromolecules, any molecule of high relative molecular mass, the structure of which essentially comprises the multiple repetition of units derived, actually or conceptually, from molecules of low relative molecular mass."" [GOC:dph, GOC:tb]",3152,7396,1423,20972,0.19240129799891834,0.4514593908629442,query_1,"['GO:0009893', 'GO:0043170', 'GO:0060255']"
GO:BP,GO:0009893,positive regulation of metabolic process,1.1842949667353041e-32,True,"""Any process that activates or increases the frequency, rate or extent of the chemical reactions and pathways within a cell or an organism."" [GOC:go_curators]",3410,7396,1523,20972,0.20592212006489993,0.4466275659824047,query_1,"['GO:0008152', 'GO:0019222', 'GO:0048522']"
GO:BP,GO:0001775,cell activation,2.1538812386831698e-32,True,"""A multicellular organismal process by which exposure to an activating factor such as a cellular or soluble ligand results in a change in the morphology or behavior of a cell."" [GOC:mgi_curators]",1123,7396,593,20972,0.08017847485127096,0.5280498664292075,query_1,"['GO:0009987', 'GO:0032501']"
GO:BP,GO:0006996,organelle organization,8.172295342321546e-32,True,"""A process that is carried out at the cellular level which results in the assembly, arrangement of constituent parts, or disassembly of an organelle within a cell. An organelle is an organized structure of distinctive morphology and function. Includes the nucleus, mitochondria, plastids, vacuoles, vesicles, ribosomes and the cytoskeleton. Excludes the plasma membrane."" [GOC:mah]",3573,7396,1582,20972,0.2138994050838291,0.4427651833193395,query_1,['GO:0016043']
GO:BP,GO:0009966,regulation of signal transduction,4.4591691838417695e-31,True,"""Any process that modulates the frequency, rate or extent of signal transduction."" [GOC:sm]",3031,7396,1367,20972,0.18482963764196864,0.4510062685582316,query_1,"['GO:0007165', 'GO:0010646', 'GO:0023051', 'GO:0048583']"
GO:BP,GO:0051252,regulation of RNA metabolic process,5.123689945267202e-30,True,"""Any process that modulates the frequency, rate or extent of the chemical reactions and pathways involving RNA."" [GOC:ai]",3654,7396,1604,20972,0.21687398593834506,0.4389709906951286,query_1,"['GO:0016070', 'GO:0019219', 'GO:0060255']"
GO:BP,GO:0045321,leukocyte activation,6.403960687178973e-30,True,"""A change in morphology and behavior of a leukocyte resulting from exposure to a specific antigen, mitogen, cytokine, cellular ligand, or soluble factor."" [GOC:add]",975,7396,521,20972,0.0704434829637642,0.5343589743589744,query_1,"['GO:0001775', 'GO:0002376']"
GO:BP,GO:0008104,intracellular protein localization,6.685118756691994e-30,True,"""Any process in which a protein is transported to, or maintained in, a specific location."" [GOC:ai]",2401,7396,1112,20972,0.1503515413737155,0.46314035818408994,query_1,['GO:0033036']
GO:BP,GO:0048584,positive regulation of response to stimulus,1.4948870296097615e-29,True,"""Any process that activates, maintains or increases the rate of a response to a stimulus. Response to stimulus is a change in state or activity of a cell or an organism (in terms of movement, secretion, enzyme production, gene expression, etc.) as a result of a stimulus."" [GOC:jid]",2320,7396,1078,20972,0.14575446187128177,0.4646551724137931,query_1,"['GO:0048518', 'GO:0048583', 'GO:0050896']"
GO:BP,GO:0030097,hemopoiesis,1.528287242946378e-29,True,"""The process whose specific outcome is the progression of the myeloid and lymphoid derived organ/tissue systems of the blood and other parts of the body over time, from formation to the mature structure. The site of hemopoiesis is variable during development, but occurs primarily in bone marrow or kidney in many adult vertebrates."" [GOC:dgh, ISBN:0198506732]",971,7396,518,20972,0.07003785830178474,0.533470648815654,query_1,['GO:0048468']
GO:BP,GO:0019222,regulation of metabolic process,1.9684087408032422e-29,True,"""Any process that modulates the frequency, rate or extent of the chemical reactions and pathways within a cell or an organism."" [GOC:go_curators]",6900,7396,2817,20972,0.380881557598702,0.4082608695652174,query_1,"['GO:0008152', 'GO:0050794']"
GO:BP,GO:0023051,regulation of signaling,1.4984412270225474e-28,True,"""Any process that modulates the frequency, rate or extent of a signaling process."" [GOC:mtg_signal]",3473,7396,1526,20972,0.2063277447268794,0.4393895767348114,query_1,"['GO:0023052', 'GO:0050789']"
GO:BP,GO:0050776,regulation of immune response,4.72060920439939e-28,True,"""Any process that modulates the frequency, rate or extent of the immune response, the immunological reaction of an organism to an immunogenic stimulus."" [GOC:ai]",970,7396,513,20972,0.06936181719848566,0.5288659793814433,query_1,"['GO:0002682', 'GO:0006955', 'GO:0048583']"
GO:BP,GO:0010646,regulation of cell communication,1.1079396426825242e-27,True,"""Any process that modulates the frequency, rate or extent of cell communication. Cell communication is the process that mediates interactions between a cell and its surroundings. Encompasses interactions such as signaling or attachment between one cell and another cell, between a cell and an extracellular matrix, or between a cell and any other aspect of its environment."" [GOC:dph, GOC:tb]",3480,7396,1524,20972,0.20605732828555975,0.4379310344827586,query_1,"['GO:0007154', 'GO:0050794']"
GO:BP,GO:0051239,regulation of multicellular organismal process,1.4097685225970908e-27,True,"""Any process that modulates the frequency, rate or extent of a multicellular organismal process, the processes pertinent to the function of a multicellular organism above the cellular level; includes the integrated processes of tissues and organs."" [GOC:ai, GOC:dph, GOC:tb]",2923,7396,1307,20972,0.17671714440237968,0.4471433458775231,query_1,"['GO:0032501', 'GO:0050789']"
GO:BP,GO:0002684,positive regulation of immune system process,3.2329576865513356e-27,True,"""Any process that activates or increases the frequency, rate, or extent of an immune system process."" [GOC:add]",1111,7396,571,20972,0.07720389399675501,0.5139513951395139,query_1,"['GO:0002376', 'GO:0002682', 'GO:0048518']"
GO:BP,GO:1902531,regulation of intracellular signal transduction,7.747739616639302e-27,True,"""Any process that modulates the frequency, rate or extent of intracellular signal transduction."" [GOC:dph, GOC:signaling, GOC:tb, GOC:TermGenie]",1945,7396,915,20972,0.12371552190373175,0.4704370179948586,query_1,"['GO:0009966', 'GO:0035556']"
GO:BP,GO:0046649,lymphocyte activation,2.830156260931549e-26,True,"""A change in morphology and behavior of a lymphocyte resulting from exposure to a specific antigen, mitogen, cytokine, chemokine, cellular ligand, or soluble factor."" [GOC:mgi_curators, ISBN:0781735149]",811,7396,438,20972,0.05922120064899946,0.5400739827373613,query_1,['GO:0045321']
GO:BP,GO:0006351,DNA-templated transcription,3.765170223924852e-26,True,"""The synthesis of an RNA transcript from a DNA template."" [GOC:jl, GOC:txnOH]",3523,7396,1532,20972,0.2071389940508383,0.43485665625887027,query_1,"['GO:0010467', 'GO:0032774']"
GO:BP,GO:0051234,establishment of localization,4.666823347276799e-26,True,"""Any process that localizes a substance or cellular component. This may occur via movement, tethering or selective degradation."" [GOC:ai, GOC:dos]",4804,7396,2018,20972,0.27285018929150895,0.4200666111573689,query_1,['GO:0051179']
GO:BP,GO:0043412,macromolecule modification,1.5527525811650562e-25,True,"""The covalent alteration of one or more monomeric units in a polypeptide, polynucleotide, polysaccharide, or other biological macromolecule, resulting in a change in its properties."" [GOC:go_curators]",2547,7396,1149,20972,0.1553542455381287,0.45111896348645464,query_1,['GO:0043170']
GO:BP,GO:0006955,immune response,2.1664817192516373e-25,True,"""Any immune system process that functions in the calibrated response of an organism to a potential internal or invasive threat."" [GO_REF:0000022, GOC:add]",2118,7396,978,20972,0.13223363980530017,0.46175637393767704,query_1,"['GO:0002376', 'GO:0050896']"
GO:BP,GO:0060255,regulation of macromolecule metabolic process,2.2644702873587817e-25,True,"""Any process that modulates the frequency, rate or extent of the chemical reactions and pathways involving macromolecules, any molecule of high relative molecular mass, the structure of which essentially comprises the multiple repetition of units derived, actually or conceptually, from molecules of low relative molecular mass."" [GOC:dph, GOC:tb]",6392,7396,2603,20972,0.3519469983775014,0.40722778473091364,query_1,"['GO:0019222', 'GO:0043170']"
GO:BP,GO:0006355,regulation of DNA-templated transcription,3.944310803528761e-25,True,"""Any process that modulates the frequency, rate or extent of cellular DNA-templated transcription."" [GOC:go_curators, GOC:txnOH]",3385,7396,1473,20972,0.19916170903190913,0.43515509601181684,query_1,"['GO:0006351', 'GO:0010468', 'GO:2001141']"
GO:BP,GO:2001141,regulation of RNA biosynthetic process,4.996265938636114e-25,True,"""Any process that modulates the frequency, rate or extent of RNA biosynthetic process."" [GOC:dph]",3397,7396,1477,20972,0.1997025419145484,0.43479540771268765,query_1,"['GO:0010556', 'GO:0032774', 'GO:0051252']"
GO:BP,GO:0010557,positive regulation of macromolecule biosynthetic process,7.021373792768381e-25,True,"""Any process that increases the rate, frequency or extent of the chemical reactions and pathways resulting in the formation of a macromolecule, any molecule of high relative molecular mass, the structure of which essentially comprises the multiple repetition of units derived, actually or conceptually, from molecules of low relative molecular mass."" [GOC:dph, GOC:tb]",2538,7396,1142,20972,0.15440778799351002,0.4499605988967691,query_1,"['GO:0009059', 'GO:0009891', 'GO:0010556', 'GO:0010604']"
GO:BP,GO:0033554,cellular response to stress,7.9489178894995615e-25,True,"""Any process that results in a change in state or activity of a cell (in terms of movement, secretion, enzyme production, gene expression, etc.) as a result of a stimulus indicating the organism is under stress. The stress is usually, but not necessarily, exogenous (e.g. temperature, humidity, ionizing radiation)."" [GOC:mah]",1856,7396,870,20972,0.11763115197404002,0.46875,query_1,"['GO:0006950', 'GO:0051716']"
GO:BP,GO:0009891,positive regulation of biosynthetic process,1.7201429104898224e-24,True,"""Any process that activates or increases the frequency, rate or extent of the chemical reactions and pathways resulting in the formation of substances."" [GOC:go_curators]",2645,7396,1182,20972,0.15981611681990265,0.44688090737240077,query_1,"['GO:0009058', 'GO:0009889', 'GO:0009893']"
GO:BP,GO:0009056,catabolic process,3.235615627242849e-24,True,"""A cellular process consisting of the biochemical pathways by which a living organism breaks down substances. This includes the breakdown of carbon compounds with the liberation of energy for use by the cell or organism."" [ISBN:0198547684]",2641,7396,1179,20972,0.1594104921579232,0.4464218099204847,query_1,['GO:0008152']
GO:BP,GO:0002764,immune response-regulating signaling pathway,5.51714683647125e-24,True,"""The cascade of processes by which a signal interacts with a receptor, causing a change in the level or activity of a second messenger or other downstream target, and ultimately leading to the activation, perpetuation, or inhibition of an immune response."" [GOC:add, ISBN:0781735149, PMID:15771571]",562,7396,320,20972,0.04326663061114116,0.5693950177935944,query_1,"['GO:0007165', 'GO:0050776']"
GO:BP,GO:0032502,developmental process,6.29514754281238e-24,True,"""A biological process whose specific outcome is the progression of an integrated living unit: an anatomical structure (which may be a subcellular structure, cell, tissue, or organ), or organism over time from an initial condition to a later condition."" [GOC:isa_complete]",6535,7396,2645,20972,0.35762574364521366,0.404743687834736,query_1,['GO:0008150']
GO:BP,GO:0141124,intracellular signaling cassette,1.0233047740938204e-23,True,"""An intracellular signaling module that is part of larger signaling pathways that can be initiated either intracellularly or by cell surface receptors. Intracellular signaling cassettes are discrete signaling units that are often shared by multiple signaling pathways."" [GOC:ha, GOC:pg]",1866,7396,869,20972,0.11749594375338021,0.46570203644158625,query_1,['GO:0035556']
GO:BP,GO:0002521,leukocyte differentiation,6.244749947335752e-23,True,"""The process in which a relatively unspecialized hemopoietic precursor cell acquires the specialized features of a leukocyte. A leukocyte is an achromatic cell of the myeloid or lymphoid lineages capable of ameboid movement, found in blood or other tissue."" [CL:0000738, GOC:add, PMID:16551264]",628,7396,347,20972,0.046917252568956194,0.552547770700637,query_1,"['GO:0030097', 'GO:0030154']"
GO:BP,GO:0051649,establishment of localization in cell,7.292664885616966e-23,True,"""Any process, occurring in a cell, that localizes a substance or cellular component. This may occur via movement, tethering or selective degradation."" [GOC:ai, GOC:dos, GOC:dph, GOC:tb]",1938,7396,894,20972,0.12087614926987561,0.4613003095975232,query_1,"['GO:0051234', 'GO:0051641']"
GO:BP,GO:1903131,mononuclear cell differentiation,9.391762428410095e-23,True,"""The process in which a relatively unspecialized cell acquires the specialized features of a mononuclear cell."" [CL:0000842, GO_REF:0000086, GOC:TermGenie, PMID:24759906]",523,7396,299,20972,0.04042725797728502,0.5717017208413002,query_1,['GO:0002521']
GO:BP,GO:0002253,activation of immune response,1.2593157497014369e-22,True,"""Any process that initiates an immune response."" [GO_REF:0000022, GOC:add, ISBN:0781735149]",581,7396,325,20972,0.04394267171444024,0.5593803786574871,query_1,"['GO:0002376', 'GO:0050778']"
GO:BP,GO:0036211,protein modification process,1.4273496973705153e-22,True,"""The covalent alteration of one or more amino acids occurring in proteins, peptides and nascent polypeptides (co-translational, post-translational modifications). Includes the modification of charged tRNAs that are destined to occur in a protein (pre-translation modification)."" [GOC:bf, GOC:jl]",2360,7396,1060,20972,0.1433207138994051,0.4491525423728814,query_1,"['GO:0019538', 'GO:0043412']"
GO:BP,GO:0030098,lymphocyte differentiation,1.4969570331322717e-22,True,"""The process in which a relatively unspecialized precursor cell acquires specialized features of a lymphocyte. A lymphocyte is a leukocyte commonly found in the blood and lymph that has the characteristics of a large nucleus, a neutral staining cytoplasm, and prominent heterochromatin."" [CL:0000542, GOC:go_curators]",427,7396,254,20972,0.03434288804759329,0.594847775175644,query_1,"['GO:0046649', 'GO:1903131']"
GO:BP,GO:0044419,biological process involved in interspecies interaction between organisms,2.22384204593942e-22,True,"""Any process evolved to enable an interaction with an organism of a different species."" [GOC:cc]",1777,7396,827,20972,0.11181719848566793,0.46539110861001687,query_1,['GO:0008150']
GO:BP,GO:0050778,positive regulation of immune response,2.477873384704533e-22,True,"""Any process that activates or increases the frequency, rate or extent of the immune response, the immunological reaction of an organism to an immunogenic stimulus."" [GOC:ai]",775,7396,410,20972,0.05543537047052461,0.5290322580645161,query_1,"['GO:0002684', 'GO:0006955', 'GO:0048584', 'GO:0050776']"
GO:BP,GO:0080134,regulation of response to stress,3.427825124612894e-22,True,"""Any process that modulates the frequency, rate or extent of a response to stress. Response to stress is a change in state or activity of a cell or an organism (in terms of movement, secretion, enzyme production, gene expression, etc.) as a result of a disturbance in organismal or cellular homeostasis, usually, but not necessarily, exogenous (e.g. temperature, humidity, ionizing radiation)."" [GOC:dhl]",1410,7396,677,20972,0.0915359653866955,0.48014184397163123,query_1,"['GO:0006950', 'GO:0048583']"
GO:BP,GO:0046907,intracellular transport,8.556572146257981e-22,True,"""The directed movement of substances within a cell."" [GOC:ai]",1375,7396,661,20972,0.08937263385613846,0.4807272727272727,query_1,"['GO:0006810', 'GO:0051641', 'GO:0051649']"
GO:BP,GO:0009605,response to external stimulus,1.4359516330007047e-21,True,"""Any process that results in a change in state or activity of a cell or an organism (in terms of movement, secretion, enzyme production, gene expression, etc.) as a result of an external stimulus."" [GOC:hb]",2427,7396,1081,20972,0.14616008653326124,0.4454058508446642,query_1,['GO:0050896']
GO:BP,GO:0002757,immune response-activating signaling pathway,2.598369220573294e-21,True,"""The series of molecular signals generated by a ligand binding to its receptor that lead to the activation or perpetuation of an immune response."" [GOC:add]",516,7396,292,20972,0.03948080043266631,0.5658914728682171,query_1,"['GO:0002253', 'GO:0002764']"
GO:BP,GO:0006952,defense response,3.2546167070179986e-21,True,"""Reactions, triggered in response to the presence of a foreign body or the occurrence of an injury, which result in restriction of damage to the organism attacked or prevention/recovery from the infection caused by the attack."" [GOC:go_curators]",1883,7396,864,20972,0.11681990265008113,0.45884227296866703,query_1,['GO:0006950']
GO:BP,GO:0051128,regulation of cellular component organization,3.3210930363151062e-21,True,"""Any process that modulates the frequency, rate or extent of a process involved in the formation, arrangement of constituent parts, or disassembly of cell structures, including the plasma membrane and any external encapsulating structures such as the cell wall and cell envelope."" [GOC:ai]",2427,7396,1079,20972,0.1458896700919416,0.4445817882159044,query_1,"['GO:0016043', 'GO:0050794']"
GO:BP,GO:0050865,regulation of cell activation,4.979973658408458e-21,True,"""Any process that modulates the frequency, rate or extent of cell activation, the change in the morphology or behavior of a cell resulting from exposure to an activating factor such as a cellular or soluble ligand."" [GOC:ai]",627,7396,341,20972,0.04610600324499729,0.543859649122807,query_1,"['GO:0001775', 'GO:0050794', 'GO:0051239']"
GO:BP,GO:0006793,phosphorus metabolic process,1.4969875302091355e-20,True,"""The chemical reactions and pathways involving the nonmetallic element phosphorus or compounds that contain phosphorus."" [GOC:ai]",2199,7396,986,20972,0.1333153055705787,0.4483856298317417,query_1,['GO:0008152']
GO:BP,GO:0006796,phosphate-containing compound metabolic process,2.1355594983501306e-20,True,"""The chemical reactions and pathways involving the phosphate group, the anion or salt of any phosphoric acid."" [GOC:ai]",2196,7396,984,20972,0.13304488912925905,0.44808743169398907,query_1,['GO:0006793']
GO:BP,GO:0048856,anatomical structure development,3.058458465893243e-20,True,"""The biological process whose specific outcome is the progression of an anatomical structure from an initial condition to its mature state. This process begins with the formation of the structure and ends with the mature structure, whatever form that may be including its natural destruction. An anatomical structure is any biological entity that occupies space and is distinguished from its surroundings. Anatomical structures can be macroscopic such as a carpel, or microscopic such as an acrosome."" [GO_REF:0000021]",5948,7396,2402,20972,0.3247701460248783,0.40383322125084065,query_1,['GO:0032502']
GO:BP,GO:0006366,transcription by RNA polymerase II,4.9286097479582494e-20,True,"""The synthesis of RNA from a DNA template by RNA polymerase II (RNAP II), originating at an RNA polymerase II promoter. Includes transcription of messenger RNA (mRNA) and certain small nuclear RNAs (snRNAs)."" [GOC:jl, GOC:txnOH, ISBN:0321000382]",2827,7396,1228,20972,0.1660356949702542,0.4343827378846834,query_1,['GO:0006351']
GO:BP,GO:0051246,regulation of protein metabolic process,5.821506407806809e-20,True,"""Any process that modulates the frequency, rate or extent of the chemical reactions and pathways involving a protein."" [GOC:ai]",1574,7396,734,20972,0.09924283396430503,0.4663278271918678,query_1,"['GO:0019538', 'GO:0060255', 'GO:0080090']"
GO:BP,GO:0002694,regulation of leukocyte activation,8.438132398246627e-20,True,"""Any process that modulates the frequency, rate, or extent of leukocyte activation."" [GOC:add]",572,7396,313,20972,0.04232017306652244,0.5472027972027972,query_1,"['GO:0002682', 'GO:0045321', 'GO:0050865']"
GO:BP,GO:0007165,signal transduction,1.063446265967435e-19,True,"""The cellular process in which a signal is conveyed to trigger a change in the activity or state of a cell. Signal transduction begins with reception of a signal (e.g. a ligand binding to a receptor or receptor activation by a stimulus such as light), or for signal transduction in the absence of ligand, signal-withdrawal or the activity of a constitutively active receptor. Signal transduction ends with regulation of a downstream cellular process, e.g. regulation of transcription or regulation of a metabolic process. Signal transduction covers signaling from receptors located on the surface of the cell and signaling via molecules located within the cell. For signaling between cells, signal transduction is restricted to events at and within the receiving cell."" [GOC:go_curators, GOC:mtg_signaling_feb11]",6063,7396,2440,20972,0.3299080584099513,0.4024410357908626,query_1,"['GO:0007154', 'GO:0009987', 'GO:0023052', 'GO:0050794', 'GO:0051716']"
GO:BP,GO:0009607,response to biotic stimulus,1.8947760859139716e-19,True,"""Any process that results in a change in state or activity of a cell or an organism (in terms of movement, secretion, enzyme production, gene expression, etc.) as a result of a biotic stimulus, a stimulus caused or produced by a living organism."" [GOC:hb]",1652,7396,763,20972,0.1031638723634397,0.461864406779661,query_1,['GO:0050896']
GO:BP,GO:0009889,regulation of biosynthetic process,1.960436933406552e-19,True,"""Any process that modulates the frequency, rate or extent of the chemical reactions and pathways resulting in the formation of substances."" [GOC:go_curators]",5821,7396,2349,20972,0.31760411032990804,0.4035389108400618,query_1,"['GO:0009058', 'GO:0019222']"
GO:BP,GO:0007166,cell surface receptor signaling pathway,1.9920195289218023e-19,True,"""The series of molecular signals initiated by an extracellular ligand binding to a receptor located on the cell surface. The pathway ends with regulation of a downstream cellular process, e.g. transcription."" [GOC:signaling]",2834,7396,1227,20972,0.16590048674959437,0.43295695130557516,query_1,['GO:0007165']
GO:BP,GO:0006357,regulation of transcription by RNA polymerase II,5.545105882295412e-19,True,"""Any process that modulates the frequency, rate or extent of transcription mediated by RNA polymerase II."" [GOC:go_curators, GOC:txnOH]",2688,7396,1168,20972,0.15792320173066524,0.43452380952380953,query_1,"['GO:0006355', 'GO:0006366']"
GO:BP,GO:0023052,signaling,6.125539997348594e-19,True,"""The entirety of a process in which information is transmitted within a biological system. This process begins with an active signal and ends when a cellular response has been triggered."" [GOC:mtg_signal, GOC:mtg_signaling_feb11, GOC:signaling]",6558,7396,2615,20972,0.3535694970254191,0.3987496187862153,query_1,['GO:0050789']
GO:BP,GO:0016192,vesicle-mediated transport,7.394864582580701e-19,True,"""A cellular transport process in which transported substances are moved in membrane-bounded vesicles; transported substances are enclosed in the vesicle lumen or located in the vesicle membrane. The process begins with a step that directs a substance to the forming vesicle, and includes vesicle budding and coating. Vesicles are then targeted to, and fuse with, an acceptor membrane."" [GOC:ai, GOC:mah, ISBN:08789310662000]",1572,7396,728,20972,0.09843158464034614,0.4631043256997455,query_1,"['GO:0006810', 'GO:0009987']"
GO:BP,GO:0010556,regulation of macromolecule biosynthetic process,8.326099765295137e-19,True,"""Any process that modulates the rate, frequency or extent of the chemical reactions and pathways resulting in the formation of a macromolecule, any molecule of high relative molecular mass, the structure of which essentially comprises the multiple repetition of units derived, actually or conceptually, from molecules of low relative molecular mass."" [GOC:dph, GOC:tb]",5647,7396,2280,20972,0.30827474310438074,0.4037542057729768,query_1,"['GO:0009059', 'GO:0009889', 'GO:0060255']"
GO:BP,GO:0051249,regulation of lymphocyte activation,1.406392055556306e-18,True,"""Any process that modulates the frequency, rate or extent of lymphocyte activation."" [GOC:ai]",506,7396,280,20972,0.03785830178474851,0.5533596837944664,query_1,"['GO:0002694', 'GO:0046649']"
GO:BP,GO:0048869,cellular developmental process,1.9179256939632534e-18,True,"""A biological process whose specific outcome is the progression of a cell over time from an initial condition to a later condition."" [GOC:isa_complete]",4444,7396,1831,20972,0.24756625202812332,0.412016201620162,query_1,"['GO:0009987', 'GO:0032502']"
GO:BP,GO:0030154,cell differentiation,2.322360097244292e-18,True,"""The cellular developmental process in which a relatively unspecialized cell, e.g. embryonic or regenerative cell, acquires specialized structural and/or functional features that characterize a specific cell. Differentiation includes the processes involved in commitment of a cell to a specific fate and its subsequent development to the mature state."" [ISBN:0198506732]",4443,7396,1830,20972,0.2474310438074635,0.41188386225523294,query_1,['GO:0048869']
GO:BP,GO:0051254,positive regulation of RNA metabolic process,2.617456328566086e-18,True,"""Any process that activates or increases the frequency, rate or extent of the chemical reactions and pathways involving RNA."" [GOC:ai]",1804,7396,818,20972,0.11060032449972958,0.4534368070953437,query_1,"['GO:0010604', 'GO:0016070', 'GO:0051252']"
GO:BP,GO:0051240,positive regulation of multicellular organismal process,2.858072714718197e-18,True,"""Any process that activates or increases the frequency, rate or extent of an organismal process, any of the processes pertinent to the function of an organism above the cellular level; includes the integrated processes of tissues and organs."" [GOC:ai]",1639,7396,752,20972,0.10167658193618172,0.4588163514338011,query_1,"['GO:0032501', 'GO:0048518', 'GO:0051239']"
GO:BP,GO:0050793,regulation of developmental process,2.875811357113306e-18,True,"""Any process that modulates the frequency, rate or extent of development, the biological process whose specific outcome is the progression of a multicellular organism over time from an initial condition (e.g. a zygote, or a young adult) to a later condition (e.g. a multicellular animal or an aged adult)."" [GOC:go_curators]",2431,7396,1064,20972,0.14386154678204435,0.4376799670917318,query_1,"['GO:0032502', 'GO:0050789']"
GO:BP,GO:0043207,response to external biotic stimulus,3.722265436266147e-18,True,"""Any process that results in a change in state or activity of a cell or an organism (in terms of movement, secretion, enzyme production, gene expression, etc.) as a result of an external biotic stimulus, an external stimulus caused by, or produced by living things."" [GOC:go_curators]",1613,7396,741,20972,0.10018929150892374,0.4593924364538128,query_1,"['GO:0009605', 'GO:0009607']"
GO:BP,GO:0042110,T cell activation,3.81082263490051e-18,True,"""The change in morphology and behavior of a mature or immature T cell resulting from exposure to a mitogen, cytokine, chemokine, cellular ligand, or an antigen for which it is specific."" [GOC:mgi_curators, ISBN:0781735149]",581,7396,312,20972,0.04218496484586263,0.5370051635111877,query_1,['GO:0046649']
GO:BP,GO:0051707,response to other organism,5.36803945321879e-18,True,"""Any process that results in a change in state or activity of a cell or an organism (in terms of movement, secretion, enzyme production, gene expression, etc.) as a result of a stimulus from another living organism."" [GOC:ai]",1610,7396,739,20972,0.09991887506760411,0.45900621118012425,query_1,"['GO:0043207', 'GO:0044419']"
GO:BP,GO:0010468,regulation of gene expression,7.963477285800106e-18,True,"""Any process that modulates the frequency, rate or extent of gene expression. Gene expression is the process in which a gene's coding sequence is converted into a mature gene product (protein or RNA)."" [GOC:txnOH-2018]",5549,7396,2236,20972,0.3023255813953488,0.40295548747522075,query_1,"['GO:0010467', 'GO:0010556']"
GO:BP,GO:0007154,cell communication,8.266918740597539e-18,True,"""Any process that mediates interactions between a cell and its surroundings. Encompasses interactions such as signaling or attachment between one cell and another cell, between a cell and an extracellular matrix, or between a cell and any other aspect of its environment."" [GOC:mah]",6598,7396,2620,20972,0.35424553812871823,0.39709002728099424,query_1,['GO:0009987']
GO:BP,GO:0015031,protein transport,1.0477941105397108e-17,True,"""The directed movement of proteins into, out of or within a cell, or between cells, by means of some agent such as a transporter or pore."" [GOC:ai]",1422,7396,662,20972,0.08950784207679827,0.46554149085794655,query_1,"['GO:0006810', 'GO:0008104', 'GO:0045184']"
GO:BP,GO:0048468,cell development,1.1824972895872825e-17,True,"""The cellular developmental process in which a specific cell progresses from an immature to a mature state. Cell development start once cell commitment has taken place."" [GOC:go_curators]",2842,7396,1219,20972,0.16481882098431586,0.42892329345531316,query_1,"['GO:0030154', 'GO:0048856', 'GO:0048869']"
GO:BP,GO:0048519,negative regulation of biological process,1.8591218127950488e-17,True,"""Any process that stops, prevents, or reduces the frequency, rate or extent of a biological process. Biological processes are regulated by many means; examples include the control of gene expression, protein modification or interaction with a protein or substrate molecule."" [GOC:jid]",5753,7396,2308,20972,0.3120605732828556,0.40118199200417176,query_1,"['GO:0008150', 'GO:0050789']"
GO:BP,GO:0006325,chromatin organization,2.044464797261369e-17,True,"""The assembly or remodeling of chromatin composed of DNA complexed with histones, other associated proteins, and sometimes RNA."" [PMID:20404130]",1216,7396,577,20972,0.0780151433207139,0.4745065789473684,query_1,['GO:0016043']
GO:BP,GO:0012501,programmed cell death,3.2666057697211464e-17,True,"""A process which begins when a cell receives an internal or external signal and activates a series of biochemical events (signaling pathway). The process ends with the death of the cell."" [GOC:lr, GOC:mtg_apoptosis]",1958,7396,873,20972,0.11803677663601947,0.4458631256384065,query_1,['GO:0008219']
GO:BP,GO:0006915,apoptotic process,3.7498213222276133e-17,True,"""A programmed cell death process which begins when a cell receives an internal (e.g. DNA damage) or external signal (e.g. an extracellular death ligand), and proceeds through a series of biochemical events (signaling pathway phase) which trigger an execution phase. The execution phase is the last step of an apoptotic process, and is typically characterized by rounding-up of the cell, retraction of pseudopodes, reduction of cellular volume (pyknosis), chromatin condensation, nuclear fragmentation (karyorrhexis), plasma membrane blebbing and fragmentation of the cell into apoptotic bodies. When the execution phase is completed, the cell has died."" [GOC:cjm, GOC:dhl, GOC:ecd, GOC:go_curators, GOC:mtg_apoptosis, GOC:tb, ISBN:0198506732, PMID:18846107, PMID:21494263]",1898,7396,849,20972,0.11479177934018388,0.4473129610115911,query_1,['GO:0012501']
GO:BP,GO:0032101,regulation of response to external stimulus,3.7498213222276133e-17,True,"""Any process that modulates the frequency, rate or extent of a response to an external stimulus."" [GOC:mah]",1092,7396,525,20972,0.07098431584640347,0.4807692307692308,query_1,"['GO:0009605', 'GO:0048583']"
GO:BP,GO:0032501,multicellular organismal process,4.17796785665297e-17,True,"""Any biological process, occurring at the level of a multicellular organism, pertinent to its function."" [GOC:curators, GOC:dph, GOC:isa_complete, GOC:tb]",7337,7396,2882,20972,0.38967009194159,0.39280359820089955,query_1,['GO:0008150']
GO:BP,GO:0008219,cell death,6.210262187085174e-17,True,"""Any biological process that results in permanent cessation of all vital functions of a cell. A cell should be considered dead when any one of the following molecular or morphological criteria is met: (1) the cell has lost the integrity of its plasma membrane; (2) the cell, including its nucleus, has undergone complete fragmentation into discrete bodies (frequently referred to as apoptotic bodies). The cell corpse (or its fragments) may be engulfed by an adjacent cell in vivo, but engulfment of whole cells should not be considered a strict criteria to define cell death as, under some circumstances, live engulfed cells can be released from phagosomes (see PMID:18045538)."" [GOC:mah, GOC:mtg_apoptosis, PMID:25236395]",1962,7396,873,20972,0.11803677663601947,0.44495412844036697,query_1,['GO:0009987']
GO:BP,GO:1902680,positive regulation of RNA biosynthetic process,6.545761230043957e-17,True,"""Any process that activates or increases the frequency, rate or extent of RNA biosynthetic process."" [GO:jl, GO_REF:0000058, GOC:TermGenie]",1674,7396,759,20972,0.10262303948080043,0.45340501792114696,query_1,"['GO:0010557', 'GO:0032774', 'GO:0051254', 'GO:2001141']"
GO:BP,GO:0045893,positive regulation of DNA-templated transcription,7.125468465659536e-17,True,"""Any process that activates or increases the frequency, rate or extent of cellular DNA-templated transcription."" [GOC:go_curators, GOC:txnOH]",1672,7396,758,20972,0.10248783126014062,0.4533492822966507,query_1,"['GO:0006351', 'GO:0006355', 'GO:1902680']"
GO:BP,GO:0009057,macromolecule catabolic process,7.46749351904946e-16,True,"""The chemical reactions and pathways resulting in the breakdown of a macromolecule, any molecule of high relative molecular mass, the structure of which essentially comprises the multiple repetition of units derived, actually or conceptually, from molecules of low relative molecular mass."" [GOC:mah]",1444,7396,662,20972,0.08950784207679827,0.4584487534626039,query_1,"['GO:0009056', 'GO:0043170']"
GO:BP,GO:0048585,negative regulation of response to stimulus,7.904192467290467e-16,True,"""Any process that stops, prevents, or reduces the frequency, rate or extent of a response to a stimulus. Response to stimulus is a change in state or activity of a cell or an organism (in terms of movement, secretion, enzyme production, gene expression, etc.) as a result of a stimulus."" [GOC:jid]",1693,7396,761,20972,0.10289345592212007,0.4494979326639102,query_1,"['GO:0048519', 'GO:0048583', 'GO:0050896']"
GO:BP,GO:0006974,DNA damage response,8.760642319394813e-16,True,"""Any process that results in a change in state or activity of a cell (in terms of movement, secretion, enzyme production, gene expression, etc.) as a result of a stimulus indicating damage to its DNA from environmental insults or errors during metabolism."" [GOC:go_curators]",929,7396,452,20972,0.061114115738236885,0.4865446716899892,query_1,['GO:0033554']
GO:BP,GO:0033365,protein localization to organelle,1.190997382683392e-15,True,"""A process in which a protein is transported to, or maintained in, a location within an organelle."" [GOC:mah]",887,7396,434,20972,0.058680367766360195,0.48928974069898534,query_1,['GO:0008104']
GO:BP,GO:0030217,T cell differentiation,2.7972355850748054e-15,True,"""The process in which a precursor cell type acquires characteristics of a more mature T-cell. A T cell is a type of lymphocyte whose definin characteristic is the expression of a T cell receptor complex."" [GO_REF:0000022, GOC:jid, GOC:mah]",321,7396,187,20972,0.025283937263385615,0.5825545171339563,query_1,"['GO:0030098', 'GO:0042110']"
GO:BP,GO:0048523,negative regulation of cellular process,3.2854544930960327e-15,True,"""Any process that stops, prevents, or reduces the frequency, rate or extent of a cellular process, any of those that are carried out at the cellular level, but are not necessarily restricted to a single cell. For example, cell communication occurs among more than one cell, but occurs at the cellular level."" [GOC:jid]",5510,7396,2200,20972,0.29745808545159547,0.3992740471869328,query_1,"['GO:0009987', 'GO:0048519', 'GO:0050794']"
GO:BP,GO:0046631,alpha-beta T cell activation,3.368665243804471e-15,True,"""The change in morphology and behavior of an alpha-beta T cell resulting from exposure to a mitogen, cytokine, chemokine, cellular ligand, or an antigen for which it is specific."" [GOC:add]",196,7396,127,20972,0.017171444023796646,0.6479591836734694,query_1,['GO:0042110']
GO:BP,GO:0001817,regulation of cytokine production,8.361509141205534e-15,True,"""Any process that modulates the frequency, rate, or extent of production of a cytokine."" [GOC:add, ISBN:0781735149]",780,7396,386,20972,0.05219037317468902,0.4948717948717949,query_1,"['GO:0001816', 'GO:0010468', 'GO:0051239']"
GO:BP,GO:0001816,cytokine production,1.1373668853496823e-14,True,"""The appearance of a cytokine due to biosynthesis or secretion following a cellular stimulus, resulting in an increase in its intracellular or extracellular levels."" [GOC:add, ISBN:0781735149]",786,7396,388,20972,0.052460789616008655,0.49363867684478374,query_1,"['GO:0010467', 'GO:0032501']"
GO:BP,GO:0009967,positive regulation of signal transduction,1.5760558402247866e-14,True,"""Any process that activates or increases the frequency, rate or extent of signal transduction."" [GOC:sm]",1569,7396,705,20972,0.09532179556517036,0.44933078393881454,query_1,"['GO:0007165', 'GO:0009966', 'GO:0010647', 'GO:0023056', 'GO:0048584']"
GO:BP,GO:0045087,innate immune response,1.974075602755456e-14,True,"""Innate immune responses are defense responses mediated by germline encoded components that directly recognize components of potential pathogens."" [GO_REF:0000022, GOC:add, GOC:ebc, GOC:mtg_sensu]",1018,7396,483,20972,0.06530557057869119,0.47445972495088407,query_1,"['GO:0006955', 'GO:0140546']"
GO:BP,GO:0051641,cellular localization,2.134333276125086e-14,True,"""A cellular localization process whereby a substance or cellular entity, such as a protein complex or organelle, is transported to, and/or maintained in, a specific location within a cell including the localization of substances or cellular entities to the cell membrane."" [GOC:tb, GOC:vw]",2584,7396,1099,20972,0.1485938345051379,0.42530959752321984,query_1,"['GO:0009987', 'GO:0051179']"
GO:BP,GO:0007275,multicellular organism development,4.596976981323781e-14,True,"""The biological process whose specific outcome is the progression of a multicellular organism over time from an initial condition (e.g. a zygote or a young adult) to a later condition (e.g. a multicellular animal or an aged adult)."" [GOC:dph, GOC:ems, GOC:isa_complete, GOC:tb]",4690,7396,1888,20972,0.2552731206057328,0.4025586353944563,query_1,"['GO:0032501', 'GO:0048856']"
GO:BP,GO:0031347,regulation of defense response,1.0148695206549253e-13,True,"""Any process that modulates the frequency, rate or extent of a defense response."" [GOC:mah]",831,7396,403,20972,0.054488912925905894,0.48495788206979545,query_1,"['GO:0006952', 'GO:0080134']"
GO:BP,GO:0022402,cell cycle process,1.4239465315424255e-13,True,"""The cellular process that ensures successive accurate and complete genome replication and chromosome segregation."" [GOC:isa_complete, GOC:mtg_cell_cycle]",1290,7396,589,20972,0.0796376419686317,0.4565891472868217,query_1,"['GO:0007049', 'GO:0009987']"
GO:BP,GO:0045934,negative regulation of nucleobase-containing compound metabolic process,1.7837374976476988e-13,True,"""Any cellular process that stops, prevents, or reduces the frequency, rate or extent of the chemical reactions and pathways involving nucleobases, nucleosides, nucleotides and nucleic acids."" [GOC:go_curators]",1510,7396,676,20972,0.0914007571660357,0.447682119205298,query_1,"['GO:0006139', 'GO:0009892', 'GO:0019219']"
GO:BP,GO:0010628,positive regulation of gene expression,2.8219062387533087e-13,True,"""Any process that increases the frequency, rate or extent of gene expression. Gene expression is the process in which a gene's coding sequence is converted into a mature gene product (protein or RNA)."" [GOC:txnOH-2018]",1184,7396,545,20972,0.07368848025959979,0.46030405405405406,query_1,"['GO:0010467', 'GO:0010468', 'GO:0010557']"
GO:BP,GO:0050863,regulation of T cell activation,3.369298285444123e-13,True,"""Any process that modulates the frequency, rate or extent of T cell activation."" [GOC:ai]",386,7396,211,20972,0.0285289345592212,0.5466321243523317,query_1,"['GO:0042110', 'GO:0051249']"
GO:BP,GO:0002831,regulation of response to biotic stimulus,4.721506628794421e-13,True,"""Any process that modulates the frequency, rate, or extent of a response to biotic stimulus."" [GOC:add]",559,7396,286,20972,0.03866955110870741,0.5116279069767442,query_1,"['GO:0009607', 'GO:0048583']"
GO:BP,GO:0051130,positive regulation of cellular component organization,5.755732727641942e-13,True,"""Any process that activates or increases the frequency, rate or extent of a process involved in the formation, arrangement of constituent parts, or disassembly of cell structures, including the plasma membrane and any external encapsulating structures such as the cell wall and cell envelope."" [GOC:ai]",1091,7396,506,20972,0.06841535965386696,0.46379468377635197,query_1,"['GO:0016043', 'GO:0048522', 'GO:0051128']"
GO:BP,GO:0032103,positive regulation of response to external stimulus,6.675856590421261e-13,True,"""Any process that activates, maintains or increases the rate of a response to an external stimulus."" [GOC:mah]",645,7396,322,20972,0.04353704705246079,0.4992248062015504,query_1,"['GO:0009605', 'GO:0032101', 'GO:0048584']"
GO:BP,GO:0007049,cell cycle,9.863108996926032e-13,True,"""The progression of biochemical and morphological phases and events that occur in a cell during successive cell replication or nuclear replication events. Canonically, the cell cycle comprises the replication and segregation of genetic material followed by the division of the cell, but in endocycles or syncytial cells nuclear replication or nuclear division may not be followed by cell division."" [GOC:go_curators, GOC:mtg_cell_cycle]",1668,7396,734,20972,0.09924283396430503,0.44004796163069543,query_1,['GO:0009987']
GO:BP,GO:0045088,regulation of innate immune response,1.4356366786210635e-12,True,"""Any process that modulates the frequency, rate or extent of the innate immune response, the organism's first line of defense against infection."" [GOC:ebc]",470,7396,246,20972,0.03326122228231476,0.5234042553191489,query_1,"['GO:0002831', 'GO:0031347', 'GO:0032101', 'GO:0045087', 'GO:0050776']"
GO:BP,GO:0023056,positive regulation of signaling,1.6768060097986308e-12,True,"""Any process that activates, maintains or increases the frequency, rate or extent of a signaling process."" [GOC:mtg_signal]",1779,7396,776,20972,0.10492157923201731,0.4362001124227094,query_1,"['GO:0023051', 'GO:0023052', 'GO:0048518']"
GO:BP,GO:0050867,positive regulation of cell activation,2.0983736281816575e-12,True,"""Any process that activates or increases the frequency, rate or extent of activation."" [GOC:ai]",380,7396,206,20972,0.02785289345592212,0.5421052631578948,query_1,"['GO:0001775', 'GO:0048522', 'GO:0050865', 'GO:0051240']"
GO:BP,GO:0002218,activation of innate immune response,2.3297267553594342e-12,True,"""Any process that initiates an innate immune response. Innate immune responses are defense responses mediated by germline encoded components that directly recognize components of potential pathogens. Examples of this process include activation of the hypersensitive response of Arabidopsis thaliana and activation of any NOD or TLR signaling pathway in vertebrate species."" [GO_REF:0000022, GOC:add, GOC:mtg_sensu, ISBN:0781735149, PMID:15199967, PMID:16177805]",320,7396,179,20972,0.024202271498107084,0.559375,query_1,"['GO:0002253', 'GO:0045089']"
GO:BP,GO:0090407,organophosphate biosynthetic process,2.661477886890718e-12,True,"""The chemical reactions and pathways resulting in the biosynthesis of deoxyribose phosphate, the phosphorylated sugar 2-deoxy-erythro-pentose."" [GOC:chem_mtg]",603,7396,302,20972,0.04083288263926447,0.5008291873963516,query_1,"['GO:0009058', 'GO:0019637']"
GO:BP,GO:0010647,positive regulation of cell communication,3.0359654056321534e-12,True,"""Any process that increases the frequency, rate or extent of cell communication. Cell communication is the process that mediates interactions between a cell and its surroundings. Encompasses interactions such as signaling or attachment between one cell and another cell, between a cell and an extracellular matrix, or between a cell and any other aspect of its environment."" [GOC:dph, GOC:tb]",1778,7396,774,20972,0.10465116279069768,0.43532058492688414,query_1,"['GO:0007154', 'GO:0010646', 'GO:0048522']"
GO:BP,GO:0007159,leukocyte cell-cell adhesion,3.148607711858791e-12,True,"""The attachment of a leukocyte to another cell via adhesion molecules."" [GOC:go_curators]",413,7396,220,20972,0.029745808545159545,0.5326876513317191,query_1,['GO:0098609']
GO:BP,GO:0043067,regulation of programmed cell death,3.206849976804514e-12,True,"""Any process that modulates the frequency, rate or extent of programmed cell death, cell death resulting from activation of endogenous cellular processes."" [GOC:jl]",1467,7396,652,20972,0.0881557598702001,0.4444444444444444,query_1,"['GO:0012501', 'GO:0050794']"
GO:BP,GO:0009968,negative regulation of signal transduction,3.4326930773352623e-12,True,"""Any process that stops, prevents, or reduces the frequency, rate or extent of signal transduction."" [GOC:sm]",1341,7396,602,20972,0.08139534883720931,0.4489187173750932,query_1,"['GO:0007165', 'GO:0009966', 'GO:0010648', 'GO:0023057', 'GO:0048585']"
GO:BP,GO:0051253,negative regulation of RNA metabolic process,3.4326930773352623e-12,True,"""Any process that stops, prevents, or reduces the frequency, rate or extent of the chemical reactions and pathways involving RNA."" [GOC:ai]",1389,7396,621,20972,0.0839643050297458,0.4470842332613391,query_1,"['GO:0010605', 'GO:0016070', 'GO:0045934', 'GO:0051252']"
GO:BP,GO:0065008,regulation of biological quality,3.869129012355123e-12,True,"""Any process that modulates a qualitative or quantitative trait of a biological quality. A biological quality is a measurable attribute of an organism or part of an organism, such as size, mass, shape, color, etc."" [GOC:dph, GOC:isa_complete, GOC:mah, GOC:pr, GOC:vw]",2963,7396,1227,20972,0.16590048674959437,0.41410732365845426,query_1,['GO:0065007']
GO:BP,GO:1901135,carbohydrate derivative metabolic process,3.874330466202673e-12,True,"""The chemical reactions and pathways involving carbohydrate derivative."" [GOC:TermGenie]",943,7396,442,20972,0.059762033531638725,0.4687168610816543,query_1,['GO:0008152']
GO:BP,GO:0006259,DNA metabolic process,4.486142412220228e-12,True,"""Any cellular metabolic process involving deoxyribonucleic acid. This is one of the two main types of nucleic acid, consisting of a long, unbranched macromolecule formed from one, or more commonly, two, strands of linked deoxyribonucleotides."" [ISBN:0198506732]",998,7396,464,20972,0.06273661438615467,0.4649298597194389,query_1,['GO:0090304']
GO:BP,GO:0023057,negative regulation of signaling,4.486142412220228e-12,True,"""Any process that stops, prevents, or reduces the frequency, rate or extent of a signaling process."" [GOC:mtg_signal]",1449,7396,644,20972,0.08707409410492158,0.4444444444444444,query_1,"['GO:0023051', 'GO:0023052', 'GO:0048519']"
GO:BP,GO:0031349,positive regulation of defense response,5.6822537645531165e-12,True,"""Any process that activates or increases the frequency, rate or extent of a defense response."" [GOC:mah]",519,7396,265,20972,0.035830178474851274,0.5105973025048169,query_1,"['GO:0006952', 'GO:0031347', 'GO:0048584']"
GO:BP,GO:0098542,defense response to other organism,5.805192179379199e-12,True,"""Reactions triggered in response to the presence of another organism that act to protect the cell or organism from damage caused by that organism."" [GOC:dos]",1121,7396,513,20972,0.06936181719848566,0.4576271186440678,query_1,"['GO:0006952', 'GO:0051707']"
GO:BP,GO:0042981,regulation of apoptotic process,6.4818983426785125e-12,True,"""Any process that modulates the occurrence or rate of cell death by apoptotic process."" [GOC:jl, GOC:mtg_apoptosis]",1426,7396,634,20972,0.08572201189832342,0.44460028050490885,query_1,"['GO:0006915', 'GO:0043067']"
GO:BP,GO:0002768,immune response-regulating cell surface receptor signaling pathway,6.494317841267229e-12,True,"""The series of molecular signals initiated by an extracellular ligand binding to a receptor on the surface of the target cell capable of activating, perpetuating, or inhibiting an immune response."" [GOC:add, ISBN:0781735149, PMID:15771571]",343,7396,188,20972,0.02541914548404543,0.5481049562682215,query_1,"['GO:0002764', 'GO:0007166']"
GO:BP,GO:0002683,negative regulation of immune system process,6.680992469168562e-12,True,"""Any process that stops, prevents, or reduces the frequency, rate, or extent of an immune system process."" [GOC:add]",522,7396,266,20972,0.03596538669551109,0.5095785440613027,query_1,"['GO:0002376', 'GO:0002682', 'GO:0048519']"
GO:BP,GO:0045595,regulation of cell differentiation,7.346248733352543e-12,True,"""Any process that modulates the frequency, rate or extent of cell differentiation, the process in which relatively unspecialized cells acquire specialized structural and functional features."" [GOC:go_curators]",1549,7396,682,20972,0.09221200648999459,0.44028405422853456,query_1,"['GO:0030154', 'GO:0050793', 'GO:0050794']"
GO:BP,GO:0140546,defense response to symbiont,7.346248733352543e-12,True,"""Reactions triggered in response to the presence of a symbiont that act to protect or prevent damage to the host."" [GOC:pg]",1100,7396,504,20972,0.06814494321254733,0.4581818181818182,query_1,['GO:0098542']
GO:BP,GO:0002758,innate immune response-activating signaling pathway,7.48826186369385e-12,True,"""The series of molecular signals generated by a ligand binding to its receptor that lead to the activation or perpetuation of an innate immune response."" [GOC:jy, GOC:mah, PMID:11418339, PMID:28105028]",299,7396,168,20972,0.022714981070849107,0.5618729096989966,query_1,"['GO:0002218', 'GO:0002757']"
GO:BP,GO:0019637,organophosphate metabolic process,8.493582176895126e-12,True,"""The chemical reactions and pathways involving organophosphates, any phosphate-containing organic compound."" [ISBN:0198506732]",1066,7396,490,20972,0.0662520281233099,0.4596622889305816,query_1,['GO:0006793']
GO:BP,GO:0051094,positive regulation of developmental process,1.0124003583503709e-11,True,"""Any process that activates or increases the rate or extent of development, the biological process whose specific outcome is the progression of an organism over time from an initial condition (e.g. a zygote, or a young adult) to a later condition (e.g. a multicellular animal or an aged adult)."" [GOC:ai]",1305,7396,585,20972,0.07909680908599243,0.4482758620689655,query_1,"['GO:0032502', 'GO:0048518', 'GO:0050793']"
GO:BP,GO:0051251,positive regulation of lymphocyte activation,1.04561384313558e-11,True,"""Any process that activates or increases the frequency, rate or extent of lymphocyte activation."" [GOC:ai]",331,7396,182,20972,0.024607896160086535,0.5498489425981873,query_1,"['GO:0002696', 'GO:0046649', 'GO:0051249']"
GO:BP,GO:1902533,positive regulation of intracellular signal transduction,1.2497043967113165e-11,True,"""Any process that activates or increases the frequency, rate or extent of intracellular signal transduction."" [GOC:BHF, GOC:dph, GOC:signaling, GOC:tb, GOC:TermGenie]",1108,7396,506,20972,0.06841535965386696,0.4566787003610108,query_1,"['GO:0009967', 'GO:0035556', 'GO:1902531']"
GO:BP,GO:0010648,negative regulation of cell communication,1.4238152817802241e-11,True,"""Any process that decreases the frequency, rate or extent of cell communication. Cell communication is the process that mediates interactions between a cell and its surroundings. Encompasses interactions such as signaling or attachment between one cell and another cell, between a cell and an extracellular matrix, or between a cell and any other aspect of its environment."" [GOC:dph, GOC:tb]",1449,7396,641,20972,0.08666846944294213,0.44237405106970323,query_1,"['GO:0007154', 'GO:0010646', 'GO:0048523']"
GO:BP,GO:0002833,positive regulation of response to biotic stimulus,1.6864628285738146e-11,True,"""Any process that activates or increases the frequency, rate, or extent of a response to biotic stimulus."" [GOC:add]",414,7396,218,20972,0.029475392103839912,0.5265700483091788,query_1,"['GO:0002831', 'GO:0009607', 'GO:0048584']"
GO:BP,GO:0006338,chromatin remodeling,2.522465498241263e-11,True,"""A dynamic process of chromatin reorganization resulting in changes to chromatin structure. These changes allow DNA metabolic processes such as transcriptional regulation, DNA recombination, DNA repair, and DNA replication."" [GOC:jid, GOC:vw, PMID:12042764, PMID:12697820]",1057,7396,484,20972,0.06544077879935101,0.45789971617786185,query_1,['GO:0006325']
GO:BP,GO:0002696,positive regulation of leukocyte activation,2.67721730005589e-11,True,"""Any process that activates or increases the frequency, rate, or extent of leukocyte activation."" [GOC:add]",363,7396,195,20972,0.026365603028664142,0.5371900826446281,query_1,"['GO:0002684', 'GO:0002694', 'GO:0045321', 'GO:0050867']"
GO:BP,GO:0045089,positive regulation of innate immune response,2.67721730005589e-11,True,"""Any process that activates or increases the frequency, rate or extent of the innate immune response, the organism's first line of defense against infection."" [GOC:ebc]",388,7396,206,20972,0.02785289345592212,0.5309278350515464,query_1,"['GO:0002833', 'GO:0031349', 'GO:0032103', 'GO:0045087', 'GO:0045088', 'GO:0050778']"
GO:BP,GO:1903037,regulation of leukocyte cell-cell adhesion,3.31067607098795e-11,True,"""Any process that modulates the frequency, rate or extent of leukocyte cell-cell adhesion."" [GO_REF:0000058, GOC:BHF, GOC:rl, GOC:TermGenie, PMID:21106532]",375,7396,200,20972,0.02704164413196322,0.5333333333333333,query_1,"['GO:0007159', 'GO:0022407']"
GO:BP,GO:0006412,translation,3.3346669036966336e-11,True,"""The cellular metabolic process in which a protein is formed, using the sequence of a mature mRNA or circRNA molecule to specify the sequence of amino acids in a polypeptide chain. Translation is mediated by the ribosome, and begins with the formation of a ternary complex between aminoacylated initiator methionine tRNA, GTP, and initiation factor 2, which subsequently associates with the small subunit of the ribosome and an mRNA or circRNA. Translation ends with the release of a polypeptide chain from the ribosome."" [GOC:go_curators]",712,7396,343,20972,0.04637641968631693,0.48174157303370785,query_1,"['GO:0009059', 'GO:0019538', 'GO:0160307']"
GO:BP,GO:0160307,protein biosynthetic process,3.3346669036966336e-11,True,"""The chemical reactions and pathways resulting in the formation of protein."" [Wikipedia:Protein_biosynthesis]",712,7396,343,20972,0.04637641968631693,0.48174157303370785,query_1,"['GO:0009059', 'GO:0010467', 'GO:0019538']"
GO:BP,GO:0022407,regulation of cell-cell adhesion,3.4442860966457984e-11,True,"""Any process that modulates the frequency, rate or extent of attachment of a cell to another cell."" [GOC:isa_complete]",493,7396,251,20972,0.03393726338561385,0.5091277890466531,query_1,"['GO:0030155', 'GO:0098609']"
GO:BP,GO:0043687,post-translational protein modification,3.5449224288043155e-11,True,"""The process of covalently altering one or more amino acids in a protein after the protein has been completely translated and released from the ribosome."" [GOC:jsg]",977,7396,451,20972,0.06097890751757707,0.4616171954964176,query_1,['GO:0036211']
GO:BP,GO:0061024,membrane organization,3.735964231979409e-11,True,"""A process which results in the assembly, arrangement of constituent parts, or disassembly of a membrane. A membrane is a double layer of lipid molecules that encloses all cells, and, in eukaryotes, many organelles; may be a single or double lipid bilayer; also includes associated proteins."" [GOC:dph, GOC:tb]",783,7396,372,20972,0.05029745808545159,0.47509578544061304,query_1,['GO:0016043']
GO:BP,GO:0030163,protein catabolic process,3.8020800155672294e-11,True,"""The chemical reactions and pathways resulting in the breakdown of a protein by the destruction of the native, active configuration, with or without the hydrolysis of peptide bonds."" [GOC:mah]",1057,7396,483,20972,0.06530557057869119,0.45695364238410596,query_1,"['GO:0009057', 'GO:0019538']"
GO:BP,GO:0032446,protein modification by small protein conjugation,3.810550829037237e-11,True,"""A protein modification process in which one or more groups of a small protein, such as ubiquitin or a ubiquitin-like protein, are covalently attached to a target protein."" [GOC:mah]",810,7396,383,20972,0.051784748512709575,0.4728395061728395,query_1,['GO:0070647']
GO:BP,GO:0006886,intracellular protein transport,4.331707426608886e-11,True,"""The directed movement of proteins in a cell, including the movement of proteins between specific compartments or structures within a cell, such as organelles of a eukaryotic cell."" [GOC:mah]",653,7396,318,20972,0.04299621416982152,0.4869831546707504,query_1,"['GO:0008104', 'GO:0015031', 'GO:0046907']"
GO:BP,GO:0010256,endomembrane system organization,4.732531809372156e-11,True,"""A process that is carried out at the cellular level which results in the assembly, arrangement of constituent parts, or disassembly of the endomembrane system."" [GOC:mah, GOC:sm]",627,7396,307,20972,0.04150892374256355,0.48963317384370014,query_1,['GO:0016043']
GO:BP,GO:0009894,regulation of catabolic process,5.2868575248814725e-11,True,"""Any process that modulates the frequency, rate, or extent of the chemical reactions and pathways resulting in the breakdown of substances."" [GOC:go_curators]",1024,7396,469,20972,0.06341265548945375,0.4580078125,query_1,"['GO:0009056', 'GO:0019222']"
GO:BP,GO:0006954,inflammatory response,5.294680024962942e-11,True,"""The immediate defensive reaction (by vertebrate tissue) to infection or injury caused by chemical or physical agents. The process is characterized by local vasodilation, extravasation of plasma into intercellular spaces and accumulation of white blood cells and macrophages."" [GO_REF:0000022, ISBN:0198506732]",873,7396,408,20972,0.055164954029204974,0.46735395189003437,query_1,['GO:0006952']
GO:BP,GO:0016032,viral process,5.977769679832983e-11,True,"""A multi-organism process in which a virus is a participant. The other participant is the host. Includes infection of a host cell, replication of the viral genome, and assembly of progeny virus particles. In some cases the viral genetic material may integrate into the host genome and only subsequently, under particular circumstances, 'complete' its life cycle."" [GOC:bf, GOC:jl, GOC:mah]",377,7396,200,20972,0.02704164413196322,0.5305039787798409,query_1,['GO:0008150']
GO:BP,GO:0045892,negative regulation of DNA-templated transcription,7.929955489372061e-11,True,"""Any process that stops, prevents, or reduces the frequency, rate or extent of cellular DNA-templated transcription."" [GOC:go_curators, GOC:txnOH]",1275,7396,568,20972,0.07679826933477556,0.4454901960784314,query_1,"['GO:0006351', 'GO:0006355', 'GO:1902679']"
GO:BP,GO:0042113,B cell activation,9.601381831689594e-11,True,"""The change in morphology and behavior of a mature or immature B cell resulting from exposure to a mitogen, cytokine, chemokine, cellular ligand, or an antigen for which it is specific."" [GOC:mgi_curators, ISBN:0781735149]",286,7396,159,20972,0.02149810708491076,0.5559440559440559,query_1,['GO:0046649']
GO:BP,GO:0046651,lymphocyte proliferation,9.8277842323919e-11,True,"""The expansion of a lymphocyte population by cell division."" [GOC:ai]",295,7396,163,20972,0.022038939967550027,0.5525423728813559,query_1,"['GO:0032943', 'GO:0046649']"
GO:BP,GO:0065009,regulation of molecular function,9.8277842323919e-11,True,"""Any process that modulates the frequency, rate or extent of a molecular function, an elemental biological activity occurring at the molecular level, such as catalysis or binding."" [GOC:isa_complete]",1070,7396,486,20972,0.06571119524067064,0.4542056074766355,query_1,['GO:0065007']
GO:BP,GO:1902679,negative regulation of RNA biosynthetic process,9.8277842323919e-11,True,"""Any process that stops, prevents or reduces the frequency, rate or extent of RNA biosynthetic process."" [GO:jl, GO_REF:0000058, GOC:TermGenie]",1284,7396,571,20972,0.07720389399675501,0.4447040498442368,query_1,"['GO:0010558', 'GO:0032774', 'GO:0051253', 'GO:2001141']"
GO:BP,GO:0002429,immune response-activating cell surface receptor signaling pathway,1.0151449457107637e-10,True,"""The series of molecular signals initiated by an extracellular ligand binding to a receptor on the surface of a cell, leading to the activation or perpetuation of an immune response."" [GO_REF:0000022, GOC:add, ISBN:0781735149]",313,7396,171,20972,0.023120605732828557,0.5463258785942492,query_1,"['GO:0002757', 'GO:0002768']"
GO:BP,GO:0002221,pattern recognition receptor signaling pathway,1.0151449457107637e-10,True,"""The series of molecular signals initiated by a ligand binding to a pattern recognition receptor (PRR), and ending with the regulation of a downstream cellular process, e.g. transcription. PRRs bind pathogen-associated molecular pattern (PAMPs), structures conserved among microbial species, or damage-associated molecular pattern (DAMPs), endogenous molecules released from damaged cells."" [GOC:add, GOC:ar, ISBN:0781735149, PMID:15199967]",284,7396,158,20972,0.021362898864250947,0.5563380281690141,query_1,['GO:0002758']
GO:BP,GO:1902532,negative regulation of intracellular signal transduction,1.0165363404298079e-10,True,"""Any process that stops, prevents or reduces the frequency, rate or extent of intracellular signal transduction."" [GOC:dph, GOC:signaling, GOC:tb, GOC:TermGenie]",681,7396,328,20972,0.04434829637641969,0.48164464023494863,query_1,"['GO:0009968', 'GO:0035556', 'GO:1902531']"
GO:BP,GO:0070887,cellular response to chemical stimulus,1.245687960095811e-10,True,"""Any process that results in a change in state or activity of a cell (in terms of movement, secretion, enzyme production, gene expression, etc.) as a result of a chemical stimulus."" [GOC:mah]",2199,7396,925,20972,0.1250676041103299,0.4206457480673033,query_1,"['GO:0042221', 'GO:0051716']"
GO:BP,GO:0033043,regulation of organelle organization,1.2682042481955364e-10,True,"""Any process that modulates the frequency, rate or extent of a process involved in the formation, arrangement of constituent parts, or disassembly of an organelle."" [GOC:mah]",1167,7396,524,20972,0.07084910762574365,0.4490145672664953,query_1,"['GO:0006996', 'GO:0051128']"
GO:BP,GO:0030099,myeloid cell differentiation,1.3166421426594457e-10,True,"""The process in which a relatively unspecialized myeloid precursor cell acquires the specialized features of any cell of the myeloid leukocyte, megakaryocyte, thrombocyte, or erythrocyte lineages."" [GOC:add, ISBN:0781735149]",449,7396,230,20972,0.031097890751757708,0.512249443207127,query_1,"['GO:0030097', 'GO:0030154']"
GO:BP,GO:0045333,cellular respiration,1.4006014244728377e-10,True,"""The enzymatic release of energy from inorganic and organic compounds (especially carbohydrates and fats) which either requires oxygen (aerobic respiration) or does not (anaerobic respiration)."" [GOC:das, ISBN:0140513590, ISBN:0198506732]",332,7396,179,20972,0.024202271498107084,0.5391566265060241,query_1,['GO:0015980']
GO:BP,GO:0045184,establishment of protein localization,1.9519378832621084e-10,True,"""The directed movement of a protein to a specific location."" [GOC:bf]",1869,7396,797,20972,0.10776095186587345,0.42643124665596577,query_1,['GO:0051234']
GO:BP,GO:0070647,protein modification by small protein conjugation or removal,1.9764164774447613e-10,True,"""A protein modification process in which one or more groups of a small protein, such as ubiquitin or a ubiquitin-like protein, are covalently attached to or removed from a target protein."" [GOC:mah]",927,7396,427,20972,0.05773391022174148,0.46062567421790723,query_1,['GO:0043687']
GO:BP,GO:1903706,regulation of hemopoiesis,2.0647937180345495e-10,True,"""Any process that modulates the frequency, rate or extent of hemopoiesis."" [GO_REF:0000058, GOC:pad, GOC:PARL, GOC:TermGenie, PMID:20080761]",425,7396,219,20972,0.02961060032449973,0.5152941176470588,query_1,"['GO:0002682', 'GO:0030097', 'GO:0060284', 'GO:2000026']"
GO:BP,GO:0006897,endocytosis,2.0735556649866938e-10,True,"""A vesicle-mediated transport process in which cells take up external materials or membrane constituents by the invagination of a part of the plasma membrane to form a new membrane-bounded vesicle."" [GOC:mah, ISBN:0198506732, ISBN:0716731363, Wikipedia:Endocytosis]",694,7396,332,20972,0.04488912925905895,0.4783861671469741,query_1,"['GO:0016192', 'GO:0098657']"
GO:BP,GO:0008283,cell population proliferation,2.1875987489842934e-10,True,"""The multiplication or reproduction of cells, resulting in the expansion of a cell population."" [GOC:mah, GOC:mb]",1961,7396,832,20972,0.11249323958896701,0.4242733299337073,query_1,['GO:0009987']
GO:BP,GO:0009615,response to virus,2.2119175160039074e-10,True,"""Any process that results in a change in state or activity of a cell or an organism (in terms of movement, secretion, enzyme production, gene expression, etc.) as a result of a stimulus from a virus."" [GOC:hb]",416,7396,215,20972,0.029069767441860465,0.5168269230769231,query_1,['GO:0051707']
GO:BP,GO:0035710,"CD4-positive, alpha-beta T cell activation",2.970241657051316e-10,True,"""The change in morphology and behavior of a CD4-positive, alpha-beta T cell resulting from exposure to a mitogen, cytokine, chemokine, cellular ligand, or an antigen for which it is specific."" [CL:0000624, GOC:BHF]",131,7396,85,20972,0.01149269875608437,0.648854961832061,query_1,['GO:0046631']
GO:BP,GO:0016310,phosphorylation,3.1593787231677415e-10,True,"""The process of introducing a phosphate group into a molecule, usually with the formation of a phosphoric ester, a phosphoric anhydride or a phosphoric amide."" [ISBN:0198506732]",1077,7396,486,20972,0.06571119524067064,0.45125348189415043,query_1,['GO:0006796']
GO:BP,GO:0042592,homeostatic process,3.5861275499501457e-10,True,"""Any biological process involved in the maintenance of an internal steady state. Homeostasis allows cells and organisms to maintain stable internal conditions despite varying external conditions."" [PMID:26265027]",1677,7396,721,20972,0.09748512709572742,0.42993440667859273,query_1,['GO:0008150']
GO:BP,GO:0032879,regulation of localization,4.1214219004315584e-10,True,"""Any process that modulates the frequency, rate or extent of any process in which a cell, a substance, or a cellular entity is transported to, or maintained in, a specific location."" [GOC:mah]",1914,7396,812,20972,0.10978907517577069,0.42424242424242425,query_1,"['GO:0050789', 'GO:0051179']"
GO:BP,GO:0032943,mononuclear cell proliferation,5.099421880216099e-10,True,"""The expansion of a mononuclear cell population by cell division. A mononuclear cell is a leukocyte with a single non-segmented nucleus in the mature form."" [GOC:add]",302,7396,164,20972,0.022174148188209845,0.543046357615894,query_1,['GO:0070661']
GO:BP,GO:0043484,regulation of RNA splicing,5.527345735182481e-10,True,"""Any process that modulates the frequency, rate or extent of RNA splicing, the process of removing sections of the primary RNA transcript to remove sequences not present in the mature form of the RNA and joining the remaining sections to form the mature form of the RNA."" [GOC:jl]",186,7396,111,20972,0.015008112493239589,0.5967741935483871,query_1,"['GO:0008380', 'GO:0010468', 'GO:0080090']"
GO:BP,GO:0045944,positive regulation of transcription by RNA polymerase II,5.553740459855832e-10,True,"""Any process that activates or increases the frequency, rate or extent of transcription from an RNA polymerase II promoter."" [GOC:go_curators, GOC:txnOH]",1237,7396,548,20972,0.07409410492157924,0.44300727566693615,query_1,"['GO:0006357', 'GO:0006366', 'GO:0045893']"
GO:BP,GO:2000026,regulation of multicellular organismal development,7.715044236480971e-10,True,"""Any process that modulates the frequency, rate or extent of multicellular organismal development."" [GOC:obol]",1392,7396,608,20972,0.0822065981611682,0.4367816091954023,query_1,"['GO:0007275', 'GO:0050793', 'GO:0051239']"
GO:BP,GO:0042127,regulation of cell population proliferation,7.908884595579801e-10,True,"""Any process that modulates the frequency, rate or extent of cell proliferation."" [GOC:jl]",1639,7396,704,20972,0.09518658734451055,0.42953020134228187,query_1,"['GO:0008283', 'GO:0050794']"
GO:BP,GO:0046632,alpha-beta T cell differentiation,9.087413838646495e-10,True,"""The process in which a precursor cell type acquires the specialized features of an alpha-beta T cell. An alpha-beta T cell is a T cell that expresses an alpha-beta T cell receptor complex."" [CL:0000789, GOC:ai]",137,7396,87,20972,0.011763115197404002,0.635036496350365,query_1,"['GO:0030217', 'GO:0046631']"
GO:BP,GO:0098657,import into cell,9.174909634919848e-10,True,"""The directed movement of some substance from outside of a cell into a cell. This may occur via transport across the plasma membrane or via endocytosis."" [GOC:dos]",958,7396,436,20972,0.058950784207679824,0.4551148225469729,query_1,['GO:0006810']
GO:BP,GO:0050851,antigen receptor-mediated signaling pathway,1.0628575049600732e-09,True,"""The series of molecular signals initiated by the cross-linking of an antigen receptor on a B or T cell."" [GOC:add]",196,7396,115,20972,0.015548945375878854,0.5867346938775511,query_1,['GO:0002429']
GO:BP,GO:0070661,leukocyte proliferation,1.3311524540731859e-09,True,"""The expansion of a leukocyte population by cell division."" [GOC:add]",339,7396,179,20972,0.024202271498107084,0.528023598820059,query_1,['GO:0008283']
GO:BP,GO:0000278,mitotic cell cycle,1.3851435754192064e-09,True,"""Progression through the phases of the mitotic cell cycle, the most common eukaryotic cell cycle, which canonically comprises four successive phases called G1, S, G2, and M and includes replication of the genome and the subsequent segregation of chromosomes into daughter cells. In some variant cell cycles nuclear replication or nuclear division may not be followed by cell division, or G1 and G2 phases may be absent."" [GOC:mah, ISBN:0815316194]",893,7396,409,20972,0.05530016224986479,0.458006718924972,query_1,['GO:0007049']
GO:BP,GO:0043068,positive regulation of programmed cell death,1.54260690611413e-09,True,"""Any process that activates or increases the frequency, rate or extent of programmed cell death, cell death resulting from activation of endogenous cellular processes."" [GOC:jl]",527,7396,259,20972,0.03501892915089237,0.49146110056925996,query_1,"['GO:0012501', 'GO:0043067', 'GO:0048522']"
GO:BP,GO:0009060,aerobic respiration,1.6770850233615156e-09,True,"""The enzymatic release of energy from inorganic and organic compounds (especially carbohydrates and fats) which requires oxygen as the terminal electron acceptor."" [GOC:das, GOC:jl, ISBN:0140513590]",292,7396,158,20972,0.021362898864250947,0.541095890410959,query_1,['GO:0045333']
GO:BP,GO:1903047,mitotic cell cycle process,2.2055962163009778e-09,True,"""A process that is part of the mitotic cell cycle."" [GO_REF:0000060, GOC:mtg_cell_cycle, GOC:TermGenie]",747,7396,349,20972,0.04718766901027582,0.46720214190093706,query_1,"['GO:0000278', 'GO:0022402']"
GO:BP,GO:0030522,intracellular receptor signaling pathway,2.5497067500977765e-09,True,"""The series of molecular signals initiated by a ligand binding to a receptor located within a cell."" [GOC:bf, GOC:mah]",399,7396,204,20972,0.027582477014602487,0.5112781954887218,query_1,['GO:0035556']
GO:BP,GO:0080135,regulation of cellular response to stress,3.0195810273022793e-09,True,"""Any process that modulates the frequency, rate or extent of a cellular response to stress. Cellular response to stress is a change in state or activity of a cell (in terms of movement, secretion, enzyme production, gene expression, etc.) as a result of a stimulus indicating the organism is under stress. The stress is usually, but not necessarily, exogenous (e.g. temperature, humidity, ionizing radiation)."" [GOC:dhl]",525,7396,257,20972,0.03474851270957274,0.4895238095238095,query_1,"['GO:0033554', 'GO:0050794', 'GO:0080134']"
GO:BP,GO:0055086,nucleobase-containing small molecule metabolic process,3.217710676215742e-09,True,"""The cellular chemical reactions and pathways involving a nucleobase-containing small molecule: a nucleobase, a nucleoside, or a nucleotide."" [GOC:vw]",668,7396,316,20972,0.042725797728501894,0.47305389221556887,query_1,"['GO:0006139', 'GO:0044281']"
GO:BP,GO:0001819,positive regulation of cytokine production,3.3249691374602e-09,True,"""Any process that activates or increases the frequency, rate or extent of production of a cytokine."" [GOC:add, ISBN:0781735149]",492,7396,243,20972,0.03285559762033532,0.49390243902439024,query_1,"['GO:0001816', 'GO:0001817', 'GO:0010628', 'GO:0051240']"
GO:BP,GO:1901700,response to oxygen-containing compound,3.3767224083694484e-09,True,"""Any process that results in a change in state or activity of a cell or an organism (in terms of movement, secretion, enzyme production, gene expression, etc.) as a result of an oxygen-containing compound stimulus."" [GOC:pr, GOC:TermGenie]",1632,7396,697,20972,0.09424012979989184,0.4270833333333333,query_1,['GO:0042221']
GO:BP,GO:0051607,defense response to virus,4.073637700963134e-09,True,"""Reactions triggered in response to the presence of a virus that act to protect the cell or organism."" [GOC:ai]",322,7396,170,20972,0.02298539751216874,0.5279503105590062,query_1,"['GO:0006952', 'GO:0009615']"
GO:BP,GO:0043065,positive regulation of apoptotic process,4.120304896551059e-09,True,"""Any process that activates or increases the frequency, rate or extent of cell death by apoptotic process."" [GOC:jl, GOC:mtg_apoptosis]",512,7396,251,20972,0.03393726338561385,0.490234375,query_1,"['GO:0006915', 'GO:0042981', 'GO:0043068']"
GO:BP,GO:0098609,cell-cell adhesion,4.6813733130310855e-09,True,"""The attachment of one cell to another cell via adhesion molecules."" [GOC:dos]",965,7396,435,20972,0.05881557598702001,0.45077720207253885,query_1,['GO:0007155']
GO:BP,GO:0015980,energy derivation by oxidation of organic compounds,5.049589905238273e-09,True,"""The chemical reactions and pathways by which a cell derives energy from organic compounds; results in the oxidation of the compounds from which energy is released."" [GOC:mah]",425,7396,214,20972,0.02893455922120065,0.5035294117647059,query_1,['GO:0006091']
GO:BP,GO:0048731,system development,5.3228550626933496e-09,True,"""The process whose specific outcome is the progression of an organismal system over time, from its formation to the mature structure. A system is a regularly interacting or interdependent group of organs or tissues that work together to carry out a given biological process."" [GOC:dph, GOC:jid]",4023,7396,1594,20972,0.2155219037317469,0.39622172508078546,query_1,"['GO:0007275', 'GO:0048856']"
GO:BP,GO:0044281,small molecule metabolic process,6.282010882335868e-09,True,"""The chemical reactions and pathways involving small molecules, any low molecular weight, monomeric, non-encoded molecule."" [GOC:curators, GOC:pde, GOC:vw]",1694,7396,719,20972,0.09721471065440779,0.4244391971664699,query_1,['GO:0008152']
GO:BP,GO:0048193,Golgi vesicle transport,6.321626045089701e-09,True,"""The directed movement of substances into, out of or within the Golgi apparatus, mediated by vesicles."" [GOC:jid, ISBN:0716731363, PMID:10219233]",312,7396,165,20972,0.02230935640886966,0.5288461538461539,query_1,['GO:0016192']
GO:BP,GO:0051726,regulation of cell cycle,6.3750447229973236e-09,True,"""Any process that modulates the rate or extent of progression through the cell cycle."" [GOC:ai, GOC:dph, GOC:tb]",1088,7396,483,20972,0.06530557057869119,0.44393382352941174,query_1,"['GO:0007049', 'GO:0050794']"
GO:BP,GO:0006091,generation of precursor metabolites and energy,6.645502703927926e-09,True,"""The chemical reactions and pathways resulting in the formation of precursor metabolites, substances from which energy is derived, and any process involved in the liberation of energy from these substances."" [GOC:jl]",483,7396,238,20972,0.03217955651703624,0.4927536231884058,query_1,['GO:0008152']
GO:BP,GO:0009719,response to endogenous stimulus,6.900056931906757e-09,True,"""Any process that results in a change in state or activity of a cell or an organism (in terms of movement, secretion, enzyme production, gene expression, etc.) as a result of a stimulus arising within the organism."" [GOC:sm]",1467,7396,631,20972,0.08531638723634397,0.43012951601908656,query_1,['GO:0050896']
GO:BP,GO:0007005,mitochondrion organization,8.166176128846475e-09,True,"""A process that is carried out at the cellular level which results in the assembly, arrangement of constituent parts, or disassembly of a mitochondrion; includes mitochondrial morphogenesis and distribution, and replication of the mitochondrial genome as well as synthesis of new mitochondrial components."" [GOC:dph, GOC:jl, GOC:mah, GOC:sgd_curators, PMID:9786946]",401,7396,203,20972,0.027447268793942672,0.5062344139650873,query_1,['GO:0006996']
GO:BP,GO:0006753,nucleoside phosphate metabolic process,8.555242992708483e-09,True,"""The chemical reactions and pathways involving any phosphorylated nucleoside."" [GOC:mah]",646,7396,305,20972,0.04123850730124391,0.47213622291021673,query_1,"['GO:0006796', 'GO:0019637', 'GO:0055086']"
GO:BP,GO:0051248,negative regulation of protein metabolic process,1.026353520571488e-08,True,"""Any process that stops, prevents, or reduces the frequency, rate or extent of chemical reactions and pathways involving a protein."" [GOC:ai]",569,7396,273,20972,0.0369118442401298,0.4797891036906854,query_1,"['GO:0010605', 'GO:0019538', 'GO:0051246']"
GO:BP,GO:0006417,regulation of translation,1.0958877556857495e-08,True,"""Any process that modulates the frequency, rate or extent of the chemical reactions and pathways resulting in the formation of proteins by the translation of mRNA or circRNA."" [GOC:isa_complete]",367,7396,188,20972,0.02541914548404543,0.5122615803814714,query_1,"['GO:0006412', 'GO:0010608', 'GO:0051246']"
GO:BP,GO:0034655,nucleobase-containing compound catabolic process,1.129429416052665e-08,True,"""The chemical reactions and pathways resulting in the breakdown of nucleobases, nucleosides, nucleotides and nucleic acids."" [GOC:mah]",526,7396,255,20972,0.03447809626825311,0.4847908745247148,query_1,"['GO:0006139', 'GO:0009056']"
GO:BP,GO:0060284,regulation of cell development,1.3003219553725559e-08,True,"""Any process that modulates the rate, frequency or extent of the progression of the cell over time, from its formation to the mature structure. Cell development does not include the steps involved in committing a cell to a specific fate."" [GOC:dph, GOC:tb]",816,7396,373,20972,0.050432666306111415,0.4571078431372549,query_1,"['GO:0045595', 'GO:0048468']"
GO:BP,GO:0002252,immune effector process,1.4324155863710963e-08,True,"""Any process of the immune system that executes a component of an immune response. An effector immune process takes place after its activation."" [GO_REF:0000022, GOC:add, ISBN:0781735149]",710,7396,330,20972,0.04461871281773932,0.4647887323943662,query_1,['GO:0002376']
GO:BP,GO:1901293,nucleoside phosphate biosynthetic process,1.4324155863710963e-08,True,"""The chemical reactions and pathways resulting in the formation of a nucleoside phosphate."" [GOC:TermGenie]",317,7396,166,20972,0.022444564629529474,0.5236593059936908,query_1,"['GO:0006753', 'GO:0034654', 'GO:0090407']"
GO:BP,GO:1903039,positive regulation of leukocyte cell-cell adhesion,1.480759695427551e-08,True,"""Any process that activates or increases the frequency, rate or extent of leukocyte cell-cell adhesion."" [GO_REF:0000058, GOC:BHF, GOC:rl, GOC:TermGenie, PMID:21106532]",276,7396,148,20972,0.020010816657652784,0.5362318840579711,query_1,"['GO:0007159', 'GO:0022409', 'GO:1903037']"
GO:BP,GO:0042776,proton motive force-driven mitochondrial ATP synthesis,1.5446708539985723e-08,True,"""The chemical reactions and pathways resulting in the formation of ATP driven by transport of protons across a mitochondrial membrane to generate an electrochemical gradient (proton-motive force)."" [GOC:vw]",67,7396,49,20972,0.00662520281233099,0.7313432835820896,query_1,"['GO:0006119', 'GO:0015986']"
GO:BP,GO:0045619,regulation of lymphocyte differentiation,1.6009613665923673e-08,True,"""Any process that modulates the frequency, rate or extent of lymphocyte differentiation."" [GOC:go_curators]",218,7396,122,20972,0.016495402920497566,0.5596330275229358,query_1,"['GO:0030098', 'GO:0051249', 'GO:1902105']"
GO:BP,GO:0031399,regulation of protein modification process,1.6906669105880674e-08,True,"""Any process that modulates the frequency, rate or extent of the covalent alteration of one or more amino acid residues within a protein."" [GOC:mah, GOC:tb]",748,7396,345,20972,0.04664683612763656,0.4612299465240642,query_1,"['GO:0036211', 'GO:0051246']"
GO:BP,GO:0062207,regulation of pattern recognition receptor signaling pathway,1.6988893455606568e-08,True,"""Any process that modulates the rate, frequency or extent of a pattern recognition receptor signaling pathway."" [PMID:30610168]",181,7396,105,20972,0.014196863169280692,0.580110497237569,query_1,"['GO:0002221', 'GO:0009966', 'GO:0045088']"
GO:BP,GO:0016567,protein ubiquitination,1.7652223033219226e-08,True,"""The process in which one or more ubiquitin groups are added to a protein."" [PMID:26906419]",726,7396,336,20972,0.04542996214169821,0.4628099173553719,query_1,['GO:0032446']
GO:BP,GO:0072521,purine-containing compound metabolic process,1.8527620049095757e-08,True,"""The chemical reactions and pathways involving a purine-containing compound, i.e. any compound that contains purine or a formal derivative thereof."" [GOC:mah]",567,7396,271,20972,0.03664142779881017,0.47795414462081126,query_1,['GO:0008152']
GO:BP,GO:0022904,respiratory electron transport chain,1.8603078717431658e-08,True,"""A process in which a series of electron carriers operate together to transfer electrons from donors such as NADH and FADH2 to any of several different terminal electron acceptors to generate a transmembrane electrochemical gradient."" [GOC:mtg_electron_transport, ISBN:0716720094]",114,7396,73,20972,0.009870200108166577,0.6403508771929824,query_1,"['GO:0022900', 'GO:0045333']"
GO:BP,GO:0002697,regulation of immune effector process,1.951246640100993e-08,True,"""Any process that modulates the frequency, rate, or extent of an immune effector process."" [GOC:add]",395,7396,199,20972,0.026906435911303407,0.5037974683544304,query_1,"['GO:0002252', 'GO:0002682']"
GO:BP,GO:0006403,RNA localization,1.980330343979619e-08,True,"""A process in which RNA is transported to, or maintained in, a specific location."" [GOC:ai]",201,7396,114,20972,0.015413737155219038,0.5671641791044776,query_1,['GO:0033036']
GO:BP,GO:0032880,regulation of protein localization,2.145290259930079e-08,True,"""Any process that modulates the frequency, rate or extent of any process in which a protein is transported to, or maintained in, a specific location."" [GOC:dph, GOC:mah, GOC:tb]",859,7396,389,20972,0.05259599783666847,0.4528521536670547,query_1,"['GO:0008104', 'GO:0032879']"
GO:BP,GO:0030155,regulation of cell adhesion,2.4895253551734038e-08,True,"""Any process that modulates the frequency, rate or extent of attachment of a cell to another cell or to the extracellular matrix."" [GOC:mah]",780,7396,357,20972,0.048269334775554354,0.4576923076923077,query_1,"['GO:0007155', 'GO:0050794']"
GO:BP,GO:0010564,regulation of cell cycle process,2.530296822795867e-08,True,"""Any process that modulates a cellular process that is involved in the progression of biochemical and morphological phases and events that occur in a cell during successive cell replication or nuclear replication events."" [GOC:dph, GOC:tb]",728,7396,336,20972,0.04542996214169821,0.46153846153846156,query_1,"['GO:0022402', 'GO:0051726']"
GO:BP,GO:0046034,ATP metabolic process,2.883880990652285e-08,True,"""The chemical reactions and pathways involving ATP, adenosine triphosphate, a universally important coenzyme and enzyme regulator."" [GOC:go_curators]",233,7396,128,20972,0.017306652244456464,0.5493562231759657,query_1,"['GO:0009150', 'GO:0009205']"
GO:BP,GO:0010638,positive regulation of organelle organization,2.8870301156365174e-08,True,"""Any process that increases the frequency, rate or extent of a process involved in the formation, arrangement of constituent parts, or disassembly of an organelle."" [GOC:dph, GOC:tb]",499,7396,242,20972,0.032720389399675504,0.4849699398797595,query_1,"['GO:0006996', 'GO:0033043', 'GO:0051130']"
GO:BP,GO:1902105,regulation of leukocyte differentiation,3.1307026483817357e-08,True,"""Any process that modulates the frequency, rate or extent of leukocyte differentiation."" [GOC:add, GOC:TermGenie]",329,7396,170,20972,0.02298539751216874,0.5167173252279635,query_1,"['GO:0002521', 'GO:1903706']"
GO:BP,GO:0051052,regulation of DNA metabolic process,3.1656257037281025e-08,True,"""Any process that modulates the frequency, rate or extent of the chemical reactions and pathways involving DNA."" [GOC:ai]",485,7396,236,20972,0.0319091400757166,0.4865979381443299,query_1,"['GO:0006259', 'GO:0019219', 'GO:0060255']"
GO:BP,GO:0019693,ribose phosphate metabolic process,3.702972318621983e-08,True,"""The chemical reactions and pathways involving ribose phosphate, any phosphorylated ribose sugar."" [GOC:ai]",381,7396,192,20972,0.025959978366684695,0.5039370078740157,query_1,"['GO:0006796', 'GO:0019637', 'GO:1901135']"
GO:BP,GO:0009259,ribonucleotide metabolic process,3.738066843321287e-08,True,"""The chemical reactions and pathways involving a ribonucleotide, a compound consisting of ribonucleoside (a base linked to a ribose sugar) esterified with a phosphate group at either the 3' or 5'-hydroxyl group of the sugar."" [GOC:go_curators, ISBN:0198506732]",374,7396,189,20972,0.025554353704705247,0.5053475935828877,query_1,"['GO:0009117', 'GO:0019693']"
GO:BP,GO:0009141,nucleoside triphosphate metabolic process,3.738066843321287e-08,True,"""The chemical reactions and pathways involving a nucleoside triphosphate, a compound consisting of a nucleobase linked to a deoxyribose or ribose sugar esterified with triphosphate on the sugar."" [GOC:go_curators, ISBN:0198506732]",279,7396,148,20972,0.020010816657652784,0.5304659498207885,query_1,['GO:0006753']
GO:BP,GO:0120036,plasma membrane bounded cell projection organization,3.929697726324801e-08,True,"""A process that is carried out at the cellular level which results in the assembly, arrangement of constituent parts, or disassembly of a plasma membrane bounded prolongation or process extending from a cell, e.g. a cilium or axon."" [GOC:krc]",1582,7396,670,20972,0.0905895078420768,0.42351453855878635,query_1,['GO:0030030']
GO:BP,GO:0006468,protein phosphorylation,4.561953101058338e-08,True,"""The process of introducing a phosphate group on to a protein."" [GOC:hb]",982,7396,436,20972,0.058950784207679824,0.4439918533604888,query_1,"['GO:0016310', 'GO:0036211']"
GO:BP,GO:0050670,regulation of lymphocyte proliferation,4.829990019268885e-08,True,"""Any process that modulates the frequency, rate or extent of lymphocyte proliferation."" [GOC:ai]",239,7396,130,20972,0.017577068685776097,0.5439330543933054,query_1,"['GO:0032944', 'GO:0046651', 'GO:0051249']"
GO:BP,GO:0044087,regulation of cellular component biogenesis,5.490816823460897e-08,True,"""Any process that modulates the frequency, rate or extent of cellular component biogenesis, a process that results in the biosynthesis of constituent macromolecules, assembly, and arrangement of constituent parts of a cellular component."" [GOC:jl]",1006,7396,445,20972,0.06016765819361817,0.4423459244532803,query_1,"['GO:0044085', 'GO:0050794']"
GO:BP,GO:0044770,cell cycle phase transition,6.33377891017855e-08,True,"""The cell cycle process by which a cell commits to entering the next cell cycle phase."" [GOC:mtg_cell_cycle]",534,7396,255,20972,0.03447809626825311,0.47752808988764045,query_1,['GO:0022402']
GO:BP,GO:0072522,purine-containing compound biosynthetic process,6.582501267091909e-08,True,"""The chemical reactions and pathways resulting in the formation of a purine-containing compound, i.e. any compound that contains purine or a formal derivative thereof."" [GOC:mah]",258,7396,138,20972,0.018658734451054624,0.5348837209302325,query_1,"['GO:0009058', 'GO:0072521']"
GO:BP,GO:0030030,cell projection organization,6.618241199348284e-08,True,"""A process that is carried out at the cellular level which results in the assembly, arrangement of constituent parts, or disassembly of a prolongation or process extending from a cell, e.g. a flagellum or axon."" [GOC:jl, GOC:mah, PMID:16318917]",1628,7396,686,20972,0.09275283937263386,0.4213759213759214,query_1,['GO:0016043']
GO:BP,GO:0006914,autophagy,8.68334762135194e-08,True,"""The cellular catabolic process in which cells digest cellular materials, such as organelles and other macromolecular constituents, or non-self materials such as intracellular pathogens. Autophagy serves to provide essential nutrients under conditions of cellular stress; or can remodel intracellular structures during cell differentiation."" [GOC:autophagy, ISBN:0198547684, PMID:11099404, PMID:29455577, PMID:9412464]",599,7396,281,20972,0.03799351000540833,0.4691151919866444,query_1,"['GO:0009056', 'GO:0061919']"
GO:BP,GO:0022409,positive regulation of cell-cell adhesion,8.68334762135194e-08,True,"""Any process that activates or increases the rate or extent of cell adhesion to another cell."" [GOC:isa_complete]",328,7396,168,20972,0.022714981070849107,0.5121951219512195,query_1,"['GO:0022407', 'GO:0045785', 'GO:0098609']"
GO:BP,GO:0002274,myeloid leukocyte activation,8.68334762135194e-08,True,"""A change in the morphology or behavior of a myeloid leukocyte resulting from exposure to an activating factor such as a cellular or soluble ligand."" [GOC:add, ISBN:0781735149]",243,7396,131,20972,0.01771227690643591,0.5390946502057613,query_1,['GO:0045321']
GO:BP,GO:0061919,process utilizing autophagic mechanism,8.68334762135194e-08,True,"""A cellular process involving delivery of a portion of the cytoplasm to lysosomes or to the plant or fungal vacuole that does not involve direct transport through the endocytic or vacuolar protein sorting (Vps) pathways. This process typically leads to degradation of the cargo; however, it can also be used to deliver resident proteins, such as in the cytoplasm-to-vacuole targeting (Cvt) pathway."" [PMID:21997368, PMID:22966490, PMID:28596378]",599,7396,281,20972,0.03799351000540833,0.4691151919866444,query_1,['GO:0009987']
GO:BP,GO:0051050,positive regulation of transport,9.799812705586217e-08,True,"""Any process that activates or increases the frequency, rate or extent of the directed movement of substances (such as macromolecules, small molecules, ions) into, out of or within a cell, or between cells, by means of some agent such as a transporter or pore."" [GOC:ai]",818,7396,369,20972,0.04989183342347215,0.4511002444987775,query_1,"['GO:0006810', 'GO:0048518', 'GO:0051049']"
GO:BP,GO:0006281,DNA repair,1.0345051041665209e-07,True,"""The process of restoring DNA after damage. Genomes are subject to damage by chemical and physical agents in the environment (e.g. UV and ionizing radiations, chemical mutagens, fungal and bacterial toxins, etc.) and by free radicals or alkylating agents endogenously generated in metabolism. DNA is also damaged because of errors during its replication. A variety of different DNA repair pathways have been reported that include direct reversal, base excision repair, nucleotide excision repair, photoreactivation, bypass, double-strand break repair pathway, and mismatch repair pathway."" [PMID:11563486]",622,7396,290,20972,0.03921038399134667,0.4662379421221865,query_1,"['GO:0006259', 'GO:0006974']"
GO:BP,GO:0045667,regulation of osteoblast differentiation,1.0947241905414902e-07,True,"""Any process that modulates the frequency, rate or extent of osteoblast differentiation."" [GOC:go_curators]",134,7396,81,20972,0.010951865873445106,0.6044776119402985,query_1,"['GO:0001649', 'GO:0045595']"
GO:BP,GO:0007264,small GTPase-mediated signal transduction,1.0969428220363517e-07,True,"""An intracellular signaling cassette in which a small monomeric GTPase relays a signal."" [GOC:mah]",493,7396,237,20972,0.03204434829637642,0.48073022312373226,query_1,['GO:0141124']
GO:BP,GO:0044772,mitotic cell cycle phase transition,1.1742648938357475e-07,True,"""The cell cycle process by which a cell commits to entering the next mitotic cell cycle phase."" [GOC:mtg_cell_cycle]",426,7396,209,20972,0.028258518117901567,0.49061032863849763,query_1,"['GO:0044770', 'GO:1903047']"
GO:BP,GO:1901990,regulation of mitotic cell cycle phase transition,1.248578000406703e-07,True,"""Any process that modulates the frequency, rate or extent of mitotic cell cycle phase transition."" [GOC:mtg_cell_cycle, GOC:TermGenie, PMID:22841721]",327,7396,167,20972,0.022579772850189292,0.5107033639143731,query_1,"['GO:0007346', 'GO:0044772', 'GO:1901987']"
GO:BP,GO:0051241,negative regulation of multicellular organismal process,1.3271863571817092e-07,True,"""Any process that stops, prevents, or reduces the frequency, rate or extent of an organismal process, the processes pertinent to the function of an organism above the cellular level; includes the integrated processes of tissues and organs."" [GOC:ai]",1091,7396,476,20972,0.06435911303407248,0.43629697525206235,query_1,"['GO:0032501', 'GO:0048519', 'GO:0051239']"
GO:BP,GO:0071495,cellular response to endogenous stimulus,1.4832963858798255e-07,True,"""Any process that results in a change in state or activity of a cell (in terms of movement, secretion, enzyme production, gene expression, etc.) as a result of a stimulus arising within the organism."" [GOC:mah]",1238,7396,533,20972,0.07206598161168198,0.4305331179321486,query_1,['GO:0009719']
GO:BP,GO:0046634,regulation of alpha-beta T cell activation,1.4939852040499944e-07,True,"""Any process that modulates the frequency, rate or extent of alpha-beta T cell activation."" [GOC:ai]",120,7396,74,20972,0.010005408328826392,0.6166666666666667,query_1,"['GO:0046631', 'GO:0050863']"
GO:BP,GO:0009144,purine nucleoside triphosphate metabolic process,1.533450370623816e-07,True,"""The chemical reactions and pathways involving purine nucleoside triphosphate, a compound consisting of a purine base linked to a ribose or deoxyribose sugar esterified with triphosphate on the sugar."" [GOC:go_curators, ISBN:0198506732]",263,7396,139,20972,0.01879394267171444,0.5285171102661597,query_1,['GO:0009141']
GO:BP,GO:1901987,regulation of cell cycle phase transition,1.5488349502420433e-07,True,"""Any process that modulates the frequency, rate or extent of cell cycle phase transition."" [GOC:mtg_cell_cycle, GOC:TermGenie, PMID:22841721]",432,7396,211,20972,0.0285289345592212,0.48842592592592593,query_1,"['GO:0010564', 'GO:0044770']"
GO:BP,GO:0009117,nucleotide metabolic process,1.6777875266136672e-07,True,"""The chemical reactions and pathways involving a nucleotide, a nucleoside that is esterified with (ortho)phosphate or an oligophosphate at any hydroxyl group on the glycose moiety; may be mono-, di- or triphosphate; this definition includes cyclic nucleotides (nucleoside cyclic phosphates)."" [GOC:ma]",495,7396,237,20972,0.03204434829637642,0.47878787878787876,query_1,['GO:0006753']
GO:BP,GO:0051049,regulation of transport,1.7465701173110324e-07,True,"""Any process that modulates the frequency, rate or extent of the directed movement of substances (such as macromolecules, small molecules, ions) into, out of or within a cell, or between cells, by means of some agent such as a transporter or pore."" [GOC:ai]",1566,7396,659,20972,0.08910221741481882,0.42081736909323114,query_1,"['GO:0006810', 'GO:0032879']"
GO:BP,GO:0002753,cytoplasmic pattern recognition receptor signaling pathway,1.7819584588696212e-07,True,"""The series of molecular signals initiated by the binding of a ligand from another organism to a cytoplasmic pattern recognition receptor (PRR). PRRs bind pathogen-associated molecular pattern (PAMPs), structures conserved among microbial species."" [GOC:add, GOC:ar, ISBN:0781735149, PMID:15199967, PMID:17328678, PMID:18272355, PMID:19531363, PMID:21187438]",187,7396,105,20972,0.014196863169280692,0.5614973262032086,query_1,"['GO:0002221', 'GO:0030522']"
GO:BP,GO:0032944,regulation of mononuclear cell proliferation,1.7831772368182528e-07,True,"""Any process that modulates the frequency, rate or extent of mononuclear cell proliferation."" [GOC:add]",243,7396,130,20972,0.017577068685776097,0.5349794238683128,query_1,"['GO:0032943', 'GO:0070663']"
GO:BP,GO:0015986,proton motive force-driven ATP synthesis,1.8529309628290757e-07,True,"""The chemical reactions and pathways resulting in the formation of ATP driven by transport of protons across a membrane to generate an electrochemical gradient (proton-motive force)."" [GOC:vw]",78,7396,53,20972,0.007166035694970254,0.6794871794871795,query_1,['GO:0006754']
GO:BP,GO:0009150,purine ribonucleotide metabolic process,1.8529309628290757e-07,True,"""The chemical reactions and pathways involving a purine ribonucleotide, a compound consisting of ribonucleoside (a purine base linked to a ribose sugar) esterified with a phosphate group at either the 3' or 5'-hydroxyl group of the sugar."" [GOC:go_curators, ISBN:0198506732]",352,7396,177,20972,0.02393185505678745,0.5028409090909091,query_1,"['GO:0006163', 'GO:0009259']"
GO:BP,GO:0006163,purine nucleotide metabolic process,1.92481991640124e-07,True,"""The chemical reactions and pathways involving a purine nucleotide, a compound consisting of nucleoside (a purine base linked to a deoxyribose or ribose sugar) esterified with a phosphate group at either the 3' or 5'-hydroxyl group of the sugar."" [GOC:go_curators, ISBN:0198506732]",433,7396,211,20972,0.0285289345592212,0.48729792147806006,query_1,"['GO:0009117', 'GO:0072521']"
GO:BP,GO:0009205,purine ribonucleoside triphosphate metabolic process,1.9626045785002615e-07,True,"""The chemical reactions and pathways involving purine ribonucleoside triphosphate, a compound consisting of a purine base linked to a ribose sugar esterified with triphosphate on the sugar."" [GOC:go_curators, ISBN:0198506732]",257,7396,136,20972,0.01838831800973499,0.5291828793774319,query_1,['GO:0009144']
GO:BP,GO:0006119,oxidative phosphorylation,1.99439060748359e-07,True,"""The phosphorylation of ADP to ATP that accompanies the oxidation of a metabolite through the operation of the respiratory chain. Oxidation of compounds establishes a proton gradient across the membrane, providing the energy for ATP synthesis."" [ISBN:0198506732, ISBN:0471331309]",146,7396,86,20972,0.011627906976744186,0.589041095890411,query_1,['GO:0009060']
GO:BP,GO:0050870,positive regulation of T cell activation,2.1388362962503981e-07,True,"""Any process that activates or increases the frequency, rate or extent of T cell activation."" [GOC:ai]",255,7396,135,20972,0.018253109789075177,0.5294117647058824,query_1,"['GO:0042110', 'GO:0050863', 'GO:0051251', 'GO:1903039']"
GO:BP,GO:0022900,electron transport chain,2.182384547536582e-07,True,"""A process in which a series of electron carriers operate together to transfer electrons from donors to any of several different terminal electron acceptors."" [GOC:mtg_electron_transport]",125,7396,76,20972,0.010275824770146024,0.608,query_1,['GO:0006091']
GO:BP,GO:0051301,cell division,2.2607723568825135e-07,True,"""The process resulting in division and partitioning of components of a cell to form more cells; may or may not be accompanied by the physical separation of a cell into distinct, individually membrane-bounded daughter cells."" [GOC:di, GOC:go_curators, GOC:pr]",656,7396,302,20972,0.04083288263926447,0.4603658536585366,query_1,['GO:0009987']
GO:BP,GO:0007167,enzyme-linked receptor protein signaling pathway,2.3141177472828608e-07,True,"""The series of molecular signals initiated by an extracellular ligand binding to a receptor on the surface of the target cell, where the receptor possesses catalytic activity or is closely associated with an enzyme such as a protein kinase, and ending with the regulation of a downstream cellular process, e.g. transcription."" [GOC:mah, GOC:signaling, ISBN:0815316194]",988,7396,434,20972,0.058680367766360195,0.4392712550607287,query_1,['GO:0007166']
GO:BP,GO:0097190,apoptotic signaling pathway,2.472619703684128e-07,True,"""The series of molecular signals which triggers the apoptotic death of a cell. The pathway starts with reception of a signal, and ends when the execution phase of apoptosis is triggered."" [GOC:mtg_apoptosis]",612,7396,284,20972,0.03839913466738778,0.46405228758169936,query_1,"['GO:0006915', 'GO:0007165']"
GO:BP,GO:0097193,intrinsic apoptotic signaling pathway,2.5033860540801193e-07,True,"""The series of molecular signals in which an intracellular signal is conveyed to trigger the apoptotic death of a cell. The pathway starts with reception of an intracellular signal (e.g. DNA damage, endoplasmic reticulum stress, oxidative stress etc.), and ends when the execution phase of apoptosis is triggered. The intrinsic apoptotic signaling pathway is crucially regulated by permeabilization of the mitochondrial outer membrane (MOMP)."" [GOC:mtg_apoptosis, GOC:yaf, PMID:11919192, PMID:17340152, PMID:18852119]",318,7396,162,20972,0.021903731746890212,0.5094339622641509,query_1,"['GO:0035556', 'GO:0097190']"
GO:BP,GO:0050790,regulation of catalytic activity,2.5972102308306254e-07,True,"""Any process that modulates the activity of an enzyme."" [GOC:ai, GOC:ebc, GOC:vw]",774,7396,349,20972,0.04718766901027582,0.4509043927648579,query_1,['GO:0065009']
GO:BP,GO:0002695,negative regulation of leukocyte activation,3.4016923109642805e-07,True,"""Any process that stops, prevents, or reduces the frequency, rate, or extent of leukocyte activation."" [GOC:add]",191,7396,106,20972,0.014332071389940509,0.5549738219895288,query_1,"['GO:0002683', 'GO:0002694', 'GO:0045321', 'GO:0050866']"
GO:BP,GO:0007346,regulation of mitotic cell cycle,3.611242512559527e-07,True,"""Any process that modulates the rate or extent of progress through the mitotic cell cycle."" [GOC:dph, GOC:go_curators, GOC:tb]",489,7396,233,20972,0.03150351541373716,0.47648261758691207,query_1,"['GO:0000278', 'GO:0051726']"
GO:BP,GO:0046633,alpha-beta T cell proliferation,3.6179946532589904e-07,True,"""The expansion of an alpha-beta T cell population by cell division."" [GOC:ai]",47,7396,36,20972,0.0048674959437533805,0.7659574468085106,query_1,"['GO:0042098', 'GO:0046631']"
GO:BP,GO:0034097,response to cytokine,3.990572262212984e-07,True,"""Any process that results in a change in state or activity of a cell or an organism (in terms of movement, secretion, enzyme production, gene expression, etc.) as a result of a cytokine stimulus."" [GOC:sl]",979,7396,429,20972,0.058004326663061115,0.43820224719101125,query_1,['GO:1901652']
GO:BP,GO:0033993,response to lipid,4.00701401284461e-07,True,"""Any process that results in a change in state or activity of a cell or an organism (in terms of movement, secretion, enzyme production, gene expression, etc.) as a result of a lipid stimulus."" [GOC:sl]",880,7396,390,20972,0.052731206057328284,0.4431818181818182,query_1,['GO:0042221']
GO:BP,GO:0016477,cell migration,4.170075229500417e-07,True,"""The controlled self-propelled movement of a cell from one site to a destination guided by molecular cues."" [GOC:cjm, GOC:dph, GOC:ems, GOC:pf, Wikipedia:Cell_migration]",1532,7396,643,20972,0.08693888588426177,0.4197127937336815,query_1,['GO:0048870']
GO:BP,GO:1901137,carbohydrate derivative biosynthetic process,4.437756537059023e-07,True,"""The chemical reactions and pathways resulting in the formation of carbohydrate derivative."" [GOC:TermGenie]",556,7396,260,20972,0.035154137371552194,0.4676258992805755,query_1,"['GO:0009058', 'GO:1901135']"
GO:BP,GO:0051247,positive regulation of protein metabolic process,4.447467912954184e-07,True,"""Any process that activates or increases the frequency, rate or extent of the chemical reactions and pathways involving a protein."" [GOC:ai]",863,7396,383,20972,0.051784748512709575,0.44380069524913096,query_1,"['GO:0010604', 'GO:0019538', 'GO:0051246']"
GO:BP,GO:0070663,regulation of leukocyte proliferation,4.517159470438328e-07,True,"""Any process that modulates the frequency, rate or extent of leukocyte proliferation."" [GOC:add, GOC:mah]",269,7396,140,20972,0.018929150892374257,0.5204460966542751,query_1,"['GO:0042127', 'GO:0070661']"
GO:BP,GO:0050864,regulation of B cell activation,4.668949722136436e-07,True,"""Any process that modulates the frequency, rate or extent of B cell activation."" [GOC:ai]",133,7396,79,20972,0.010681449432125473,0.5939849624060151,query_1,"['GO:0042113', 'GO:0051249']"
GO:BP,GO:0019058,viral life cycle,4.683075089519557e-07,True,"""A set of processes which all viruses follow to ensure survival; includes attachment and entry of the virus particle, decoding of genome information, translation of viral mRNA by host ribosomes, genome replication, and assembly and release of viral particles containing the genome."" [ISBN:1555811272]",290,7396,149,20972,0.0201460248783126,0.5137931034482759,query_1,['GO:0016032']
GO:BP,GO:1903311,regulation of mRNA metabolic process,4.683075089519557e-07,True,"""Any process that modulates the frequency, rate or extent of mRNA metabolic process."" [GO_REF:0000058, GOC:TermGenie, GOC:vw]",304,7396,155,20972,0.0209572742022715,0.5098684210526315,query_1,"['GO:0016071', 'GO:0051252']"
GO:BP,GO:1901652,response to peptide,4.683075089519557e-07,True,"""Any process that results in a change in state or activity of a cell or an organism (in terms of movement, secretion, enzyme production, gene expression, etc.) as a result of a peptide stimulus."" [GOC:pr, GOC:TermGenie]",993,7396,434,20972,0.058680367766360195,0.43705941591137965,query_1,['GO:0042221']
GO:BP,GO:1901701,cellular response to oxygen-containing compound,5.275478632408922e-07,True,"""Any process that results in a change in state or activity of a cell (in terms of movement, secretion, enzyme production, gene expression, etc.) as a result of an oxygen-containing compound stimulus."" [GOC:pr, GOC:TermGenie]",1194,7396,512,20972,0.06922660897782586,0.4288107202680067,query_1,"['GO:0070887', 'GO:1901700']"
GO:BP,GO:0002250,adaptive immune response,5.426987726274168e-07,True,"""An immune response mediated by cells expressing specific receptors for antigens produced through a somatic diversification process, and allowing for an enhanced secondary response to subsequent exposures to the same antigen (immunological memory)."" [GO_REF:0000022, GOC:add, ISBN:0781735149]",761,7396,342,20972,0.046241211465657114,0.44940867279894875,query_1,['GO:0006955']
GO:BP,GO:0009142,nucleoside triphosphate biosynthetic process,5.474135612525027e-07,True,"""The chemical reactions and pathways resulting in the formation of a nucleoside triphosphate, a compound consisting of a nucleobase linked to a deoxyribose or ribose sugar esterified with triphosphate on the sugar."" [GOC:go_curators, ISBN:0198506732]",127,7396,76,20972,0.010275824770146024,0.5984251968503937,query_1,"['GO:0009141', 'GO:1901293']"
GO:BP,GO:0030183,B cell differentiation,5.581088397206878e-07,True,"""The process in which a precursor cell type acquires the specialized features of a B cell. A B cell is a lymphocyte of B lineage with the phenotype CD19-positive and capable of B cell mediated immunity."" [GO_REF:0000022, GOC:mah]",142,7396,83,20972,0.011222282314764737,0.5845070422535211,query_1,"['GO:0030098', 'GO:0042113']"
GO:BP,GO:0002819,regulation of adaptive immune response,5.750278009806457e-07,True,"""Any process that modulates the frequency, rate, or extent of an adaptive immune response."" [GOC:add]",215,7396,116,20972,0.01568415359653867,0.5395348837209303,query_1,"['GO:0002250', 'GO:0050776']"
GO:BP,GO:0006120,"mitochondrial electron transport, NADH to ubiquinone",5.79953789303841e-07,True,"""The transfer of electrons from NADH to ubiquinone that occurs during oxidative phosphorylation."" [ISBN:0716731363]",53,7396,39,20972,0.0052731206057328285,0.7358490566037735,query_1,"['GO:0019646', 'GO:0042775']"
GO:BP,GO:0042775,mitochondrial ATP synthesis coupled electron transport,5.924299585027194e-07,True,"""The transfer of electrons through a series of electron donors and acceptors, generating energy that is ultimately used for synthesis of ATP, as it occurs in the mitochondrial inner membrane or chloroplast thylakoid membrane."" [GOC:mtg_sensu, ISBN:0716731363]",98,7396,62,20972,0.0083829096809086,0.6326530612244898,query_1,['GO:0042773']
GO:BP,GO:0042773,ATP synthesis coupled electron transport,5.924299585027194e-07,True,"""The transfer of electrons through a series of electron donors and acceptors, generating energy that is ultimately used for synthesis of ATP."" [ISBN:0716731363]",98,7396,62,20972,0.0083829096809086,0.6326530612244898,query_1,"['GO:0006119', 'GO:0022904']"
GO:BP,GO:0046640,regulation of alpha-beta T cell proliferation,5.980780737987805e-07,True,"""Any process that modulates the frequency, rate or extent of alpha-beta T cell proliferation."" [GOC:ai]",44,7396,34,20972,0.004597079502433748,0.7727272727272727,query_1,"['GO:0042129', 'GO:0046633', 'GO:0046634']"
GO:BP,GO:0019646,aerobic electron transport chain,6.273004396829638e-07,True,"""A process in which a series of electron carriers operate together to transfer electrons from donors such as NADH and FADH2 to oxygen to generate a transmembrane electrochemical gradient."" [GOC:ai, GOC:mtg_electron_transport]",92,7396,59,20972,0.00797728501892915,0.6413043478260869,query_1,"['GO:0006119', 'GO:0009060', 'GO:0022904']"
GO:BP,GO:1901136,carbohydrate derivative catabolic process,8.104187710943536e-07,True,"""The chemical reactions and pathways resulting in the breakdown of carbohydrate derivative."" [GOC:TermGenie]",248,7396,130,20972,0.017577068685776097,0.5241935483870968,query_1,"['GO:0009056', 'GO:1901135']"
GO:BP,GO:0007155,cell adhesion,8.132733896875491e-07,True,"""The attachment of a cell, either to another cell or to an underlying substrate such as the extracellular matrix, via cell adhesion molecules."" [GOC:hb, GOC:pf]",1512,7396,633,20972,0.08558680367766361,0.41865079365079366,query_1,['GO:0009987']
GO:BP,GO:0042098,T cell proliferation,8.67637499844961e-07,True,"""The expansion of a T cell population by cell division. Follows T cell activation."" [GOC:jl]",214,7396,115,20972,0.015548945375878854,0.5373831775700935,query_1,"['GO:0042110', 'GO:0046651']"
GO:BP,GO:0043367,"CD4-positive, alpha-beta T cell differentiation",9.144503413320635e-07,True,"""The process in which a relatively unspecialized T cell acquires specialized features of a mature CD4-positive, alpha-beta T cell."" [CL:0000624, ISBN:0781735149]",105,7396,65,20972,0.008788534342888048,0.6190476190476191,query_1,"['GO:0035710', 'GO:0046632']"
GO:BP,GO:0015931,nucleobase-containing compound transport,9.297174758121869e-07,True,"""The directed movement of nucleobases, nucleosides, nucleotides and nucleic acids, into, out of or within a cell, or between cells, by means of some agent such as a transporter or pore."" [GOC:ai]",237,7396,125,20972,0.016901027582477014,0.5274261603375527,query_1,['GO:0071705']
GO:BP,GO:0009260,ribonucleotide biosynthetic process,9.706311666217756e-07,True,"""The chemical reactions and pathways resulting in the formation of a ribonucleotide, a compound consisting of ribonucleoside (a base linked to a ribose sugar) esterified with a phosphate group at either the 3' or 5'-hydroxyl group of the sugar."" [GOC:go_curators, ISBN:0198506732]",174,7396,97,20972,0.013115197404002164,0.5574712643678161,query_1,"['GO:0009165', 'GO:0009259', 'GO:0046390']"
GO:BP,GO:0051236,establishment of RNA localization,9.806771140731366e-07,True,"""The directed movement of RNA to a specific location."" [GOC:ai]",163,7396,92,20972,0.012439156300703082,0.5644171779141104,query_1,"['GO:0006403', 'GO:0051234']"
GO:BP,GO:0040008,regulation of growth,9.849812655044945e-07,True,"""Any process that modulates the frequency, rate or extent of the growth of all or part of an organism so that it occurs at its proper speed, either globally or in a specific part of the organism's development."" [GOC:ems, GOC:mah]",590,7396,272,20972,0.03677663601946998,0.4610169491525424,query_1,"['GO:0040007', 'GO:0050789']"
GO:BP,GO:0050684,regulation of mRNA processing,1.172951354048469e-06,True,"""Any process that modulates the frequency, rate or extent of mRNA processing, those processes involved in the conversion of a primary mRNA transcript into a mature mRNA prior to its translation into polypeptide."" [GOC:ai]",133,7396,78,20972,0.010546241211465657,0.5864661654135338,query_1,"['GO:0006397', 'GO:1903311']"
GO:BP,GO:0045786,negative regulation of cell cycle,1.1948355085899445e-06,True,"""Any process that stops, prevents or reduces the rate or extent of progression through the cell cycle."" [GOC:dph, GOC:go_curators, GOC:tb]",374,7396,183,20972,0.02474310438074635,0.4893048128342246,query_1,"['GO:0007049', 'GO:0048523', 'GO:0051726']"
GO:BP,GO:0022411,cellular component disassembly,1.2261055731593587e-06,True,"""A cellular process that results in the breakdown of a cellular component."" [GOC:isa_complete]",444,7396,212,20972,0.028664142779881017,0.4774774774774775,query_1,['GO:0016043']
GO:BP,GO:0045785,positive regulation of cell adhesion,1.2378089108010426e-06,True,"""Any process that activates or increases the frequency, rate or extent of cell adhesion."" [GOC:go_curators]",483,7396,228,20972,0.030827474310438075,0.4720496894409938,query_1,"['GO:0007155', 'GO:0030155', 'GO:0048522']"
GO:BP,GO:0050866,negative regulation of cell activation,1.2967150062775458e-06,True,"""Any process that stops, prevents, or reduces the frequency, rate or extent of cell activation."" [GOC:ai]",213,7396,114,20972,0.015413737155219038,0.5352112676056338,query_1,"['GO:0001775', 'GO:0048523', 'GO:0050865', 'GO:0051241']"
GO:BP,GO:0051129,negative regulation of cellular component organization,1.6218396135207492e-06,True,"""Any process that stops, prevents, or reduces the frequency, rate or extent of a process involved in the formation, arrangement of constituent parts, or disassembly of cell structures, including the plasma membrane and any external encapsulating structures such as the cell wall and cell envelope."" [GOC:ai]",695,7396,313,20972,0.04232017306652244,0.4503597122302158,query_1,"['GO:0016043', 'GO:0048523', 'GO:0051128']"
GO:BP,GO:0046390,ribose phosphate biosynthetic process,1.701997234090914e-06,True,"""The chemical reactions and pathways resulting in the formation of ribose phosphate, any phosphorylated ribose sugar."" [GOC:ai]",180,7396,99,20972,0.013385613845321796,0.55,query_1,"['GO:0019693', 'GO:0090407', 'GO:1901137']"
GO:BP,GO:0045597,positive regulation of cell differentiation,1.7432214104597788e-06,True,"""Any process that activates or increases the frequency, rate or extent of cell differentiation."" [GOC:go_curators]",852,7396,375,20972,0.050703082747431044,0.44014084507042256,query_1,"['GO:0030154', 'GO:0045595', 'GO:0048522', 'GO:0051094']"
GO:BP,GO:0018193,peptidyl-amino acid modification,1.938960648407732e-06,True,"""The alteration of an amino acid residue in a peptide."" [GOC:mah]",495,7396,232,20972,0.03136830719307734,0.4686868686868687,query_1,['GO:0036211']
GO:BP,GO:0050852,T cell receptor signaling pathway,2.065904716432969e-06,True,"""The series of molecular signals initiated by the cross-linking of an antigen receptor on a T cell."" [GOC:add]",143,7396,82,20972,0.011087074094104922,0.5734265734265734,query_1,['GO:0050851']
GO:BP,GO:0009145,purine nucleoside triphosphate biosynthetic process,2.109369696052836e-06,True,"""The chemical reactions and pathways resulting in the formation of purine nucleoside triphosphate, a compound consisting of a purine base linked to a ribose or deoxyribose sugar esterified with triphosphate on the sugar."" [GOC:go_curators, ISBN:0198506732]",113,7396,68,20972,0.009194159004867496,0.6017699115044248,query_1,"['GO:0009142', 'GO:0009144']"
GO:BP,GO:0048024,"regulation of mRNA splicing, via spliceosome",2.221608750642907e-06,True,"""Any process that modulates the frequency, rate or extent of mRNA splicing via a spliceosomal mechanism."" [GOC:jid]",111,7396,67,20972,0.00905895078420768,0.6036036036036037,query_1,"['GO:0000398', 'GO:0043484', 'GO:0050684']"
GO:BP,GO:2000045,regulation of G1/S transition of mitotic cell cycle,2.463426503828189e-06,True,"""Any signaling pathway that modulates the activity of a cell cycle cyclin-dependent protein kinase to modulate the switch from G1 phase to S phase of the mitotic cell cycle."" [GOC:mtg_cell_cycle]",150,7396,85,20972,0.01149269875608437,0.5666666666666667,query_1,"['GO:0000082', 'GO:1901990', 'GO:1902806']"
GO:BP,GO:0002703,regulation of leukocyte mediated immunity,2.5994845559468857e-06,True,"""Any process that modulates the frequency, rate, or extent of leukocyte mediated immunity."" [GOC:add]",252,7396,130,20972,0.017577068685776097,0.5158730158730159,query_1,"['GO:0002443', 'GO:0002697']"
GO:BP,GO:0045580,regulation of T cell differentiation,2.6385478720767364e-06,True,"""Any process that modulates the frequency, rate or extent of T cell differentiation."" [GOC:go_curators]",188,7396,102,20972,0.013791238507301243,0.5425531914893617,query_1,"['GO:0030217', 'GO:0045619', 'GO:0050863']"
GO:BP,GO:0045444,fat cell differentiation,2.799230440758182e-06,True,"""The process in which a relatively unspecialized cell acquires specialized features of an adipocyte, an animal connective tissue cell specialized for the synthesis and storage of fat."" [CL:0000136, GOC:go_curators]",243,7396,126,20972,0.01703623580313683,0.5185185185185185,query_1,['GO:0030154']
GO:BP,GO:0006754,ATP biosynthetic process,2.8085549513310826e-06,True,"""The chemical reactions and pathways resulting in the formation of ATP, adenosine 5'-triphosphate, a universally important coenzyme and enzyme regulator."" [GOC:go_curators, ISBN:0198506732]",101,7396,62,20972,0.0083829096809086,0.6138613861386139,query_1,"['GO:0009152', 'GO:0009206', 'GO:0046034']"
GO:BP,GO:0043632,modification-dependent macromolecule catabolic process,2.8502053047309014e-06,True,"""The chemical reactions and pathways resulting in the breakdown of a macromolecule, initiated by covalent modification of the target molecule."" [GOC:jl]",696,7396,312,20972,0.04218496484586263,0.4482758620689655,query_1,['GO:0009057']
GO:BP,GO:0071559,response to transforming growth factor beta,2.8566128247608235e-06,True,"""Any process that results in a change in state or activity of a cell or an organism (in terms of movement, secretion, enzyme production, gene expression, etc.) as a result of a transforming growth factor beta stimulus."" [GOC:mah]",264,7396,135,20972,0.018253109789075177,0.5113636363636364,query_1,['GO:0070848']
GO:BP,GO:0009165,nucleotide biosynthetic process,2.887216703461739e-06,True,"""The chemical reactions and pathways resulting in the formation of nucleotides, any nucleoside that is esterified with (ortho)phosphate or an oligophosphate at any hydroxyl group on the glycose moiety; may be mono-, di- or triphosphate; this definition includes cyclic-nucleotides (nucleoside cyclic phosphates)."" [GOC:go_curators]",227,7396,119,20972,0.01608977825851812,0.5242290748898678,query_1,"['GO:0009117', 'GO:1901293']"
GO:BP,GO:0009201,ribonucleoside triphosphate biosynthetic process,2.945146336160631e-06,True,"""The chemical reactions and pathways resulting in the formation of a ribonucleoside triphosphate, a compound consisting of a nucleobase linked to a ribose sugar esterified with triphosphate on the sugar."" [GOC:go_curators, ISBN:0198506732]",118,7396,70,20972,0.009464575446187128,0.5932203389830508,query_1,['GO:0009142']
GO:BP,GO:0010948,negative regulation of cell cycle process,3.023449759020455e-06,True,"""Any process that decreases the rate, frequency or extent of a cellular process that is involved in the progression of biochemical and morphological phases and events that occur in a cell during successive cell replication or nuclear replication events."" [GOC:dph, GOC:tb]",290,7396,146,20972,0.019740400216333154,0.503448275862069,query_1,"['GO:0010564', 'GO:0022402', 'GO:0045786']"
GO:BP,GO:0051028,mRNA transport,3.086739182035316e-06,True,"""The directed movement of mRNA, messenger ribonucleic acid, into, out of or within a cell, or between cells, by means of some agent such as a transporter or pore."" [GOC:ai]",131,7396,76,20972,0.010275824770146024,0.5801526717557252,query_1,['GO:0050658']
GO:BP,GO:0040007,growth,3.1550952283731e-06,True,"""The increase in size or mass of an entire organism, a part of an organism or a cell."" [GOC:bf, GOC:ma]",920,7396,400,20972,0.05408328826392644,0.43478260869565216,query_1,['GO:0008150']
GO:BP,GO:0000122,negative regulation of transcription by RNA polymerase II,3.2419048693905906e-06,True,"""Any process that stops, prevents, or reduces the frequency, rate or extent of transcription mediated by RNA polymerase II."" [GOC:go_curators, GOC:txnOH]",933,7396,405,20972,0.05475932936722553,0.4340836012861736,query_1,"['GO:0006357', 'GO:0006366', 'GO:0045892']"
GO:BP,GO:0007399,nervous system development,3.3918723712509737e-06,True,"""The process whose specific outcome is the progression of nervous tissue over time, from its formation to its mature state."" [GOC:dgh]",2597,7396,1036,20972,0.1400757166035695,0.39892183288409705,query_1,['GO:0048731']
GO:BP,GO:0048871,multicellular organismal-level homeostasis,3.436024306489859e-06,True,"""Any process involved in the maintenance of an internal steady state at the level of the multicellular organism."" [GOC:isa_complete]",839,7396,368,20972,0.04975662520281233,0.43861740166865315,query_1,"['GO:0032501', 'GO:0042592']"
GO:BP,GO:0009206,purine ribonucleoside triphosphate biosynthetic process,3.4596016996776355e-06,True,"""The chemical reactions and pathways resulting in the formation of purine ribonucleoside triphosphate, a compound consisting of a purine base linked to a ribose sugar esterified with triphosphate on the sugar."" [GOC:go_curators, ISBN:0198506732]",112,7396,67,20972,0.00905895078420768,0.5982142857142857,query_1,"['GO:0009145', 'GO:0009201', 'GO:0009205']"
GO:BP,GO:0040011,locomotion,3.6910027812499227e-06,True,"""Self-propelled movement of a cell or organism from one location to another."" [GOC:dgh]",1236,7396,522,20972,0.07057869118442402,0.4223300970873786,query_1,['GO:0008150']
GO:BP,GO:0050657,nucleic acid transport,3.7275921625557593e-06,True,"""The directed movement of nucleic acids, single or double-stranded polynucleotides involved in the storage, transmission and transfer of genetic information, into, out of or within a cell, or between cells, by means of some agent such as a transporter or pore."" [GOC:ai, ISBN:0198506732]",160,7396,89,20972,0.012033531638723635,0.55625,query_1,['GO:0015931']
GO:BP,GO:0050658,RNA transport,3.7275921625557593e-06,True,"""The directed movement of RNA, ribonucleic acids, into, out of or within a cell, or between cells, by means of some agent such as a transporter or pore."" [GOC:ai]",160,7396,89,20972,0.012033531638723635,0.55625,query_1,"['GO:0050657', 'GO:0051236']"
GO:BP,GO:0000082,G1/S transition of mitotic cell cycle,3.9040785579254755e-06,True,"""The mitotic cell cycle transition by which a cell in G1 commits to S phase. The process begins with the build up of G1 cyclin-dependent kinase (G1 CDK), resulting in the activation of transcription of G1 cyclins. The process ends with the positive feedback of the G1 cyclins on the G1 CDK which commits the cell to S phase, in which DNA replication is initiated."" [GOC:mtg_cell_cycle]",212,7396,112,20972,0.015143320713899405,0.5283018867924528,query_1,"['GO:0044772', 'GO:0044843']"
GO:BP,GO:0071345,cellular response to cytokine stimulus,3.922823652410042e-06,True,"""Any process that results in a change in state or activity of a cell (in terms of movement, secretion, enzyme production, gene expression, etc.) as a result of a cytokine stimulus."" [GOC:mah]",891,7396,388,20972,0.052460789616008655,0.43546576879910215,query_1,['GO:0034097']
GO:BP,GO:0009152,purine ribonucleotide biosynthetic process,4.01978038967118e-06,True,"""The chemical reactions and pathways resulting in the formation of a purine ribonucleotide, a compound consisting of ribonucleoside (a purine base linked to a ribose sugar) esterified with a phosphate group at either the 3' or 5'-hydroxyl group of the sugar."" [GOC:go_curators, ISBN:0198506732]",158,7396,88,20972,0.011898323418063819,0.5569620253164557,query_1,"['GO:0006164', 'GO:0009150', 'GO:0009260']"
GO:BP,GO:0019941,modification-dependent protein catabolic process,4.160700178473984e-06,True,"""The chemical reactions and pathways resulting in the breakdown of a protein or peptide by hydrolysis of its peptide bonds, initiated by the covalent modification of the target protein."" [GOC:go_curators]",691,7396,309,20972,0.04177934018388318,0.447178002894356,query_1,"['GO:0030163', 'GO:0043632']"
GO:BP,GO:0006913,nucleocytoplasmic transport,4.516363734281494e-06,True,"""The directed movement of molecules between the nucleus and the cytoplasm."" [GOC:go_curators]",332,7396,163,20972,0.022038939967550027,0.49096385542168675,query_1,['GO:0051169']
GO:BP,GO:0051169,nuclear transport,4.516363734281494e-06,True,"""The directed movement of substances into, out of, or within the nucleus."" [GOC:ai]",332,7396,163,20972,0.022038939967550027,0.49096385542168675,query_1,['GO:0046907']
GO:BP,GO:0051054,positive regulation of DNA metabolic process,4.6815261360508964e-06,True,"""Any process that activates or increases the frequency, rate or extent of the chemical reactions and pathways involving DNA."" [GOC:ai]",280,7396,141,20972,0.01906435911303407,0.5035714285714286,query_1,"['GO:0006259', 'GO:0010604', 'GO:0051052']"
GO:BP,GO:0071216,cellular response to biotic stimulus,4.80034974992204e-06,True,"""Any process that results in a change in state or activity of a cell (in terms of movement, secretion, enzyme production, gene expression, etc.) as a result of a biotic stimulus, a stimulus caused or produced by a living organism."" [GOC:mah]",252,7396,129,20972,0.01744186046511628,0.5119047619047619,query_1,"['GO:0009607', 'GO:0051716']"
GO:BP,GO:0071560,cellular response to transforming growth factor beta stimulus,5.2719955271399985e-06,True,"""Any process that results in a change in state or activity of a cell (in terms of movement, secretion, enzyme production, gene expression, etc.) as a result of a transforming growth factor beta stimulus."" [GOC:ecd, PMID:15451575]",257,7396,131,20972,0.01771227690643591,0.5097276264591439,query_1,"['GO:0071363', 'GO:0071559']"
GO:BP,GO:0006511,ubiquitin-dependent protein catabolic process,5.330740109781059e-06,True,"""The chemical reactions and pathways resulting in the breakdown of a protein or peptide by hydrolysis of its peptide bonds, initiated by the covalent attachment of a ubiquitin group, or multiple ubiquitin groups, to the protein."" [GOC:go_curators]",680,7396,304,20972,0.0411032990805841,0.4470588235294118,query_1,['GO:0019941']
GO:BP,GO:0033044,regulation of chromosome organization,5.735023425845633e-06,True,"""Any process that modulates the frequency, rate or extent of a process involved in the formation, arrangement of constituent parts, or disassembly of a chromosome."" [GOC:mah]",241,7396,124,20972,0.0167658193618172,0.5145228215767634,query_1,"['GO:0033043', 'GO:0051276']"
GO:BP,GO:0010720,positive regulation of cell development,6.102718728831687e-06,True,"""Any process that increases the rate, frequency or extent of the progression of the cell over time, from its formation to the mature structure. Cell development does not include the steps involved in committing a cell to a specific fate."" [GOC:BHF, GOC:dph, GOC:tb]",430,7396,203,20972,0.027447268793942672,0.4720930232558139,query_1,"['GO:0045597', 'GO:0048468', 'GO:0060284']"
GO:BP,GO:0008285,negative regulation of cell population proliferation,6.2024822498561875e-06,True,"""Any process that stops, prevents or reduces the rate or extent of cell proliferation."" [GOC:go_curators]",686,7396,306,20972,0.041373715521903734,0.446064139941691,query_1,"['GO:0008283', 'GO:0042127', 'GO:0048523']"
GO:BP,GO:0044092,negative regulation of molecular function,6.256901452849947e-06,True,"""Any process that stops or reduces the rate or extent of a molecular function, an elemental biological activity occurring at the molecular level, such as catalysis or binding."" [GO:jl]",355,7396,172,20972,0.023255813953488372,0.48450704225352115,query_1,['GO:0065009']
GO:BP,GO:0002822,regulation of adaptive immune response based on somatic recombination of immune receptors built from immunoglobulin superfamily domains,6.571978779636166e-06,True,"""Any process that modulates the frequency, rate, or extent of an adaptive immune response based on somatic recombination of immune receptors built from immunoglobulin superfamily domains. An example of this process is found in the Gnathostomata."" [GOC:add, GOC:mtg_sensu]",200,7396,106,20972,0.014332071389940509,0.53,query_1,"['GO:0002460', 'GO:0002819']"
GO:BP,GO:0070925,organelle assembly,6.653956766232067e-06,True,"""The aggregation, arrangement and bonding together of a set of components to form an organelle. An organelle is an organized structure of distinctive morphology and function. Includes the nucleus, mitochondria, plastids, vacuoles, vesicles, ribosomes and the cytoskeleton. Excludes the plasma membrane."" [GOC:mah]",1057,7396,451,20972,0.06097890751757707,0.4266792809839167,query_1,"['GO:0006996', 'GO:0022607']"
GO:BP,GO:0006164,purine nucleotide biosynthetic process,6.782461626502179e-06,True,"""The chemical reactions and pathways resulting in the formation of a purine nucleotide, a compound consisting of nucleoside (a purine base linked to a deoxyribose or ribose sugar) esterified with a phosphate group at either the 3' or 5'-hydroxyl group of the sugar."" [GOC:go_curators, ISBN:0198506732]",191,7396,102,20972,0.013791238507301243,0.5340314136125655,query_1,"['GO:0006163', 'GO:0009165', 'GO:0072522']"
GO:BP,GO:0045598,regulation of fat cell differentiation,6.782461626502179e-06,True,"""Any process that modulates the frequency, rate or extent of adipocyte differentiation."" [GOC:go_curators]",133,7396,76,20972,0.010275824770146024,0.5714285714285714,query_1,"['GO:0045444', 'GO:0045595']"
GO:BP,GO:0050854,regulation of antigen receptor-mediated signaling pathway,6.8459870259733095e-06,True,"""Any process that modulates the frequency, rate or extent of signaling pathways initiated by the cross-linking of an antigen receptor on a B- or T cell."" [GOC:ai]",70,7396,46,20972,0.006219578150351541,0.6571428571428571,query_1,"['GO:0009966', 'GO:0050776', 'GO:0050851']"
GO:BP,GO:0051250,negative regulation of lymphocyte activation,6.884258320398193e-06,True,"""Any process that stops, prevents, or reduces the frequency, rate or extent of lymphocyte activation."" [GOC:ai]",164,7396,90,20972,0.012168739859383451,0.5487804878048781,query_1,"['GO:0002695', 'GO:0046649', 'GO:0051249']"
GO:BP,GO:0010498,proteasomal protein catabolic process,7.033453500801776e-06,True,"""The chemical reactions and pathways resulting in the breakdown of a protein or peptide by hydrolysis of its peptide bonds that is mediated by the proteasome."" [GOC:tb]",599,7396,271,20972,0.03664142779881017,0.4524207011686144,query_1,['GO:0030163']
GO:BP,GO:0031647,regulation of protein stability,7.746037045253226e-06,True,"""Any process that affects the structure and integrity of a protein, altering the likelihood of its degradation or aggregation."" [GOC:dph, GOC:mah, GOC:tb]",385,7396,184,20972,0.024878312601406164,0.4779220779220779,query_1,['GO:0065008']
GO:BP,GO:0002700,regulation of production of molecular mediator of immune response,7.746037045253226e-06,True,"""Any process that modulates the frequency, rate, or extent of the production of molecular mediator of immune response."" [GOC:add]",196,7396,104,20972,0.014061654948620876,0.5306122448979592,query_1,"['GO:0002440', 'GO:0002697', 'GO:0010468']"
GO:BP,GO:0030031,cell projection assembly,8.264771364063038e-06,True,"""Formation of a prolongation or process extending from a cell, e.g. a flagellum or axon."" [GOC:jl, GOC:mah, PMID:18391171]",615,7396,277,20972,0.03745267712276906,0.4504065040650406,query_1,"['GO:0022607', 'GO:0030030']"
GO:BP,GO:0009611,response to wounding,8.264771364063038e-06,True,"""Any process that results in a change in state or activity of a cell or an organism (in terms of movement, secretion, enzyme production, gene expression, etc.) as a result of a stimulus indicating damage to the organism."" [GOC:go_curators]",570,7396,259,20972,0.03501892915089237,0.4543859649122807,query_1,['GO:0006950']
GO:BP,GO:0071396,cellular response to lipid,8.273542522919613e-06,True,"""Any process that results in a change in state or activity of a cell (in terms of movement, secretion, enzyme production, gene expression, etc.) as a result of a lipid stimulus."" [GOC:mah]",600,7396,271,20972,0.03664142779881017,0.45166666666666666,query_1,"['GO:0033993', 'GO:0070887']"
GO:BP,GO:0045936,negative regulation of phosphate metabolic process,8.30362987266443e-06,True,"""Any process that stops, prevents, or reduces the frequency, rate or extent of the chemical reactions and pathways involving phosphates."" [GOC:go_curators]",210,7396,110,20972,0.014872904272579772,0.5238095238095238,query_1,"['GO:0006796', 'GO:0010563']"
GO:BP,GO:0010563,negative regulation of phosphorus metabolic process,8.30362987266443e-06,True,"""Any process that decreases the frequency, rate or extent of the chemical reactions and pathways involving phosphorus or compounds containing phosphorus."" [GOC:dph, GOC:tb]",210,7396,110,20972,0.014872904272579772,0.5238095238095238,query_1,"['GO:0006793', 'GO:0009892', 'GO:0051174']"
GO:BP,GO:0071363,cellular response to growth factor stimulus,8.672879873184324e-06,True,"""Any process that results in a change in state or activity of a cell (in terms of movement, secretion, enzyme production, gene expression, etc.) as a result of a growth factor stimulus."" [GOC:mah]",706,7396,313,20972,0.04232017306652244,0.443342776203966,query_1,"['GO:0070848', 'GO:0071495']"
GO:BP,GO:0009653,anatomical structure morphogenesis,9.338225173780088e-06,True,"""The process in which anatomical structures are generated and organized. Morphogenesis pertains to the creation of form."" [GOC:go_curators, ISBN:0521436125]",2699,7396,1069,20972,0.14453758788534343,0.39607261948869954,query_1,"['GO:0032502', 'GO:0048856']"
GO:BP,GO:0001649,osteoblast differentiation,9.729534273478772e-06,True,"""The process whereby a relatively unspecialized cell acquires the specialized features of an osteoblast, a mesodermal or neural crest cell that gives rise to bone."" [CL:0000062, GO_REF:0000034, GOC:jid]",236,7396,121,20972,0.016360194699837752,0.5127118644067796,query_1,"['GO:0001503', 'GO:0030154']"
GO:BP,GO:0051093,negative regulation of developmental process,9.903187054123459e-06,True,"""Any process that stops, prevents or reduces the rate or extent of development, the biological process whose specific outcome is the progression of an organism over time from an initial condition (e.g. a zygote, or a young adult) to a later condition (e.g. a multicellular animal or an aged adult)."" [GOC:ai]",916,7396,395,20972,0.053407247160627364,0.43122270742358076,query_1,"['GO:0032502', 'GO:0048519', 'GO:0050793']"
GO:BP,GO:0048872,homeostasis of number of cells,1.0101080826971937e-05,True,"""Any biological process involved in the maintenance of the steady-state number of cells within a population of cells."" [GOC:isa_complete]",338,7396,164,20972,0.022174148188209845,0.48520710059171596,query_1,['GO:0048871']
GO:BP,GO:0034504,protein localization to nucleus,1.052795789341186e-05,True,"""A process in which a protein transports or maintains the localization of another protein to the nucleus."" [GOC:ecd]",319,7396,156,20972,0.021092482422931314,0.4890282131661442,query_1,['GO:0033365']
GO:BP,GO:0120031,plasma membrane bounded cell projection assembly,1.1437582493517165e-05,True,"""Formation of a prolongation or process extending and that is bounded by plasma membrane, e.g. a cilium, lamellipodium, or axon."" [GOC:krc]",602,7396,271,20972,0.03664142779881017,0.45016611295681064,query_1,"['GO:0030031', 'GO:0120036']"
GO:BP,GO:0000380,"alternative mRNA splicing, via spliceosome",1.1630939091571054e-05,True,"""The process of generating multiple mRNA molecules from a given set of exons by differential use of exons from the primary transcript(s) to form multiple mature mRNAs that vary in their exon composition."" [GOC:krc, PMID:12110900]",77,7396,49,20972,0.00662520281233099,0.6363636363636364,query_1,['GO:0000398']
GO:BP,GO:0007249,canonical NF-kappaB signal transduction,1.2666918941374606e-05,True,"""An intracellular signaling cassette characterized by the I-kappaB-kinase (IKK)-dependent activation of NF-kappaB, also known as the canonical NF-kappaB signaling cascade. The cascade begins with activation of a trimeric IKK complex (consisting of catalytic kinase subunits IKKalpha and/or IKKbeta, and the regulatory scaffold protein NEMO) and ends with the regulation of transcription of target genes by NF-kappaB. In a resting state, NF-kappaB dimers are bound to I-kappaB proteins, sequestering NF-kappaB in the cytoplasm. Phosphorylation of I-kappaB targets I-kappaB for ubiquitination and proteasomal degradation, thus releasing the NF-kappaB dimers, which can translocate to the nucleus to bind DNA and regulate transcription. The canonical NF-kappaB pathway is mainly stimulated by proinflammatory cytokines such as IL-1beta, tumor necrosis factor (TNF)-alpha, antigen ligands, and toll-like receptors (TLRs)."" [GOC:bf, PMID:12773372, PMID:34659217]",315,7396,154,20972,0.02082206598161168,0.4888888888888889,query_1,['GO:0141124']
GO:BP,GO:0008654,phospholipid biosynthetic process,1.2706267027443673e-05,True,"""The chemical reactions and pathways resulting in the formation of a phospholipid, a lipid containing phosphoric acid as a mono- or diester."" [ISBN:0198506732]",244,7396,124,20972,0.0167658193618172,0.5081967213114754,query_1,"['GO:0006644', 'GO:0008610', 'GO:0090407']"
GO:BP,GO:0002573,myeloid leukocyte differentiation,1.2706267027443673e-05,True,"""The process in which a relatively unspecialized myeloid precursor cell acquires the specialized features of any cell of the myeloid leukocyte lineage."" [GOC:add, PMID:16551251]",244,7396,124,20972,0.0167658193618172,0.5081967213114754,query_1,"['GO:0002521', 'GO:0030099']"
GO:BP,GO:0070848,response to growth factor,1.2807467678814007e-05,True,"""Any process that results in a change in state or activity of a cell or an organism (in terms of movement, secretion, enzyme production, gene expression, etc.) as a result of a growth factor stimulus."" [GOC:BHF, GOC:mah]",734,7396,323,20972,0.0436722552731206,0.44005449591280654,query_1,['GO:0009719']
GO:BP,GO:0007169,cell surface receptor protein tyrosine kinase signaling pathway,1.4029998677839231e-05,True,"""The series of molecular signals initiated by an extracellular ligand binding to a receptor on the surface of the target cell where the receptor possesses tyrosine kinase activity, and ending with the regulation of a downstream cellular process, e.g. transcription."" [GOC:ceb, GOC:signaling]",641,7396,286,20972,0.03866955110870741,0.44617784711388453,query_1,['GO:0007167']
GO:BP,GO:0042129,regulation of T cell proliferation,1.4110246189098686e-05,True,"""Any process that modulates the frequency, rate or extent of T cell proliferation."" [GOC:jl]",182,7396,97,20972,0.013115197404002164,0.532967032967033,query_1,"['GO:0042098', 'GO:0050670', 'GO:0050863']"
GO:BP,GO:0002237,response to molecule of bacterial origin,1.6414280471518236e-05,True,"""Any process that results in a change in state or activity of an organism (in terms of movement, secretion, enzyme production, gene expression, etc.) as a result of a stimulus by molecules of bacterial origin such as peptides derived from bacterial flagellin."" [GOC:rl, GOC:sm]",345,7396,166,20972,0.022444564629529474,0.4811594202898551,query_1,"['GO:0009617', 'GO:0043207']"
GO:BP,GO:0002460,adaptive immune response based on somatic recombination of immune receptors built from immunoglobulin superfamily domains,1.7595817257682715e-05,True,"""An immune response mediated by lymphocytes expressing specific receptors for antigen produced through a somatic diversification process that includes somatic recombination of germline gene segments encoding immunoglobulin superfamily domains. Recombined receptors for antigen encoded by immunoglobulin superfamily domains include T cell receptors and immunoglobulins (antibodies) produced by B cells. The first encounter with antigen elicits a primary immune response that is slow and not of great magnitude. T and B cells selected by antigen become activated and undergo clonal expansion. A fraction of antigen-reactive T and B cells become memory cells, whereas others differentiate into effector cells. The memory cells generated during the primary response enable a much faster and stronger secondary immune response upon subsequent exposures to the same antigen (immunological memory). An example of this is the adaptive immune response found in Mus musculus."" [GOC:add, GOC:mtg_sensu, ISBN:0781735149, ISBN:1405196831]",389,7396,184,20972,0.024878312601406164,0.4730077120822622,query_1,['GO:0002250']
GO:BP,GO:2000514,"regulation of CD4-positive, alpha-beta T cell activation",1.8741341882952523e-05,True,"""Any process that modulates the frequency, rate or extent of CD4-positive, alpha-beta T cell activation."" [GOC:obol]",82,7396,51,20972,0.006895619253650622,0.6219512195121951,query_1,"['GO:0035710', 'GO:0046634']"
GO:BP,GO:0016050,vesicle organization,1.9736593219979553e-05,True,"""A process that is carried out at the cellular level which results in the assembly, arrangement of constituent parts, or disassembly of a vesicle."" [GOC:mah]",392,7396,185,20972,0.025013520822065982,0.4719387755102041,query_1,['GO:0006996']
GO:BP,GO:1901873,regulation of post-translational protein modification,2.002420180595739e-05,True,"""Any process that modulates the frequency, rate or extent of post-translational protein modification."" [GOC:TermGenie, GOC:yaf, PMID:21209915]",241,7396,122,20972,0.016495402920497566,0.5062240663900415,query_1,"['GO:0031399', 'GO:0043687']"
GO:BP,GO:0022408,negative regulation of cell-cell adhesion,2.0962939103842555e-05,True,"""Any process that stops, prevents or reduces the rate or extent of cell adhesion to another cell."" [GOC:isa_complete]",197,7396,103,20972,0.01392644672796106,0.5228426395939086,query_1,"['GO:0007162', 'GO:0022407', 'GO:0098609']"
GO:BP,GO:0051174,regulation of phosphorus metabolic process,2.162516078208247e-05,True,"""Any process that modulates the frequency, rate or extent of the chemical reactions and pathways involving phosphorus or compounds containing phosphorus."" [GOC:ai]",702,7396,309,20972,0.04177934018388318,0.44017094017094016,query_1,"['GO:0006793', 'GO:0019222']"
GO:BP,GO:0044843,cell cycle G1/S phase transition,2.189066199710472e-05,True,"""The cell cycle process by which a cell in G1 phase commits to S phase."" [GOC:mtg_cell_cycle]",239,7396,121,20972,0.016360194699837752,0.5062761506276151,query_1,['GO:0044770']
GO:BP,GO:0043087,regulation of GTPase activity,2.2085555143063432e-05,True,"""Any process that modulates the rate of GTP hydrolysis by a GTPase."" [GOC:jl, GOC:mah]",188,7396,99,20972,0.013385613845321796,0.526595744680851,query_1,['GO:0051336']
GO:BP,GO:0007010,cytoskeleton organization,2.311240993523016e-05,True,"""A process that is carried out at the cellular level which results in the assembly, arrangement of constituent parts, or disassembly of cytoskeletal structures."" [GOC:dph, GOC:jl, GOC:mah]",1534,7396,629,20972,0.08504597079502434,0.41003911342894395,query_1,['GO:0006996']
GO:BP,GO:0043122,regulation of canonical NF-kappaB signal transduction,2.3875154659103223e-05,True,"""Any process that modulates the canonical NF-kappaB signaling cascade."" [GOC:jl, PMID:12773372]",301,7396,147,20972,0.01987560843699297,0.4883720930232558,query_1,"['GO:0007249', 'GO:1902531']"
GO:BP,GO:0050821,protein stabilization,2.4045882796849383e-05,True,"""Any process involved in maintaining the structure and integrity of a protein and preventing it from degradation or aggregation."" [GOC:ai]",230,7396,117,20972,0.015819361817198486,0.508695652173913,query_1,['GO:0031647']
GO:BP,GO:0043069,negative regulation of programmed cell death,2.4393147854068644e-05,True,"""Any process that stops, prevents, or reduces the frequency, rate or extent of programmed cell death, cell death resulting from activation of endogenous cellular processes."" [GOC:jl]",887,7396,381,20972,0.05151433207138994,0.4295377677564825,query_1,"['GO:0012501', 'GO:0043067', 'GO:0048523']"
GO:BP,GO:0050868,negative regulation of T cell activation,2.4538249326119678e-05,True,"""Any process that stops, prevents, or reduces the frequency, rate or extent of T cell activation."" [GOC:ai]",132,7396,74,20972,0.010005408328826392,0.5606060606060606,query_1,"['GO:0042110', 'GO:0050863', 'GO:0051250', 'GO:1903038']"
GO:BP,GO:0002706,regulation of lymphocyte mediated immunity,2.477354819458022e-05,True,"""Any process that modulates the frequency, rate, or extent of lymphocyte mediated immunity."" [GOC:add]",193,7396,101,20972,0.013656030286641427,0.5233160621761658,query_1,"['GO:0002449', 'GO:0002703']"
GO:BP,GO:0042221,response to chemical,2.509010029574576e-05,True,"""Any process that results in a change in state or activity of a cell or an organism (in terms of movement, secretion, enzyme production, gene expression, etc.) as a result of a chemical stimulus."" [GOC:jl]",3863,7396,1492,20972,0.20173066522444566,0.3862283199585814,query_1,['GO:0050896']
GO:BP,GO:0030334,regulation of cell migration,2.5128352619879318e-05,True,"""Any process that modulates the frequency, rate or extent of cell migration."" [GOC:go_curators]",944,7396,403,20972,0.054488912925905894,0.4269067796610169,query_1,"['GO:0016477', 'GO:2000145']"
GO:BP,GO:0002702,positive regulation of production of molecular mediator of immune response,2.5553769859872755e-05,True,"""Any process that activates or increases the frequency, rate, or extent of the production of molecular mediator of immune response."" [GOC:add]",141,7396,78,20972,0.010546241211465657,0.5531914893617021,query_1,"['GO:0002440', 'GO:0002699', 'GO:0002700', 'GO:0010628']"
GO:BP,GO:0006979,response to oxidative stress,2.6278657097351145e-05,True,"""Any process that results in a change in state or activity of a cell or an organism (in terms of movement, secretion, enzyme production, gene expression, etc.) as a result of oxidative stress, a state often resulting from exposure to high levels of reactive oxygen species, e.g. superoxide anions, hydrogen peroxide (H2O2), and hydroxyl radicals."" [GOC:jl, PMID:12115731]",374,7396,177,20972,0.02393185505678745,0.4732620320855615,query_1,['GO:0006950']
GO:BP,GO:0042254,ribosome biogenesis,2.6974047483933397e-05,True,"""A cellular process that results in the biosynthesis of constituent macromolecules, assembly, and arrangement of constituent parts of ribosome subunits; includes transport to the sites of protein synthesis."" [GOC:ma, PMID:26404467, Wikipedia:Ribosome_biogenesis]",316,7396,153,20972,0.020686857760951867,0.48417721518987344,query_1,['GO:0022613']
GO:BP,GO:0002443,leukocyte mediated immunity,2.7036560932349696e-05,True,"""Any process involved in the carrying out of an immune response by a leukocyte."" [GO_REF:0000022, GOC:add, ISBN:0781735149]",475,7396,218,20972,0.029475392103839912,0.4589473684210526,query_1,['GO:0002252']
GO:BP,GO:1902806,regulation of cell cycle G1/S phase transition,2.7036560932349696e-05,True,"""Any signaling pathway that modulates the activity of a cell cycle cyclin-dependent protein kinase to modulate the switch from G1 phase to S phase of the cell cycle."" [GO_REF:0000058, GOC:mtg_cell_cycle, GOC:TermGenie]",175,7396,93,20972,0.012574364521362898,0.5314285714285715,query_1,"['GO:0044843', 'GO:1901987']"
GO:BP,GO:0042093,T-helper cell differentiation,2.903253748876529e-05,True,"""The process in which a relatively unspecialized thymocyte acquires specialized features of a T-helper cell."" [GOC:ebc]",85,7396,52,20972,0.007030827474310438,0.611764705882353,query_1,['GO:0043367']
GO:BP,GO:0046474,glycerophospholipid biosynthetic process,3.0114702980454935e-05,True,"""The chemical reactions and pathways resulting in the formation of glycerophospholipids, any derivative of glycerophosphate that contains at least one O-acyl, O-alkyl, or O-alkenyl group attached to the glycerol residue."" [ISBN:0198506732]",196,7396,102,20972,0.013791238507301243,0.5204081632653061,query_1,"['GO:0006650', 'GO:0008654', 'GO:0045017']"
GO:BP,GO:0022603,regulation of anatomical structure morphogenesis,3.0336016590124984e-05,True,"""Any process that modulates the frequency, rate or extent of anatomical structure morphogenesis."" [GOC:mah]",822,7396,355,20972,0.047998918334234725,0.4318734793187348,query_1,"['GO:0009653', 'GO:0050793']"
GO:BP,GO:0045621,positive regulation of lymphocyte differentiation,3.2307517959383684e-05,True,"""Any process that activates or increases the frequency, rate or extent of lymphocyte differentiation."" [GOC:go_curators]",135,7396,75,20972,0.010140616549486208,0.5555555555555556,query_1,"['GO:0030098', 'GO:0045619', 'GO:0051251', 'GO:1902107']"
GO:BP,GO:0141188,nucleic acid catabolic process,3.2307517959383684e-05,True,"""The cellular DNA metabolic process resulting in the breakdown of a nucleic acid."" [GOC:curators]",341,7396,163,20972,0.022038939967550027,0.4780058651026393,query_1,"['GO:0009057', 'GO:0034655', 'GO:0090304']"
GO:BP,GO:0043066,negative regulation of apoptotic process,3.277943782992663e-05,True,"""Any process that stops, prevents, or reduces the frequency, rate or extent of cell death by apoptotic process."" [GOC:jl, GOC:mtg_apoptosis]",856,7396,368,20972,0.04975662520281233,0.42990654205607476,query_1,"['GO:0006915', 'GO:0042981', 'GO:0043069']"
GO:BP,GO:1903320,regulation of protein modification by small protein conjugation or removal,3.332215648481197e-05,True,"""Any process that modulates the frequency, rate or extent of protein modification by small protein conjugation or removal."" [GO_REF:0000058, GOC:TermGenie, GOC:vw]",236,7396,119,20972,0.01608977825851812,0.5042372881355932,query_1,"['GO:0070647', 'GO:1901873']"
GO:BP,GO:0002440,production of molecular mediator of immune response,3.363889463002294e-05,True,"""The synthesis or release of any molecular mediator of the immune response, resulting in an increase in its intracellular or extracellular levels."" [GO_REF:0000022, GOC:add, ISBN:0781735149]",229,7396,116,20972,0.01568415359653867,0.5065502183406113,query_1,"['GO:0002376', 'GO:0010467']"
GO:BP,GO:0040012,regulation of locomotion,3.808082200640869e-05,True,"""Any process that modulates the frequency, rate or extent of locomotion of a cell or organism."" [GOC:ems]",1046,7396,441,20972,0.05962682531097891,0.4216061185468451,query_1,"['GO:0040011', 'GO:0050789']"
GO:BP,GO:0002263,cell activation involved in immune response,3.8461142852982485e-05,True,"""A change in the morphology or behavior of a cell resulting from exposure to an activating factor such as a cellular or soluble ligand, leading to the initiation or perpetuation of an immune response."" [GO_REF:0000022, GOC:add, ISBN:0781735149]",308,7396,149,20972,0.0201460248783126,0.4837662337662338,query_1,"['GO:0001775', 'GO:0002252', 'GO:0006955']"
GO:BP,GO:0044403,biological process involved in symbiotic interaction,3.922229706872998e-05,True,"""A process carried out by gene products in an organism that enable the organism to engage in a symbiotic relationship, a more or less intimate association, with another organism. The various forms of symbiosis include parasitism, in which the association is disadvantageous or destructive to one of the organisms; mutualism, in which the association is advantageous, or often necessary to one or both and not harmful to either; and commensalism, in which one member of the association benefits while the other is not affected. However, mutualism, parasitism, and commensalism are often not discrete categories of interactions and should rather be perceived as a continuum of interaction ranging from parasitism to mutualism. In fact, the direction of a symbiotic interaction can change during the lifetime of the symbionts due to developmental changes as well as changes in the biotic/abiotic environment in which the interaction occurs. Microscopic symbionts are often referred to as endosymbionts."" [GOC:cc, PMID:31257129]",190,7396,99,20972,0.013385613845321796,0.5210526315789473,query_1,['GO:0044419']
GO:BP,GO:0051336,regulation of hydrolase activity,3.980592035780147e-05,True,"""Any process that modulates the frequency, rate or extent of hydrolase activity, the catalysis of the hydrolysis of various bonds, e.g. C-O, C-N, C-C, phosphoric anhydride bonds, etc. Hydrolase is the systematic name for any enzyme of EC class 3."" [GOC:ai]",277,7396,136,20972,0.01838831800973499,0.49097472924187724,query_1,['GO:0050790']
GO:BP,GO:0032479,regulation of type I interferon production,4.419793942580034e-05,True,"""Any process that modulates the frequency, rate, or extent of interferon type I production. Type I interferons include the interferon-alpha, beta, delta, episilon, zeta, kappa, tau, and omega gene families."" [GOC:add, GOC:mah]",127,7396,71,20972,0.009599783666846945,0.5590551181102362,query_1,"['GO:0001817', 'GO:0032606']"
GO:BP,GO:0032606,type I interferon production,4.419793942580034e-05,True,"""The appearance of type I interferon due to biosynthesis or secretion following a cellular stimulus, resulting in an increase in its intracellular or extracellular levels. Type I interferons include the interferon-alpha, beta, delta, episilon, zeta, kappa, tau, and omega gene families."" [GOC:add, ISBN:0126896631, PMID:15546383, PMID:16681834]",127,7396,71,20972,0.009599783666846945,0.5590551181102362,query_1,['GO:0001816']
GO:BP,GO:0007162,negative regulation of cell adhesion,4.419793942580034e-05,True,"""Any process that stops, prevents, or reduces the frequency, rate or extent of cell adhesion."" [GOC:go_curators]",287,7396,140,20972,0.018929150892374257,0.4878048780487805,query_1,"['GO:0007155', 'GO:0030155', 'GO:0048523']"
GO:BP,GO:0043161,proteasome-mediated ubiquitin-dependent protein catabolic process,4.491543526420399e-05,True,"""The chemical reactions and pathways resulting in the breakdown of a protein or peptide by hydrolysis of its peptide bonds, initiated by the covalent attachment of ubiquitin, and mediated by the proteasome."" [GOC:go_curators]",468,7396,214,20972,0.02893455922120065,0.45726495726495725,query_1,"['GO:0006511', 'GO:0010498']"
GO:BP,GO:1901988,negative regulation of cell cycle phase transition,4.5045350782939445e-05,True,"""Any process that stops, prevents or reduces the frequency, rate or extent of cell cycle phase transition."" [GOC:mtg_cell_cycle, GOC:TermGenie, PMID:22841721]",249,7396,124,20972,0.0167658193618172,0.4979919678714859,query_1,"['GO:0010948', 'GO:0044770', 'GO:1901987']"
GO:BP,GO:0019725,cellular homeostasis,4.5126399272096825e-05,True,"""Any process involved in the maintenance of an internal steady state at the level of the cell."" [GOC:isa_complete, GOC:jl, ISBN:0395825172]",738,7396,321,20972,0.04340183883180097,0.4349593495934959,query_1,['GO:0042592']
GO:BP,GO:0002366,leukocyte activation involved in immune response,4.5616540553617314e-05,True,"""A change in morphology and behavior of a leukocyte resulting from exposure to a specific antigen, mitogen, cytokine, cellular ligand, or soluble factor, leading to the initiation or perpetuation of an immune response."" [GOC:add, ISBN:0781735149]",304,7396,147,20972,0.01987560843699297,0.48355263157894735,query_1,"['GO:0002263', 'GO:0045321']"
GO:BP,GO:0032496,response to lipopolysaccharide,4.840893647200192e-05,True,"""Any process that results in a change in state or activity of an organism (in terms of movement, secretion, enzyme production, gene expression, etc.) as a result of a lipopolysaccharide stimulus; lipopolysaccharide is a major component of the cell wall of gram-negative bacteria."" [GOC:add, ISBN:0721601464]",326,7396,156,20972,0.021092482422931314,0.4785276073619632,query_1,"['GO:0002237', 'GO:0033993', 'GO:1901700']"
GO:BP,GO:0000209,protein polyubiquitination,4.915602862771857e-05,True,"""Addition of multiple ubiquitin groups to a protein, forming a ubiquitin chain."" [PMID:26906419]",266,7396,131,20972,0.01771227690643591,0.4924812030075188,query_1,['GO:0016567']
GO:BP,GO:0009896,positive regulation of catabolic process,4.927477529750768e-05,True,"""Any process that activates or increases the frequency, rate or extent of the chemical reactions and pathways resulting in the breakdown of substances."" [GOC:go_curators]",536,7396,241,20972,0.03258518117901568,0.4496268656716418,query_1,"['GO:0009056', 'GO:0009893', 'GO:0009894']"
GO:BP,GO:0001503,ossification,4.9385351552731935e-05,True,"""The formation of bone or of a bony substance, or the conversion of fibrous tissue or of cartilage into bone or a bony substance."" [GOC:mtg_mpo, PMID:17572649]",424,7396,196,20972,0.02650081124932396,0.46226415094339623,query_1,['GO:0032501']
GO:BP,GO:0009892,negative regulation of metabolic process,4.950637872965889e-05,True,"""Any process that stops, prevents, or reduces the frequency, rate or extent of the chemical reactions and pathways within a cell or an organism."" [GOC:go_curators]",3276,7396,1273,20972,0.1721200648999459,0.3885836385836386,query_1,"['GO:0008152', 'GO:0019222', 'GO:0048523']"
GO:BP,GO:0002718,regulation of cytokine production involved in immune response,5.087397385097597e-05,True,"""Any process that modulates the frequency, rate, or extent of cytokine production that contributes to an immune response."" [GOC:add]",123,7396,69,20972,0.009329367225527312,0.5609756097560976,query_1,"['GO:0001817', 'GO:0002367', 'GO:0002700']"
GO:BP,GO:0002367,cytokine production involved in immune response,5.087397385097597e-05,True,"""The appearance of a cytokine due to biosynthesis or secretion following a cellular stimulus contributing to an immune response, resulting in an increase in its intracellular or extracellular levels."" [GO_REF:0000022, GOC:add, ISBN:0781735149]",123,7396,69,20972,0.009329367225527312,0.5609756097560976,query_1,"['GO:0001816', 'GO:0002440', 'GO:0006955']"
GO:BP,GO:0097435,supramolecular fiber organization,5.16477738768299e-05,True,"""A process that is carried out at the cellular level which results in the assembly, arrangement of constituent parts, or disassembly of a supramolecular fiber, a polymer consisting of an indefinite number of protein or protein complex subunits that have polymerised to form a fiber-shaped structure."" [GOC:pr]",798,7396,344,20972,0.046511627906976744,0.43107769423558895,query_1,['GO:0016043']
GO:BP,GO:0043254,regulation of protein-containing complex assembly,5.3494578407584307e-05,True,"""Any process that modulates the frequency, rate or extent of protein complex assembly."" [GOC:jl]",422,7396,195,20972,0.026365603028664142,0.46208530805687204,query_1,"['GO:0044087', 'GO:0051128', 'GO:0065003']"
GO:BP,GO:0007059,chromosome segregation,5.4544884223465035e-05,True,"""The process in which genetic material, in the form of chromosomes, is organized into specific structures and then physically separated and apportioned to two or more sets. In eukaryotes, chromosome segregation begins with the condensation of chromosomes, includes chromosome separation, and ends when chromosomes have completed movement to the spindle poles."" [GOC:jl, GOC:mah, GOC:mtg_cell_cycle, GOC:vw]",432,7396,199,20972,0.026906435911303407,0.46064814814814814,query_1,['GO:0022402']
GO:BP,GO:0006401,RNA catabolic process,5.5206218791257104e-05,True,"""The chemical reactions and pathways resulting in the breakdown of RNA, ribonucleic acid, one of the two main type of nucleic acid, consisting of a long, unbranched macromolecule formed from ribonucleotides joined in 3',5'-phosphodiester linkage."" [ISBN:0198506732]",317,7396,152,20972,0.02055164954029205,0.4794952681388013,query_1,"['GO:0016070', 'GO:0141188']"
GO:BP,GO:0048878,chemical homeostasis,5.6784243189365174e-05,True,"""Any biological process involved in the maintenance of an internal steady state of a chemical."" [GOC:isa_complete]",951,7396,403,20972,0.054488912925905894,0.4237644584647739,query_1,['GO:0042592']
GO:BP,GO:0060341,regulation of cellular localization,5.771177370489908e-05,True,"""Any process that modulates the frequency, rate or extent of a process in which a cell, a substance, or a cellular entity is transported to, or maintained in a specific location within or in the membrane of a cell."" [GOC:dph, GOC:tb]",517,7396,233,20972,0.03150351541373716,0.4506769825918762,query_1,"['GO:0032879', 'GO:0050794', 'GO:0051641']"
GO:BP,GO:0033157,regulation of intracellular protein transport,5.8802033951578315e-05,True,"""Any process that modulates the frequency, rate or extent of the directed movement of proteins within cells."" [GOC:mah]",148,7396,80,20972,0.01081665765278529,0.5405405405405406,query_1,"['GO:0006886', 'GO:0032386', 'GO:0051223']"
GO:BP,GO:0016055,Wnt signaling pathway,6.162662139675878e-05,True,"""The series of molecular signals initiated by binding of a Wnt protein to a frizzled family receptor on the surface of a target cell and ending with a change in cell state."" [PMID:11532397]",460,7396,210,20972,0.028393726338561385,0.45652173913043476,query_1,['GO:0007166']
GO:BP,GO:0002287,alpha-beta T cell activation involved in immune response,6.162662139675878e-05,True,"""The change in morphology and behavior of an alpha-beta T cell resulting from exposure to a mitogen, cytokine, chemokine, cellular ligand, or an antigen for which it is specific, leading to the initiation or perpetuation of an immune response."" [GOC:add, ISBN:0781735149]",72,7396,45,20972,0.006084369929691726,0.625,query_1,"['GO:0002286', 'GO:0046631']"
GO:BP,GO:0007599,hemostasis,6.173980573883031e-05,True,"""The stopping of bleeding (loss of body fluid) or the arrest of the circulation to an organ or part."" [ISBN:0198506732]",248,7396,123,20972,0.01663061114115738,0.4959677419354839,query_1,['GO:0050878']
GO:BP,GO:0031344,regulation of cell projection organization,6.638994165501703e-05,True,"""Any process that modulates the frequency, rate or extent of a process involved in the formation, arrangement of constituent parts, or disassembly of cell projections."" [GOC:mah]",639,7396,281,20972,0.03799351000540833,0.4397496087636933,query_1,"['GO:0030030', 'GO:0051128']"
GO:BP,GO:0010332,response to gamma radiation,6.716518047632933e-05,True,"""Any process that results in a change in state or activity of a cell or an organism (in terms of movement, secretion, enzyme production, gene expression, etc.) as a result of a gamma radiation stimulus. Gamma radiation is a form of electromagnetic radiation (EMR) or light emission of a specific frequency produced from sub-atomic particle interaction, such as electron-positron annihilation and radioactive decay. Gamma rays are generally characterized as EMR having the highest frequency and energy, and also the shortest wavelength, within the electromagnetic radiation spectrum."" [GOC:tair_curators]",50,7396,34,20972,0.004597079502433748,0.68,query_1,['GO:0010212']
GO:BP,GO:0051640,organelle localization,6.99096548512031e-05,True,"""Any process in which an organelle is transported to, and/or maintained in, a specific location."" [GOC:ai]",614,7396,271,20972,0.03664142779881017,0.44136807817589574,query_1,['GO:0051179']
GO:BP,GO:0071705,nitrogen compound transport,7.139576448087096e-05,True,"""The directed movement of nitrogen-containing compounds into, out of or within a cell, or between cells, by means of some agent such as a transporter or pore."" [GOC:mah]",798,7396,343,20972,0.04637641968631693,0.4298245614035088,query_1,['GO:0006810']
GO:BP,GO:0006892,post-Golgi vesicle-mediated transport,7.392074596179984e-05,True,"""The directed movement of substances from the Golgi to other parts of the cell, including organelles and the plasma membrane, mediated by small transport vesicles."" [GOC:ai, GOC:mah]",113,7396,64,20972,0.008653326122228232,0.5663716814159292,query_1,['GO:0048193']
GO:BP,GO:0055085,transmembrane transport,7.515628245052184e-05,True,"""The process in which a solute is transported across a lipid bilayer, from one side of a membrane to the other."" [GOC:dph, GOC:jid]",1555,7396,632,20972,0.08545159545700379,0.4064308681672026,query_1,"['GO:0006810', 'GO:0009987']"
GO:BP,GO:0002720,positive regulation of cytokine production involved in immune response,8.060230187776385e-05,True,"""Any process that activates or increases the frequency, rate, or extent of cytokine production that contributes to an immune response."" [GOC:add]",83,7396,50,20972,0.006760411032990805,0.6024096385542169,query_1,"['GO:0001819', 'GO:0002367', 'GO:0002702', 'GO:0002718']"
GO:BP,GO:0002224,toll-like receptor signaling pathway,8.50205892310229e-05,True,"""The series of molecular signals initiated by a ligand binding to a toll-like receptor of a target cell. Toll-like receptors directly bind pattern motifs from a variety of microbial sources to initiate an innate immune response."" [GO_REF:0000022, GOC:add, ISBN:0781735149, PMID:12467241, PMID:12524386, PMID:12855817, PMID:15585605, PMID:15728447]",81,7396,49,20972,0.00662520281233099,0.6049382716049383,query_1,['GO:0002221']
GO:BP,GO:0007015,actin filament organization,8.646730435040111e-05,True,"""A process that is carried out at the cellular level which results in the assembly, arrangement of constituent parts, or disassembly of cytoskeletal structures comprising actin filaments. Includes processes that control the spatial distribution of actin filaments, such as organizing filaments into meshworks, bundles, or other structures, as by cross-linking."" [GOC:mah]",457,7396,208,20972,0.028123309897241752,0.4551422319474836,query_1,"['GO:0030036', 'GO:0097435']"
GO:BP,GO:0001818,negative regulation of cytokine production,8.74967002459936e-05,True,"""Any process that stops, prevents, or reduces the rate of production of a cytokine."" [GOC:add, ISBN:0781735149]",295,7396,142,20972,0.01919956733369389,0.48135593220338985,query_1,"['GO:0001816', 'GO:0001817', 'GO:0010629', 'GO:0051241']"
GO:BP,GO:0006260,DNA replication,9.076632355685105e-05,True,"""The cellular metabolic process in which a cell duplicates one or more molecules of DNA. DNA replication begins when specific sequences, known as origins of replication, are recognized and bound by the origin recognition complex, and ends when the original DNA molecule has been completely duplicated and the copies topologically separated. The unit of replication usually corresponds to the genome of the cell, an organelle, or a virus. The template for replication can either be an existing DNA molecule or RNA."" [GOC:mah]",300,7396,144,20972,0.019469983775013522,0.48,query_1,['GO:0006259']
GO:BP,GO:0032102,negative regulation of response to external stimulus,9.353871538793097e-05,True,"""Any process that stops, prevents, or reduces the frequency, rate or extent of a response to an external stimulus."" [GOC:mah]",393,7396,182,20972,0.024607896160086535,0.4631043256997455,query_1,"['GO:0009605', 'GO:0032101', 'GO:0048585']"
GO:BP,GO:2000145,regulation of cell motility,9.62835127182e-05,True,"""Any process that modulates the frequency, rate or extent of cell motility."" [GOC:mah]",1005,7396,422,20972,0.0570578691184424,0.4199004975124378,query_1,"['GO:0040012', 'GO:0048870', 'GO:0050794']"
GO:BP,GO:0022604,regulation of cell morphogenesis,0.00011392666694862218,True,"""Any process that modulates the frequency, rate or extent of cell morphogenesis. Cell morphogenesis is the developmental process in which the shape of a cell is generated and organized."" [GOC:isa_complete]",241,7396,119,20972,0.01608977825851812,0.49377593360995853,query_1,"['GO:0000902', 'GO:0022603']"
GO:BP,GO:0007596,blood coagulation,0.00011392666694862218,True,"""The sequential process in which the multiple coagulation factors of the blood interact, ultimately resulting in the formation of an insoluble fibrin clot; it may be divided into three stages: stage 1, the formation of intrinsic and extrinsic prothrombin converting principle; stage 2, the formation of thrombin; stage 3, the formation of stable fibrin polymers."" [PMID:30700128]",241,7396,119,20972,0.01608977825851812,0.49377593360995853,query_1,"['GO:0007599', 'GO:0042060', 'GO:0050817']"
GO:BP,GO:0032388,positive regulation of intracellular transport,0.00011590679560314692,True,"""Any process that activates or increases the frequency, rate or extent of the directed movement of substances within cells."" [GOC:mah]",132,7396,72,20972,0.009734991887506761,0.5454545454545454,query_1,"['GO:0032386', 'GO:0046907', 'GO:0048522', 'GO:0051050']"
GO:BP,GO:0048638,regulation of developmental growth,0.00011636334187813324,True,"""Any process that modulates the frequency, rate or extent of developmental growth."" [GOC:go_curators]",306,7396,146,20972,0.019740400216333154,0.477124183006536,query_1,"['GO:0040008', 'GO:0048589', 'GO:0050793']"
GO:BP,GO:0120035,regulation of plasma membrane bounded cell projection organization,0.0001237415667936529,True,"""Any process that modulates the frequency, rate or extent of a process involved in the formation, arrangement of constituent parts, or disassembly of plasma membrane bounded cell projections."" [GOC:krc]",623,7396,273,20972,0.0369118442401298,0.43820224719101125,query_1,"['GO:0031344', 'GO:0120036']"
GO:BP,GO:0017148,negative regulation of translation,0.00012590546143875078,True,"""Any process that stops, prevents, or reduces the frequency, rate or extent of the chemical reactions and pathways resulting in the formation of proteins by the translation of mRNA or circRNA."" [GOC:isa_complete]",130,7396,71,20972,0.009599783666846945,0.5461538461538461,query_1,"['GO:0006412', 'GO:0006417', 'GO:0010629', 'GO:0051248']"
GO:BP,GO:0042770,signal transduction in response to DNA damage,0.00012953387597864399,True,"""A cascade of processes induced by the detection of DNA damage within a cell."" [GOC:go_curators]",192,7396,98,20972,0.01325040562466198,0.5104166666666666,query_1,"['GO:0006974', 'GO:0035556']"
GO:BP,GO:0042325,regulation of phosphorylation,0.00013082896084938908,True,"""Any process that modulates the frequency, rate or extent of addition of phosphate groups into a molecule."" [GOC:jl]",560,7396,248,20972,0.0335316387236344,0.44285714285714284,query_1,"['GO:0016310', 'GO:0051174']"
GO:BP,GO:0002699,positive regulation of immune effector process,0.0001330462731187707,True,"""Any process that activates or increases the frequency, rate, or extent of an immune effector process."" [GOC:add]",256,7396,125,20972,0.016901027582477014,0.48828125,query_1,"['GO:0002252', 'GO:0002684', 'GO:0002697']"
GO:BP,GO:0002292,T cell differentiation involved in immune response,0.00013447753313329685,True,"""The process in which an antigenically naive T cell acquires the specialized features of an effector, regulatory, or memory T cell as part of an immune response. Effector T cells include cells which provide T cell help or exhibit cytotoxicity towards other cells."" [GOC:add, ISBN:0781735149]",82,7396,49,20972,0.00662520281233099,0.5975609756097561,query_1,"['GO:0002286', 'GO:0030217']"
GO:BP,GO:0050727,regulation of inflammatory response,0.00013447753313329685,True,"""Any process that modulates the frequency, rate or extent of the inflammatory response, the immediate defensive reaction (by vertebrate tissue) to infection or injury caused by chemical or physical agents."" [GOC:ai]",395,7396,182,20972,0.024607896160086535,0.4607594936708861,query_1,"['GO:0006954', 'GO:0031347', 'GO:0032101']"
GO:BP,GO:0009725,response to hormone,0.0001348949526511475,True,"""Any process that results in a change in state or activity of a cell or an organism (in terms of movement, secretion, enzyme production, gene expression, etc.) as a result of a hormone stimulus."" [GOC:jl]",904,7396,382,20972,0.05164954029204975,0.4225663716814159,query_1,"['GO:0009719', 'GO:0042221']"
GO:BP,GO:0008360,regulation of cell shape,0.00013544002373516066,True,"""Any process that modulates the surface configuration of a cell."" [GOC:dph, GOC:go_curators, GOC:tb]",137,7396,74,20972,0.010005408328826392,0.5401459854014599,query_1,"['GO:0022604', 'GO:0065008']"
GO:BP,GO:0051701,biological process involved in interaction with host,0.00013840440651418656,True,"""An interaction between two organisms living together in more or less intimate association. The term host is used for the larger (macro) of the two members of a symbiosis; the various forms of symbiosis include parasitism, commensalism and mutualism."" [GOC:cc]",176,7396,91,20972,0.012303948080043267,0.5170454545454546,query_1,['GO:0044403']
GO:BP,GO:0016072,rRNA metabolic process,0.00013840440651418656,True,"""The chemical reactions and pathways involving rRNA, ribosomal RNA, a structural constituent of ribosomes."" [ISBN:0198506732]",261,7396,127,20972,0.017171444023796646,0.48659003831417624,query_1,['GO:0016070']
GO:BP,GO:0009617,response to bacterium,0.00014938807559895906,True,"""Any process that results in a change in state or activity of a cell or an organism (in terms of movement, secretion, enzyme production, gene expression, etc.) as a result of a stimulus from a bacterium."" [GOC:hb]",719,7396,310,20972,0.041914548404543,0.43115438108484005,query_1,['GO:0051707']
GO:BP,GO:2001233,regulation of apoptotic signaling pathway,0.0001536675861352613,True,"""Any process that modulates the frequency, rate or extent of apoptotic signaling pathway."" [GOC:mtg_apoptosis]",376,7396,174,20972,0.023526230394808004,0.4627659574468085,query_1,"['GO:0009966', 'GO:0042981', 'GO:0097190']"
GO:BP,GO:0006302,double-strand break repair,0.0001536675861352613,True,"""The repair of double-strand breaks in DNA via homologous and nonhomologous mechanisms to reform a continuous DNA helix."" [GOC:elh]",322,7396,152,20972,0.02055164954029205,0.4720496894409938,query_1,['GO:0006281']
GO:BP,GO:0060070,canonical Wnt signaling pathway,0.000159342927905738,True,"""A type of Wnt signaling pathway in which Wnt binding to its receptor on the surface of a target cell results in the by propagation of the molecular signals via beta-catenin, and end with a change in transcription of target genes. In this pathway, the activated receptor signals via downstream effectors that result in the inhibition of beta-catenin phosphorylation, thereby preventing degradation of beta-catenin. Stabilized beta-catenin can then accumulate and travel to the nucleus to trigger changes in transcription of target genes."" [PMID:11532397, PMID:19619488]",310,7396,147,20972,0.01987560843699297,0.47419354838709676,query_1,['GO:0016055']
GO:BP,GO:0090316,positive regulation of intracellular protein transport,0.00016100421406688815,True,"""Any process that activates or increases the frequency, rate or extent of the directed movement of proteins within cells."" [GOC:tb]",91,7396,53,20972,0.007166035694970254,0.5824175824175825,query_1,"['GO:0006886', 'GO:0032388', 'GO:0033157', 'GO:0051222']"
GO:BP,GO:0007179,transforming growth factor beta receptor signaling pathway,0.00016328555413620165,True,"""The series of molecular signals initiated by an extracellular ligand binding to a transforming growth factor beta receptor on the surface of a target cell, and ending with the regulation of a downstream cellular process, e.g. transcription."" [GOC:BHF, GOC:mah, GOC:signaling]",207,7396,104,20972,0.014061654948620876,0.5024154589371981,query_1,"['GO:0071560', 'GO:0141091']"
GO:BP,GO:0002456,T cell mediated immunity,0.00017456074717888193,True,"""Any process involved in the carrying out of an immune response by a T cell."" [GO_REF:0000022, GOC:add, ISBN:0781735149]",131,7396,71,20972,0.009599783666846945,0.5419847328244275,query_1,"['GO:0002449', 'GO:0002460']"
GO:BP,GO:0044093,positive regulation of molecular function,0.00017642449602498576,True,"""Any process that activates or increases the rate or extent of a molecular function, an elemental biological activity occurring at the molecular level, such as catalysis or binding."" [GO:jl]",590,7396,259,20972,0.03501892915089237,0.43898305084745765,query_1,['GO:0065009']
GO:BP,GO:0002520,immune system development,0.0001788358216728084,True,"""The process whose specific outcome is the progression of an organismal system whose objective is to provide calibrated responses by an organism to a potential internal or invasive threat, over time, from its formation to the mature structure. A system is a regularly interacting or interdependent group of organs or tissues that work together to carry out a given biological process."" [GOC:add, GOC:dph]",205,7396,103,20972,0.01392644672796106,0.5024390243902439,query_1,"['GO:0002376', 'GO:0048731']"
GO:BP,GO:0042060,wound healing,0.00018084133097862214,True,"""The series of events that restore integrity to a damaged tissue, following an injury."" [GOC:bf, PMID:15269788]",439,7396,199,20972,0.026906435911303407,0.4533029612756264,query_1,['GO:0009611']
GO:BP,GO:0141091,transforming growth factor beta receptor superfamily signaling pathway,0.00018460565639862175,True,"""The series of molecular signals initiated by an extracellular ligand binding to a member of the transforming growth factor receptor superfamily, and ending with the regulation of a downstream cellular process, e.g. transcription."" [PMID:22651914, PMID:28096268]",345,7396,161,20972,0.021768523526230394,0.4666666666666667,query_1,['GO:0007178']
GO:BP,GO:0030168,platelet activation,0.00018626399896891355,True,"""A series of progressive, overlapping events triggered by exposure of the platelets to subendothelial tissue. These events include shape change, adhesiveness, aggregation, and release reactions. When carried through to completion, these events lead to the formation of a stable hemostatic plug."" [PMID:27403440]",138,7396,74,20972,0.010005408328826392,0.5362318840579711,query_1,"['GO:0001775', 'GO:0007596']"
GO:BP,GO:0032386,regulation of intracellular transport,0.000188185316073264,True,"""Any process that modulates the frequency, rate or extent of the directed movement of substances within cells."" [GOC:mah]",260,7396,126,20972,0.01703623580313683,0.4846153846153846,query_1,"['GO:0046907', 'GO:0051049', 'GO:0060341']"
GO:BP,GO:1902600,proton transmembrane transport,0.00020005684777419204,True,"""The directed movement of a proton across a membrane."" [GO_REF:0000069, GOC:pr, GOC:TermGenie]",189,7396,96,20972,0.012979989183342347,0.5079365079365079,query_1,['GO:0098655']
GO:BP,GO:0045058,T cell selection,0.00020324184382301182,True,"""The process in which T cells that express T cell receptors that are restricted by self MHC protein complexes and tolerant to self antigens are selected for further maturation."" [ISBN:0781735149, PMID:12414722]",64,7396,40,20972,0.005408328826392645,0.625,query_1,"['GO:0002376', 'GO:0030217']"
GO:BP,GO:0050817,coagulation,0.0002051221783397407,True,"""The process in which a fluid solution, or part of it, changes into a solid or semisolid mass."" [ISBN:0198506732]",246,7396,120,20972,0.016224986479177934,0.4878048780487805,query_1,['GO:0032501']
GO:BP,GO:0039531,regulation of cytoplasmic pattern recognition receptor signaling pathway,0.0002051221783397407,True,"""Any process that modulates the frequency, rate or extent of a cytoplasmic pattern recognition receptor signaling pathway."" [GOC:bf, GOC:jl]",127,7396,69,20972,0.009329367225527312,0.5433070866141733,query_1,"['GO:0002753', 'GO:0062207', 'GO:1902531']"
GO:BP,GO:0031400,negative regulation of protein modification process,0.0002051221783397407,True,"""Any process that stops, prevents, or reduces the frequency, rate or extent of the covalent alteration of one or more amino acid residues within a protein."" [GOC:mah, GOC:tb]",246,7396,120,20972,0.016224986479177934,0.4878048780487805,query_1,"['GO:0031399', 'GO:0036211', 'GO:0051248']"
GO:BP,GO:1902807,negative regulation of cell cycle G1/S phase transition,0.00020878822359769134,True,"""Any signaling pathway that decreases or inhibits the activity of a cell cycle cyclin-dependent protein kinase to modulate the switch from G1 phase to S phase of the cell cycle."" [GO_REF:0000058, GOC:mtg_cell_cycle, GOC:TermGenie]",62,7396,39,20972,0.0052731206057328285,0.6290322580645161,query_1,"['GO:0044843', 'GO:1901988', 'GO:1902806']"
GO:BP,GO:0002360,T cell lineage commitment,0.00021106553824927637,True,"""The process in which a lymphoid progenitor cell becomes committed to becoming any type of T cell."" [GOC:add, ISBN:0781735149]",42,7396,29,20972,0.003921038399134667,0.6904761904761905,query_1,"['GO:0030217', 'GO:0045165']"
GO:BP,GO:1903038,negative regulation of leukocyte cell-cell adhesion,0.00021302480501694929,True,"""Any process that stops, prevents or reduces the frequency, rate or extent of leukocyte cell-cell adhesion."" [GO_REF:0000058, GOC:BHF, GOC:rl, GOC:TermGenie, PMID:21106532]",143,7396,76,20972,0.010275824770146024,0.5314685314685315,query_1,"['GO:0007159', 'GO:0022408', 'GO:1903037']"
GO:BP,GO:0000724,double-strand break repair via homologous recombination,0.00021688715820159855,True,"""The error-free repair of a double-strand break in DNA in which the broken DNA molecule is repaired using homologous sequences. A strand in the broken DNA searches for a homologous region in an intact chromosome to serve as the template for DNA synthesis. The restoration of two intact DNA molecules results in the exchange, reciprocal or nonreciprocal, of genetic material between the intact DNA molecule and the broken DNA molecule."" [GOC:elh, PMID:10357855]",187,7396,95,20972,0.012844780962682531,0.5080213903743316,query_1,"['GO:0000725', 'GO:0006302']"
GO:BP,GO:0019080,viral gene expression,0.00021820344704526502,True,"""A process by which a viral gene is converted into a mature gene product or products (proteins or RNA). This includes viral transcription, processing to produce a mature RNA product, and viral translation."" [GOC:bf, GOC:jl, ISBN:0121585336]",81,7396,48,20972,0.006489994591671174,0.5925925925925926,query_1,['GO:0016032']
GO:BP,GO:0000381,"regulation of alternative mRNA splicing, via spliceosome",0.00021882444683737597,True,"""Any process that modulates the frequency, rate or extent of alternative splicing of nuclear mRNAs."" [GOC:krc]",58,7396,37,20972,0.005002704164413196,0.6379310344827587,query_1,"['GO:0000380', 'GO:0048024']"
GO:BP,GO:0051056,regulation of small GTPase mediated signal transduction,0.00022269978368834903,True,"""Any process that modulates the frequency, rate or extent of small GTPase mediated signal transduction."" [GOC:go_curators]",302,7396,143,20972,0.019334775554353704,0.4735099337748344,query_1,"['GO:0007264', 'GO:1902531']"
GO:BP,GO:0042116,macrophage activation,0.00022542284472632675,True,"""A change in morphology and behavior of a macrophage resulting from exposure to a cytokine, chemokine, cellular ligand, or soluble factor."" [GOC:mgi_curators, ISBN:0781735149, PMID:14506301]",105,7396,59,20972,0.00797728501892915,0.5619047619047619,query_1,['GO:0002274']
GO:BP,GO:1903829,positive regulation of protein localization,0.0002277646808518461,True,"""Any process that activates or increases the frequency, rate or extent of a protein localization."" [GO_REF:0000058, GOC:TermGenie, GOC:vw]",433,7396,196,20972,0.02650081124932396,0.45265588914549654,query_1,"['GO:0008104', 'GO:0032880', 'GO:0048518']"
GO:BP,GO:0000725,recombinational repair,0.0002339190060641094,True,"""A DNA repair process that involves the exchange, reciprocal or nonreciprocal, of genetic material between the broken DNA molecule and a homologous DNA region."" [GOC:elh]",192,7396,97,20972,0.013115197404002164,0.5052083333333334,query_1,"['GO:0006281', 'GO:0006310']"
GO:BP,GO:1901875,positive regulation of post-translational protein modification,0.00023729422031112862,True,"""Any process that activates or increases the frequency, rate or extent of post-translational protein modification."" [GOC:TermGenie, GOC:yaf, PMID:21209915]",132,7396,71,20972,0.009599783666846945,0.5378787878787878,query_1,"['GO:0031401', 'GO:0043687', 'GO:1901873']"
GO:BP,GO:0042100,B cell proliferation,0.00023763427050456633,True,"""The expansion of a B cell population by cell division. Follows B cell activation."" [GOC:jl]",92,7396,53,20972,0.007166035694970254,0.5760869565217391,query_1,"['GO:0042113', 'GO:0046651']"
GO:BP,GO:0043547,positive regulation of GTPase activity,0.00023854957195089296,True,"""Any process that activates or increases the activity of a GTPase."" [GOC:jl, GOC:mah]",123,7396,67,20972,0.00905895078420768,0.5447154471544715,query_1,"['GO:0043087', 'GO:0051345']"
GO:BP,GO:0070201,regulation of establishment of protein localization,0.00024052859969643422,True,"""Any process that modulates the frequency, rate or extent of the directed movement of a protein to a specific location."" [GOC:BHF, GOC:mah]",481,7396,215,20972,0.029069767441860465,0.446985446985447,query_1,"['GO:0032880', 'GO:0045184']"
GO:BP,GO:0062197,cellular response to chemical stress,0.00024087846101487467,True,"""Any process that results in a change in state or activity of a cell (in terms of movement, secretion, enzyme production, gene expression, etc.) as a result of a chemical stimulus indicating the organism is under stress."" [PMID:26653712]",300,7396,142,20972,0.01919956733369389,0.47333333333333333,query_1,"['GO:0033554', 'GO:0070887']"
GO:BP,GO:0042176,regulation of protein catabolic process,0.00024136822843086813,True,"""Any process that modulates the frequency, rate or extent of the chemical reactions and pathways resulting in the breakdown of a protein by the destruction of the native, active configuration, with or without the hydrolysis of peptide bonds."" [GOC:go_curators, GOC:jl]",401,7396,183,20972,0.02474310438074635,0.456359102244389,query_1,"['GO:0009894', 'GO:0030163', 'GO:0051246']"
GO:BP,GO:0035739,"CD4-positive, alpha-beta T cell proliferation",0.0002445578693286067,True,"""The expansion of a CD4-positive, alpha-beta T cell population by cell division."" [CL:0000624, GOC:BHF]",22,7396,18,20972,0.0024337479718766902,0.8181818181818182,query_1,"['GO:0035710', 'GO:0046633']"
GO:BP,GO:2000561,"regulation of CD4-positive, alpha-beta T cell proliferation",0.0002445578693286067,True,"""Any process that modulates the frequency, rate or extent of CD4-positive, alpha-beta T cell proliferation."" [GOC:obol]",22,7396,18,20972,0.0024337479718766902,0.8181818181818182,query_1,"['GO:0035739', 'GO:0046640', 'GO:2000514']"
GO:BP,GO:0050855,regulation of B cell receptor signaling pathway,0.0002445578693286067,True,"""Any process that modulates the frequency, rate or extent of signaling pathways initiated by the cross-linking of an antigen receptor on a B cell."" [GOC:ai]",22,7396,18,20972,0.0024337479718766902,0.8181818181818182,query_1,"['GO:0050853', 'GO:0050854']"
GO:BP,GO:0045930,negative regulation of mitotic cell cycle,0.0002455899735889355,True,"""Any process that stops, prevents or reduces the rate or extent of progression through the mitotic cell cycle."" [GOC:dph, GOC:go_curators, GOC:tb]",223,7396,110,20972,0.014872904272579772,0.49327354260089684,query_1,"['GO:0000278', 'GO:0007346', 'GO:0045786']"
GO:BP,GO:0000165,MAPK cascade,0.0002465828395439545,True,"""An intracellular protein kinase cascade containing at least a MAP kinase (MAPK). It starts with the activation of a MAP3K, and the consecutive activation of a MPK2K and a MAPK. The cascade can also contain an additional tier: the upstream MAP4K. The kinases in each tier phosphorylate and activate the kinase in the downstream tier to transmit a signal within a cell."" [PMID:20811974, PMID:9561267]",749,7396,320,20972,0.04326663061114116,0.4272363150867824,query_1,['GO:0141124']
GO:BP,GO:0051276,chromosome organization,0.00025280246889694606,True,"""A process that is carried out at the cellular level that results in the assembly, arrangement of constituent parts, or disassembly of chromosomes, structures composed of a very long molecule of DNA and associated proteins that carries hereditary information. This term covers covalent modifications at the molecular level as well as spatial relationships among the major components of a chromosome."" [GOC:ai, GOC:dph, GOC:jl, GOC:mah]",575,7396,252,20972,0.03407247160627366,0.43826086956521737,query_1,['GO:0006996']
GO:BP,GO:0048870,cell motility,0.00025814865747055904,True,"""Any process involved in the controlled self-propelled movement of a cell that results in translocation of the cell from one place to another."" [GOC:dgh, GOC:dph, GOC:isa_complete, GOC:mlg]",1794,7396,716,20972,0.09680908599242834,0.399108138238573,query_1,['GO:0009987']
GO:BP,GO:0043086,negative regulation of catalytic activity,0.0002732615217260659,True,"""Any process that stops or reduces the activity of an enzyme."" [GOC:ebc, GOC:jl, GOC:tb, GOC:vw]",233,7396,114,20972,0.015413737155219038,0.4892703862660944,query_1,"['GO:0044092', 'GO:0050790']"
GO:BP,GO:0071887,leukocyte apoptotic process,0.00030480814754890365,True,"""Any apoptotic process in a leukocyte, an achromatic cell of the myeloid or lymphoid lineages capable of ameboid movement, found in blood or other tissue."" [CL:0000738, GOC:BHF, GOC:mah, GOC:mtg_apoptosis]",117,7396,64,20972,0.008653326122228232,0.5470085470085471,query_1,['GO:0006915']
GO:BP,GO:0009628,response to abiotic stimulus,0.0003084999011587192,True,"""Any process that results in a change in state or activity of a cell or an organism (in terms of movement, secretion, enzyme production, gene expression, etc.) as a result of an abiotic (not derived from living organisms) stimulus."" [GOC:hb]",1108,7396,457,20972,0.061790156841535965,0.41245487364620936,query_1,['GO:0050896']
GO:BP,GO:0045017,glycerolipid biosynthetic process,0.000315230163562091,True,"""The chemical reactions and pathways resulting in the formation of glycerolipids, any lipid with a glycerol backbone."" [GOC:ai]",236,7396,115,20972,0.015548945375878854,0.4872881355932203,query_1,"['GO:0008610', 'GO:0046486']"
GO:BP,GO:0140374,antiviral innate immune response,0.0003280467839487037,True,"""A defense response against viruses mediated through an innate immune response. An innate immune response is mediated by germline encoded components that directly recognize components of potential pathogens."" [PMID:31006531]",65,7396,40,20972,0.005408328826392645,0.6153846153846154,query_1,"['GO:0045087', 'GO:0051607']"
GO:BP,GO:0006364,rRNA processing,0.00034251812195905266,True,"""Any process involved in the conversion of a primary ribosomal RNA (rRNA) transcript into one or more mature rRNA molecules."" [GOC:curators]",222,7396,109,20972,0.014737696051919956,0.49099099099099097,query_1,"['GO:0006396', 'GO:0016072', 'GO:0042254']"
GO:BP,GO:0051259,protein complex oligomerization,0.0003435769302596067,True,"""The process of creating protein oligomers, compounds composed of a small number, usually between three and ten, of component monomers; protein oligomers may be composed of different or identical monomers. Oligomers may be formed by the polymerization of a number of monomers or the depolymerization of a large protein polymer."" [GOC:ai, PMID:18293929]",275,7396,131,20972,0.01771227690643591,0.4763636363636364,query_1,['GO:0065003']
GO:BP,GO:1903322,positive regulation of protein modification by small protein conjugation or removal,0.0003530711592847562,True,"""Any process that activates or increases the frequency, rate or extent of protein modification by small protein conjugation or removal."" [GO_REF:0000058, GOC:TermGenie, GOC:vw]",131,7396,70,20972,0.009464575446187128,0.5343511450381679,query_1,"['GO:0070647', 'GO:1901875', 'GO:1903320']"
GO:BP,GO:2001242,regulation of intrinsic apoptotic signaling pathway,0.0003676809098797605,True,"""Any process that modulates the frequency, rate or extent of intrinsic apoptotic signaling pathway."" [GOC:mtg_apoptosis]",175,7396,89,20972,0.012033531638723635,0.5085714285714286,query_1,"['GO:0097193', 'GO:1902531', 'GO:2001233']"
GO:BP,GO:2000134,negative regulation of G1/S transition of mitotic cell cycle,0.00038029975095586467,True,"""Any signaling pathway that decreases or inhibits the activity of a cell cycle cyclin-dependent protein kinase to modulate the switch from G1 phase to S phase of the mitotic cell cycle."" [GOC:mtg_cell_cycle]",57,7396,36,20972,0.0048674959437533805,0.631578947368421,query_1,"['GO:0000082', 'GO:1901991', 'GO:1902807', 'GO:2000045']"
GO:BP,GO:0031396,regulation of protein ubiquitination,0.00038614452601389053,True,"""Any process that modulates the frequency, rate or extent of the addition of ubiquitin groups to a protein."" [GOC:mah]",194,7396,97,20972,0.013115197404002164,0.5,query_1,"['GO:0016567', 'GO:1903320']"
GO:BP,GO:0071219,cellular response to molecule of bacterial origin,0.0003941469958530833,True,"""Any process that results in a change in state or activity of a cell (in terms of movement, secretion, enzyme production, gene expression, etc.) as a result of a stimulus by molecules of bacterial origin such as peptides derived from bacterial flagellin."" [GOC:mah]",225,7396,110,20972,0.014872904272579772,0.4888888888888889,query_1,"['GO:0002237', 'GO:0071216']"
GO:BP,GO:0045911,positive regulation of DNA recombination,0.00040000841059376947,True,"""Any process that activates or increases the frequency, rate or extent of DNA recombination."" [GOC:go_curators]",76,7396,45,20972,0.006084369929691726,0.5921052631578947,query_1,"['GO:0000018', 'GO:0006310', 'GO:0051054']"
GO:BP,GO:0051168,nuclear export,0.0004019577211814328,True,"""The directed movement of substances out of the nucleus."" [GOC:ai]",166,7396,85,20972,0.01149269875608437,0.5120481927710844,query_1,['GO:0006913']
GO:BP,GO:0043368,positive T cell selection,0.00040370195773928004,True,"""The process of sparing immature T cells which react with self-MHC protein complexes with low affinity levels from apoptotic death."" [ISBN:0781735149, PMID:12414722]",51,7396,33,20972,0.0044618712817739315,0.6470588235294118,query_1,['GO:0045058']
GO:BP,GO:0050672,negative regulation of lymphocyte proliferation,0.000403854355599923,True,"""Any process that stops, prevents or reduces the rate or extent of lymphocyte proliferation."" [GOC:ai]",89,7396,51,20972,0.006895619253650622,0.5730337078651685,query_1,"['GO:0032945', 'GO:0046651', 'GO:0050670', 'GO:0051250']"
GO:BP,GO:0046636,negative regulation of alpha-beta T cell activation,0.0004056970256380644,True,"""Any process that stops, prevents, or reduces the frequency, rate or extent of alpha-beta T cell activation."" [GOC:ai]",49,7396,32,20972,0.004326663061114116,0.6530612244897959,query_1,"['GO:0046631', 'GO:0046634', 'GO:0050868']"
GO:BP,GO:1902459,positive regulation of stem cell population maintenance,0.0004056970256380644,True,"""Any process that activates or increases the frequency, rate or extent of stem cell population maintenance."" [GOC:hjd, GOC:TermGenie, PMID:22969033]",49,7396,32,20972,0.004326663061114116,0.6530612244897959,query_1,"['GO:0019827', 'GO:0051094', 'GO:0051240', 'GO:2000036']"
GO:BP,GO:0050777,negative regulation of immune response,0.00040855244636756695,True,"""Any process that stops, prevents, or reduces the frequency, rate or extent of the immune response, the immunological reaction of an organism to an immunogenic stimulus."" [GOC:ai]",199,7396,99,20972,0.013385613845321796,0.49748743718592964,query_1,"['GO:0002683', 'GO:0006955', 'GO:0048585', 'GO:0050776']"
GO:BP,GO:1902107,positive regulation of leukocyte differentiation,0.0004169369196510878,True,"""Any process that activates or increases the frequency, rate or extent of leukocyte differentiation."" [GOC:add, GOC:TermGenie]",192,7396,96,20972,0.012979989183342347,0.5,query_1,"['GO:0002521', 'GO:1902105', 'GO:1903708']"
GO:BP,GO:1903708,positive regulation of hemopoiesis,0.0004169369196510878,True,"""Any process that activates or increases the frequency, rate or extent of hemopoiesis."" [GO_REF:0000058, GOC:pad, GOC:PARL, GOC:TermGenie, PMID:20080761]",192,7396,96,20972,0.012979989183342347,0.5,query_1,"['GO:0002684', 'GO:0010720', 'GO:0030097', 'GO:0051240', 'GO:1903706']"
GO:BP,GO:1901699,cellular response to nitrogen compound,0.0004169369196510878,True,"""Any process that results in a change in state or activity of a cell (in terms of movement, secretion, enzyme production, gene expression, etc.) as a result of a nitrogen compound stimulus."" [GOC:pr, GOC:TermGenie]",676,7396,290,20972,0.03921038399134667,0.4289940828402367,query_1,"['GO:0070887', 'GO:1901698']"
GO:BP,GO:0006650,glycerophospholipid metabolic process,0.00041950617322230335,True,"""The chemical reactions and pathways involving glycerophospholipids, any derivative of glycerophosphate that contains at least one O-acyl, O-alkyl, or O-alkenyl group attached to the glycerol residue."" [ISBN:0198506732]",298,7396,140,20972,0.018929150892374257,0.4697986577181208,query_1,"['GO:0006644', 'GO:0046486']"
GO:BP,GO:0002449,lymphocyte mediated immunity,0.0004218513837718485,True,"""Any process involved in the carrying out of an immune response by a lymphocyte."" [GO_REF:0000022, GOC:add, ISBN:0781735149]",377,7396,172,20972,0.023255813953488372,0.4562334217506631,query_1,['GO:0002443']
GO:BP,GO:0050871,positive regulation of B cell activation,0.0004289181738258054,True,"""Any process that activates or increases the frequency, rate or extent of B cell activation."" [GOC:ai]",87,7396,50,20972,0.006760411032990805,0.5747126436781609,query_1,"['GO:0042113', 'GO:0050864', 'GO:0051251']"
GO:BP,GO:0006888,endoplasmic reticulum to Golgi vesicle-mediated transport,0.00043461616305364874,True,"""The directed movement of substances from the endoplasmic reticulum (ER) to the Golgi, mediated by COP II vesicles. Small COP II coated vesicles form from the ER and then fuse directly with the cis-Golgi. Larger structures are transported along microtubules to the cis-Golgi."" [GOC:ascb_2009, GOC:dph, GOC:jp, GOC:tb, ISBN:0716731363]",134,7396,71,20972,0.009599783666846945,0.5298507462686567,query_1,"['GO:0046907', 'GO:0048193']"
GO:BP,GO:0008630,intrinsic apoptotic signaling pathway in response to DNA damage,0.0004525710327954936,True,"""The series of molecular signals in which an intracellular signal is conveyed to trigger the apoptotic death of a cell. The pathway is induced by the detection of DNA damage, and ends when the execution phase of apoptosis is triggered."" [GOC:go_curators, GOC:mtg_apoptosis]",107,7396,59,20972,0.00797728501892915,0.5514018691588785,query_1,"['GO:0006974', 'GO:0097193']"
GO:BP,GO:0046822,regulation of nucleocytoplasmic transport,0.00045664896265081646,True,"""Any process that modulates the frequency, rate or extent of the directed movement of substances between the nucleus and the cytoplasm."" [GOC:bf]",116,7396,63,20972,0.008518117901568416,0.5431034482758621,query_1,"['GO:0006913', 'GO:0032386']"
GO:BP,GO:2000278,regulation of DNA biosynthetic process,0.0004594324759658552,True,"""Any process that modulates the frequency, rate or extent of DNA biosynthetic process."" [GOC:obol]",85,7396,49,20972,0.00662520281233099,0.5764705882352941,query_1,"['GO:0010556', 'GO:0051052', 'GO:0071897']"
GO:BP,GO:0043491,phosphatidylinositol 3-kinase/protein kinase B signal transduction,0.0004738566994512884,True,"""An intracellular signaling cassette that starts with phosphatidylinositol 3-kinase (PI3K) activation, production of phosphatidylinositol 3-phosphate (PI3P), activation of PDK1, which recruits and ending with the activation of protein kinase B (PKB, also known as Akt). PI3K is activated by cell surface receptors. Note that PTEN is an inhibitor of the pathway."" [PMID:20517722, PMID:22952397]",306,7396,143,20972,0.019334775554353704,0.4673202614379085,query_1,['GO:0141124']
GO:BP,GO:0002285,lymphocyte activation involved in immune response,0.0004809640420885437,True,"""A change in morphology and behavior of a lymphocyte resulting from exposure to a specific antigen, mitogen, cytokine, chemokine, cellular ligand, or soluble factor, leading to the initiation or perpetuation of an immune response."" [GOC:add, ISBN:0781735149]",214,7396,105,20972,0.014196863169280692,0.49065420560747663,query_1,"['GO:0002366', 'GO:0046649']"
GO:BP,GO:0071222,cellular response to lipopolysaccharide,0.0004809640420885437,True,"""Any process that results in a change in state or activity of a cell (in terms of movement, secretion, enzyme production, gene expression, etc.) as a result of a lipopolysaccharide stimulus; lipopolysaccharide is a major component of the cell wall of gram-negative bacteria."" [GOC:mah]",214,7396,105,20972,0.014196863169280692,0.49065420560747663,query_1,"['GO:0032496', 'GO:0071219', 'GO:0071396', 'GO:1901701']"
GO:BP,GO:0009895,negative regulation of catabolic process,0.0004907550534063682,True,"""Any process that stops, prevents, or reduces the frequency, rate or extent of the chemical reactions and pathways resulting in the breakdown of substances."" [GOC:go_curators]",363,7396,166,20972,0.022444564629529474,0.4573002754820937,query_1,"['GO:0009056', 'GO:0009892', 'GO:0009894']"
GO:BP,GO:0070227,lymphocyte apoptotic process,0.0004907550534063682,True,"""Any apoptotic process in a lymphocyte, a leukocyte commonly found in the blood and lymph that has the characteristics of a large nucleus, a neutral staining cytoplasm, and prominent heterochromatin."" [CL:0000542, GOC:add, GOC:mtg_apoptosis, ISBN:0781765196]",83,7396,48,20972,0.006489994591671174,0.5783132530120482,query_1,['GO:0071887']
GO:BP,GO:0007178,cell surface receptor protein serine/threonine kinase signaling pathway,0.000492144408940022,True,"""The series of molecular signals initiated by an extracellular ligand binding to a receptor on the surface of the target cell where the receptor possesses serine/threonine kinase activity, and ending with the regulation of a downstream cellular process, e.g. transcription."" [GOC:mah, GOC:signaling]",368,7396,168,20972,0.022714981070849107,0.45652173913043476,query_1,['GO:0007167']
GO:BP,GO:0006644,phospholipid metabolic process,0.0004971801493588574,True,"""The chemical reactions and pathways involving phospholipids, any lipid containing phosphoric acid as a mono- or diester."" [ISBN:0198506732]",383,7396,174,20972,0.023526230394808004,0.45430809399477806,query_1,"['GO:0006629', 'GO:0006796', 'GO:0019637']"
GO:BP,GO:0050671,positive regulation of lymphocyte proliferation,0.0005023444548741668,True,"""Any process that activates or increases the rate or extent of lymphocyte proliferation."" [GOC:ai]",146,7396,76,20972,0.010275824770146024,0.5205479452054794,query_1,"['GO:0032946', 'GO:0046651', 'GO:0050670', 'GO:0051251']"
GO:BP,GO:0006997,nucleus organization,0.0005094302957977055,True,"""A process that is carried out at the cellular level which results in the assembly, arrangement of constituent parts, or disassembly of the nucleus."" [GOC:dph, GOC:ems, GOC:jl, GOC:mah]",153,7396,79,20972,0.010681449432125473,0.5163398692810458,query_1,['GO:0006996']
GO:BP,GO:0050729,positive regulation of inflammatory response,0.0005094302957977055,True,"""Any process that activates or increases the frequency, rate or extent of the inflammatory response."" [GOC:ai]",153,7396,79,20972,0.010681449432125473,0.5163398692810458,query_1,"['GO:0006954', 'GO:0031349', 'GO:0032103', 'GO:0050727']"
GO:BP,GO:0050900,leukocyte migration,0.0005406576575594517,True,"""The movement of a leukocyte within or between different tissues and organs of the body."" [GOC:add, ISBN:0781735149, PMID:14680625, PMID:14708592, PMID:7507411, PMID:8600538]",386,7396,175,20972,0.02366143861546782,0.4533678756476684,query_1,"['GO:0002376', 'GO:0016477']"
GO:BP,GO:0032663,regulation of interleukin-2 production,0.0005416714591550022,True,"""Any process that modulates the frequency, rate, or extent of interleukin-2 production."" [GOC:mah]",64,7396,39,20972,0.0052731206057328285,0.609375,query_1,"['GO:0001817', 'GO:0032623']"
GO:BP,GO:0032623,interleukin-2 production,0.0005416714591550022,True,"""The appearance of interleukin-2 due to biosynthesis or secretion following a cellular stimulus, resulting in an increase in its intracellular or extracellular levels."" [GOC:mah]",64,7396,39,20972,0.0052731206057328285,0.609375,query_1,['GO:0001816']
GO:BP,GO:0046642,negative regulation of alpha-beta T cell proliferation,0.0005437572698248081,True,"""Any process that stops, prevents, or reduces the frequency, rate or extent of alpha-beta T cell proliferation."" [GOC:ai]",16,7396,14,20972,0.0018929150892374256,0.875,query_1,"['GO:0042130', 'GO:0046633', 'GO:0046636', 'GO:0046640']"
GO:BP,GO:0032984,protein-containing complex disassembly,0.0005496623758760177,True,"""The disaggregation of a protein-containing macromolecular complex into its constituent components."" [GOC:mah]",258,7396,123,20972,0.01663061114115738,0.47674418604651164,query_1,"['GO:0022411', 'GO:0043933']"
GO:BP,GO:0062208,positive regulation of pattern recognition receptor signaling pathway,0.0005565077080444223,True,"""Any process that decreases the rate, frequency or extent of a pattern recognition receptor signaling pathway."" [PMID:30610168]",79,7396,46,20972,0.006219578150351541,0.5822784810126582,query_1,"['GO:0002221', 'GO:0009967', 'GO:0045089', 'GO:0062207']"
GO:BP,GO:0032640,tumor necrosis factor production,0.0005565077080444223,True,"""The appearance of tumor necrosis factor due to biosynthesis or secretion following a cellular stimulus, resulting in an increase in its intracellular or extracellular levels. Tumor necrosis factor is an inflammatory cytokine produced by macrophages/monocytes during acute inflammation and which is responsible for a diverse range of signaling events within cells, leading to necrosis or apoptosis."" [GOC:mah, PMID:10891884, PMID:15560120]",165,7396,84,20972,0.011357490535424553,0.509090909090909,query_1,['GO:0071706']
GO:BP,GO:0071897,DNA biosynthetic process,0.0005565077080444223,True,"""The biosynthetic process resulting in the formation of DNA."" [GOC:mah]",165,7396,84,20972,0.011357490535424553,0.509090909090909,query_1,"['GO:0006259', 'GO:0141187']"
GO:BP,GO:0032680,regulation of tumor necrosis factor production,0.0005565077080444223,True,"""Any process that modulates the frequency, rate or extent of tumor necrosis factor production."" [GOC:mah, PMID:10891884, PMID:15560120]",165,7396,84,20972,0.011357490535424553,0.509090909090909,query_1,"['GO:0032640', 'GO:1903555']"
GO:BP,GO:0051604,protein maturation,0.0005578137013429392,True,"""Any process leading to the attainment of the full functional capacity of a protein."" [GOC:ai]",530,7396,232,20972,0.03136830719307734,0.4377358490566038,query_1,"['GO:0010467', 'GO:0019538']"
GO:BP,GO:0046434,organophosphate catabolic process,0.0005578137013429392,True,"""The chemical reactions and pathways resulting in the breakdown of organophosphates, any phosphate-containing organic compound."" [GOC:ai]",246,7396,118,20972,0.0159545700378583,0.4796747967479675,query_1,"['GO:0009056', 'GO:0019637']"
GO:BP,GO:0008284,positive regulation of cell population proliferation,0.0005718903134547783,True,"""Any process that activates or increases the rate or extent of cell proliferation."" [GOC:go_curators]",923,7396,384,20972,0.05191995673336939,0.4160346695557963,query_1,"['GO:0008283', 'GO:0042127', 'GO:0048522']"
GO:BP,GO:0043373,"CD4-positive, alpha-beta T cell lineage commitment",0.0005784440847482424,True,"""The process in which an immature T cell becomes committed to becoming a CD4-positive, alpha-beta T cell."" [ISBN:0781735149]",32,7396,23,20972,0.0031097890751757705,0.71875,query_1,"['GO:0002363', 'GO:0043367', 'GO:0043369']"
GO:BP,GO:1901292,nucleoside phosphate catabolic process,0.0005822178816745015,True,"""The chemical reactions and pathways resulting in the breakdown of a nucleoside phosphate."" [GOC:TermGenie]",184,7396,92,20972,0.012439156300703082,0.5,query_1,"['GO:0006753', 'GO:0034655', 'GO:0046434']"
GO:BP,GO:0032675,regulation of interleukin-6 production,0.0005979617616075216,True,"""Any process that modulates the frequency, rate, or extent of interleukin-6 production."" [GOC:mah]",149,7396,77,20972,0.01041103299080584,0.5167785234899329,query_1,"['GO:0001817', 'GO:0032635']"
GO:BP,GO:0071706,tumor necrosis factor superfamily cytokine production,0.0005979617616075216,True,"""The appearance of any member of the TNF superfamily due to biosynthesis or secretion following a cellular stimulus, resulting in an increase in its intracellular or extracellular levels."" [GOC:add]",170,7396,86,20972,0.011627906976744186,0.5058823529411764,query_1,['GO:0001816']
GO:BP,GO:0032635,interleukin-6 production,0.0005979617616075216,True,"""The appearance of interleukin-6 due to biosynthesis or secretion following a cellular stimulus, resulting in an increase in its intracellular or extracellular levels."" [GOC:mah]",149,7396,77,20972,0.01041103299080584,0.5167785234899329,query_1,['GO:0001816']
GO:BP,GO:1903555,regulation of tumor necrosis factor superfamily cytokine production,0.0005979617616075216,True,"""Any process that modulates the frequency, rate or extent of tumor necrosis factor superfamily cytokine production."" [GO_REF:0000058, GOC:TermGenie, PMID:24187568]",170,7396,86,20972,0.011627906976744186,0.5058823529411764,query_1,"['GO:0001817', 'GO:0071706']"
GO:BP,GO:0002705,positive regulation of leukocyte mediated immunity,0.0005979617616075216,True,"""Any process that activates or increases the frequency, rate, or extent of leukocyte mediated immunity."" [GOC:add]",149,7396,77,20972,0.01041103299080584,0.5167785234899329,query_1,"['GO:0002443', 'GO:0002699', 'GO:0002703']"
GO:BP,GO:0042326,negative regulation of phosphorylation,0.0006005905377119816,True,"""Any process that stops, prevents or decreases the rate of addition of phosphate groups to a molecule."" [GOC:jl]",163,7396,83,20972,0.011222282314764737,0.50920245398773,query_1,"['GO:0016310', 'GO:0042325', 'GO:0045936']"
GO:BP,GO:0031346,positive regulation of cell projection organization,0.0006005905377119816,True,"""Any process that activates or increases the frequency, rate or extent of the process involved in the formation, arrangement of constituent parts, or disassembly of cell projections."" [GOC:mah]",342,7396,157,20972,0.02122769064359113,0.4590643274853801,query_1,"['GO:0030030', 'GO:0031344', 'GO:0051130']"
GO:BP,GO:0031398,positive regulation of protein ubiquitination,0.000613424589545098,True,"""Any process that activates or increases the frequency, rate or extent of the addition of ubiquitin groups to a protein."" [GOC:mah]",108,7396,59,20972,0.00797728501892915,0.5462962962962963,query_1,"['GO:0016567', 'GO:0031396', 'GO:1903322']"
GO:BP,GO:0048513,animal organ development,0.000613424589545098,True,"""Development of a tissue or tissues that work together to perform a specific function or functions. Development pertains to the process whose specific outcome is the progression of a structure over time, from its formation to the mature structure. Organs are commonly observed as visibly distinct structures, but may also exist as loosely associated clusters of cells that work together to perform a specific function or functions."" [GOC:dph, GOC:jid]",3018,7396,1163,20972,0.15724716062736616,0.38535453943008613,query_1,['GO:0048856']
GO:BP,GO:0033077,T cell differentiation in thymus,0.000613424589545098,True,"""The process in which a precursor cell type acquires the specialized features of a T cell via a differentiation pathway dependent upon transit through the thymus."" [GOC:add, ISBN:0781735149]",88,7396,50,20972,0.006760411032990805,0.5681818181818182,query_1,['GO:0030217']
GO:BP,GO:0002363,alpha-beta T cell lineage commitment,0.000613424589545098,True,"""The process in which a pro-T cell becomes committed to becoming an alpha-beta T cell."" [GOC:add, ISBN:0781735149]",34,7396,24,20972,0.003244997295835587,0.7058823529411765,query_1,"['GO:0002360', 'GO:0046632']"
GO:BP,GO:0034063,stress granule assembly,0.000613424589545098,True,"""The aggregation, arrangement and bonding together of proteins and RNA molecules to form a stress granule."" [GOC:mah, PMID:17392519]",34,7396,24,20972,0.003244997295835587,0.7058823529411765,query_1,['GO:0140694']
GO:BP,GO:0031667,response to nutrient levels,0.0006144863993817999,True,"""Any process that results in a change in state or activity of a cell or an organism (in terms of movement, secretion, enzyme production, gene expression, etc.) as a result of a stimulus reflecting the presence, absence, or concentration of nutrients."" [GOC:mah]",475,7396,210,20972,0.028393726338561385,0.4421052631578947,query_1,['GO:0050896']
GO:BP,GO:0030518,nuclear receptor-mediated steroid hormone signaling pathway,0.0006344875466091646,True,"""A nuclear receptor-mediated signaling pathway initiated by a steroid binding to an intracellular receptor of the nuclear receptor protein family, and ending with regulation of a downstream cellular process, e.g. transcription."" [GOC:mah, GOC:signaling]",140,7396,73,20972,0.009870200108166577,0.5214285714285715,query_1,"['GO:0043401', 'GO:0141193']"
GO:BP,GO:0043401,steroid hormone receptor signaling pathway,0.0006344875466091646,True,"""The series of molecular signals mediated by a steroid hormone binding to a receptor."" [PMID:12606724]",140,7396,73,20972,0.009870200108166577,0.5214285714285715,query_1,"['GO:0009755', 'GO:0071383']"
GO:BP,GO:0030036,actin cytoskeleton organization,0.0006365911890365396,True,"""A process that is carried out at the cellular level which results in the assembly, arrangement of constituent parts, or disassembly of cytoskeletal structures comprising actin filaments and their associated proteins."" [GOC:dph, GOC:jl, GOC:mah]",716,7396,304,20972,0.0411032990805841,0.4245810055865922,query_1,"['GO:0007010', 'GO:0030029']"
GO:BP,GO:0043369,"CD4-positive or CD8-positive, alpha-beta T cell lineage commitment",0.0006445826521959467,True,"""The process in which an immature T cell commits to CD4-positive T cell lineage or the CD8-positive lineage of alpha-beta T cells."" [ISBN:0781735149]",36,7396,25,20972,0.0033802055164954027,0.6944444444444444,query_1,"['GO:0002360', 'GO:0043368']"
GO:BP,GO:0051098,regulation of binding,0.0006445826521959467,True,"""Any process that modulates the frequency, rate or extent of binding, the selective interaction of a molecule with one or more specific sites on another molecule."" [GOC:ai]",168,7396,85,20972,0.01149269875608437,0.5059523809523809,query_1,['GO:0065009']
GO:BP,GO:0051345,positive regulation of hydrolase activity,0.000648467971830871,True,"""Any process that activates or increases the frequency, rate or extent of hydrolase activity, the catalysis of the hydrolysis of various bonds."" [GOC:ai]",161,7396,82,20972,0.011087074094104922,0.5093167701863354,query_1,"['GO:0043085', 'GO:0051336']"
GO:BP,GO:0016049,cell growth,0.0006527158106783904,True,"""The process in which a cell irreversibly increases in size over time by accretion and biosynthetic production of matter similar to that already present."" [GOC:ai]",478,7396,211,20972,0.0285289345592212,0.44142259414225943,query_1,"['GO:0009987', 'GO:0040007']"
GO:BP,GO:0055082,intracellular chemical homeostasis,0.0006527158106783904,True,"""A homeostatic process involved in the maintenance of a steady state level of a chemical within a cell."" [GOC:isa_complete, GOC:jid]",626,7396,269,20972,0.03637101135749054,0.42971246006389774,query_1,"['GO:0019725', 'GO:0048878']"
GO:BP,GO:0000902,cell morphogenesis,0.0006539657085939389,True,"""The developmental process in which the size or shape of a cell is generated and organized."" [GOC:clt, GOC:dph, GOC:go_curators, GOC:tb]",998,7396,412,20972,0.05570578691184424,0.41282565130260523,query_1,['GO:0009653']
GO:BP,GO:0051258,protein polymerization,0.0006552128495902195,True,"""The process of creating protein polymers, compounds composed of a large number of component monomers; polymeric proteins may be made up of different or identical monomers. Polymerization occurs by the addition of extra monomers to an existing poly- or oligomeric protein."" [GOC:ai]",281,7396,132,20972,0.017847485127095726,0.4697508896797153,query_1,['GO:0065003']
GO:BP,GO:0034502,protein localization to chromosome,0.0006573721941194418,True,"""Any process in which a protein is transported to, or maintained at, a specific location on a chromosome."" [GOC:mah]",106,7396,58,20972,0.007842076798269334,0.5471698113207547,query_1,['GO:0033365']
GO:BP,GO:0060627,regulation of vesicle-mediated transport,0.0006690292917546375,True,"""Any process that modulates the rate, frequency, or extent of vesicle-mediated transport, the directed movement of substances, either within a vesicle or in the vesicle membrane, into, out of or within a cell."" [GOC:dph, GOC:tb]",529,7396,231,20972,0.031233098972417522,0.43667296786389415,query_1,"['GO:0016192', 'GO:0050794', 'GO:0051049']"
GO:BP,GO:0000819,sister chromatid segregation,0.0006808044438589749,True,"""The cell cycle process in which sister chromatids are organized and then physically separated and apportioned to two or more sets."" [GOC:ai, GOC:elh]",235,7396,113,20972,0.015278528934559221,0.4808510638297872,query_1,"['GO:0051276', 'GO:0098813']"
GO:BP,GO:1901991,negative regulation of mitotic cell cycle phase transition,0.0006897658491150017,True,"""Any process that stops, prevents or reduces the frequency, rate or extent of mitotic cell cycle phase transition."" [GOC:mtg_cell_cycle, GOC:TermGenie, PMID:22841721]",173,7396,87,20972,0.011763115197404002,0.5028901734104047,query_1,"['GO:0044772', 'GO:0045930', 'GO:1901988', 'GO:1901990']"
GO:BP,GO:0001932,regulation of protein phosphorylation,0.0007113773981759042,True,"""Any process that modulates the frequency, rate or extent of addition of phosphate groups into an amino acid in a protein."" [GOC:hjd]",504,7396,221,20972,0.029881016765819363,0.4384920634920635,query_1,"['GO:0006468', 'GO:0031399', 'GO:0042325']"
GO:BP,GO:2001243,negative regulation of intrinsic apoptotic signaling pathway,0.0007128476400673179,True,"""Any process that stops, prevents or reduces the frequency, rate or extent of intrinsic apoptotic signaling pathway."" [GOC:mtg_apoptosis]",104,7396,57,20972,0.007706868577609519,0.5480769230769231,query_1,"['GO:0097193', 'GO:1902532', 'GO:2001234', 'GO:2001242']"
GO:BP,GO:0031334,positive regulation of protein-containing complex assembly,0.0007149936755627606,True,"""Any process that activates or increases the frequency, rate or extent of protein complex assembly."" [GOC:mah]",204,7396,100,20972,0.01352082206598161,0.49019607843137253,query_1,"['GO:0043254', 'GO:0044089', 'GO:0051130', 'GO:0065003']"
GO:BP,GO:0030029,actin filament-based process,0.0007322336790351117,True,"""Any cellular process that depends upon or alters the actin cytoskeleton, that part of the cytoskeleton comprising actin filaments and their associated proteins."" [GOC:mah]",816,7396,342,20972,0.046241211465657114,0.41911764705882354,query_1,['GO:0009987']
GO:BP,GO:0043123,positive regulation of canonical NF-kappaB signal transduction,0.00075129157106436,True,"""Any process that activates or increases the frequency, rate or extent of a canonical NF-kappaB signaling cascade."" [GOC:jl]",221,7396,107,20972,0.014467279610600325,0.4841628959276018,query_1,"['GO:0007249', 'GO:0043122', 'GO:1902533']"
GO:BP,GO:0007033,vacuole organization,0.0007691480813220065,True,"""A process that is carried out at the cellular level which results in the assembly, arrangement of constituent parts, or disassembly of a vacuole."" [GOC:mah]",238,7396,114,20972,0.015413737155219038,0.4789915966386555,query_1,['GO:0006996']
GO:BP,GO:0007040,lysosome organization,0.0007704536022894983,True,"""A process that is carried out at the cellular level which results in the assembly, arrangement of constituent parts, or disassembly of a lysosome. A lysosome is a cytoplasmic, membrane-bounded organelle that is found in most animal cells and that contains a variety of hydrolases."" [GOC:mah]",111,7396,60,20972,0.008112493239588967,0.5405405405405406,query_1,['GO:0080171']
GO:BP,GO:0044089,positive regulation of cellular component biogenesis,0.0007704536022894983,True,"""Any process that activates or increases the frequency, rate or extent of cellular component biogenesis, a process that results in the biosynthesis of constituent macromolecules, assembly, and arrangement of constituent parts of a cellular component."" [GOC:jl]",497,7396,218,20972,0.029475392103839912,0.4386317907444668,query_1,"['GO:0044085', 'GO:0044087', 'GO:0048522']"
GO:BP,GO:0032204,regulation of telomere maintenance,0.0007704536022894983,True,"""Any process that modulates the frequency, rate or extent of a process that affects and monitors the activity of telomeric proteins and the length of telomeric DNA."" [GOC:mah]",111,7396,60,20972,0.008112493239588967,0.5405405405405406,query_1,"['GO:0000723', 'GO:0033044', 'GO:0051052']"
GO:BP,GO:0080171,lytic vacuole organization,0.0007704536022894983,True,"""A process that is carried out at the cellular level which results in the assembly, arrangement of constituent parts, or disassembly of a lytic vacuole."" [PMID:20729380]",111,7396,60,20972,0.008112493239588967,0.5405405405405406,query_1,['GO:0007033']
GO:BP,GO:0034764,positive regulation of transmembrane transport,0.0007854271966487084,True,"""Any process that activates or increases the frequency, rate or extent of the directed movement of a solute from one side of a membrane to the other."" [GOC:mah]",183,7396,91,20972,0.012303948080043267,0.4972677595628415,query_1,"['GO:0034762', 'GO:0048522', 'GO:0051050', 'GO:0055085']"
GO:BP,GO:0043408,regulation of MAPK cascade,0.0007961172419980006,True,"""Any process that modulates the frequency, rate or extent of signal transduction mediated by the MAP kinase (MAPK) cascade."" [GOC:go_curators]",638,7396,273,20972,0.0369118442401298,0.4278996865203762,query_1,"['GO:0000165', 'GO:1902531']"
GO:BP,GO:0032945,negative regulation of mononuclear cell proliferation,0.0008039493084150331,True,"""Any process that stops, prevents, or reduces the frequency, rate or extent of mononuclear cell proliferation."" [GOC:add]",91,7396,51,20972,0.006895619253650622,0.5604395604395604,query_1,"['GO:0032943', 'GO:0032944', 'GO:0070664']"
GO:BP,GO:0006354,DNA-templated transcription elongation,0.0008102361136429375,True,"""The extension of an RNA molecule after transcription initiation and promoter clearance at a DNA-dependent RNA polymerase promoter by the addition of ribonucleotides catalyzed by an RNA polymerase."" [GOC:mah, GOC:txnOH, PMID:15020047, PMID:18280161]",134,7396,70,20972,0.009464575446187128,0.5223880597014925,query_1,"['GO:0006351', 'GO:0032774']"
GO:BP,GO:0070936,protein K48-linked ubiquitination,0.0008335651517098668,True,"""A protein ubiquitination process in which a polymer of ubiquitin, formed by linkages between lysine residues at position 48 of the ubiquitin monomers, is added to a protein. K48-linked ubiquitination targets the substrate protein for degradation."" [GOC:cvs, PMID:15556404]",100,7396,55,20972,0.007436452136289886,0.55,query_1,['GO:0000209']
GO:BP,GO:0032946,positive regulation of mononuclear cell proliferation,0.0008336611459763107,True,"""Any process that activates or increases the frequency, rate or extent of mononuclear cell proliferation."" [GOC:add]",148,7396,76,20972,0.010275824770146024,0.5135135135135135,query_1,"['GO:0032943', 'GO:0032944', 'GO:0070665']"
GO:BP,GO:0046824,positive regulation of nucleocytoplasmic transport,0.0008639165736187642,True,"""Any process that activates or increases the frequency, rate or extent of the directed movement of substances between the nucleus and the cytoplasm."" [GOC:bf]",63,7396,38,20972,0.005137912385073012,0.6031746031746031,query_1,"['GO:0006913', 'GO:0032388', 'GO:0046822']"
GO:BP,GO:2000106,regulation of leukocyte apoptotic process,0.0008673296854969318,True,"""Any process that modulates the frequency, rate or extent of leukocyte apoptotic process."" [GOC:BHF, GOC:mtg_apoptosis]",89,7396,50,20972,0.006760411032990805,0.5617977528089888,query_1,"['GO:0042981', 'GO:0071887']"
GO:BP,GO:0002821,positive regulation of adaptive immune response,0.0008832080927037886,True,"""Any process that activates or increases the frequency, rate, or extent of an adaptive immune response."" [GOC:add]",132,7396,69,20972,0.009329367225527312,0.5227272727272727,query_1,"['GO:0002250', 'GO:0002819', 'GO:0050778']"
GO:BP,GO:0046718,symbiont entry into host cell,0.0008832080927037886,True,"""The process by which a symbiont breaches the plasma membrane or cell envelope and enters the host cell. The process ends when the symbiont or its genome is released into the host cell."" [GOC:jl]",132,7396,69,20972,0.009329367225527312,0.5227272727272727,query_1,"['GO:0019058', 'GO:0044409']"
GO:BP,GO:1901698,response to nitrogen compound,0.0009017603216999794,True,"""Any process that results in a change in state or activity of a cell or an organism (in terms of movement, secretion, enzyme production, gene expression, etc.) as a result of a nitrogen compound stimulus."" [GOC:pr, GOC:TermGenie]",941,7396,389,20972,0.05259599783666847,0.41339001062699254,query_1,['GO:0042221']
GO:BP,GO:0048144,fibroblast proliferation,0.000903881407690282,True,"""The multiplication or reproduction of fibroblast cells, resulting in the expansion of the fibroblast population."" [GOC:jid]",107,7396,58,20972,0.007842076798269334,0.5420560747663551,query_1,['GO:0008283']
GO:BP,GO:0010605,negative regulation of macromolecule metabolic process,0.000903881407690282,True,"""Any process that decreases the frequency, rate or extent of the chemical reactions and pathways involving macromolecules, any molecule of high relative molecular mass, the structure of which essentially comprises the multiple repetition of units derived, actually or conceptually, from molecules of low relative molecular mass."" [GOC:dph, GOC:tb]",3080,7396,1183,20972,0.15995132504056248,0.3840909090909091,query_1,"['GO:0009892', 'GO:0043170', 'GO:0060255']"
GO:BP,GO:0070228,regulation of lymphocyte apoptotic process,0.000903881407690282,True,"""Any process that modulates the occurrence or rate of lymphocyte death by apoptotic process."" [GOC:add, GOC:mtg_apoptosis, ISBN:0781765196]",61,7396,37,20972,0.005002704164413196,0.6065573770491803,query_1,"['GO:0070227', 'GO:2000106']"
GO:BP,GO:0006360,transcription by RNA polymerase I,0.0009090982773502198,True,"""The synthesis of RNA from a DNA template by RNA polymerase I (RNAP I), originating at an RNAP I promoter."" [GOC:jl, GOC:txnOH]",76,7396,44,20972,0.005949161709031909,0.5789473684210527,query_1,['GO:0006351']
GO:BP,GO:0005975,carbohydrate metabolic process,0.0009136486991945959,True,"""The chemical reactions and pathways involving carbohydrates, any of a group of organic compounds based of the general formula Cx(H2O)y."" [GOC:mah, ISBN:0198506732]",557,7396,241,20972,0.03258518117901568,0.4326750448833034,query_1,['GO:0044238']
GO:BP,GO:0071383,cellular response to steroid hormone stimulus,0.0009249073417773089,True,"""Any process that results in a change in state or activity of a cell (in terms of movement, secretion, enzyme production, gene expression, etc.) as a result of a steroid hormone stimulus."" [GOC:mah]",210,7396,102,20972,0.013791238507301243,0.4857142857142857,query_1,"['GO:0032870', 'GO:0048545', 'GO:0071396']"
GO:BP,GO:0001701,in utero embryonic development,0.0009576254404895318,True,"""The process whose specific outcome is the progression of the embryo in the uterus over time, from formation of the zygote in the oviduct, to birth. An example of this process is found in Mus musculus."" [GOC:go_curators, GOC:mtg_sensu]",405,7396,181,20972,0.024472687939426717,0.4469135802469136,query_1,['GO:0043009']
GO:BP,GO:0016236,macroautophagy,0.0009726183496551904,True,"""The autophagic process that proceeds via the formation of an autophagosome."" [PMID:24366339]",380,7396,171,20972,0.023120605732828557,0.45,query_1,['GO:0006914']
GO:BP,GO:0044409,symbiont entry into host,0.0009786697308607317,True,"""Entry of a symbiont into the body, tissues, or cells of a host organism as part of the symbiont life cycle. The host is defined as the larger of the organisms involved in a symbiotic interaction."" [GOC:vw]",137,7396,71,20972,0.009599783666846945,0.5182481751824818,query_1,['GO:0051701']
GO:BP,GO:0051223,regulation of protein transport,0.0009974472267832663,True,"""Any process that modulates the frequency, rate or extent of the directed movement of a protein into, out of or within a cell, or between cells, by means of some agent such as a transporter or pore."" [GOC:ai]",433,7396,192,20972,0.025959978366684695,0.44341801385681295,query_1,"['GO:0015031', 'GO:0051049', 'GO:0070201']"
GO:BP,GO:0006935,chemotaxis,0.001033272634831431,True,"""The directed movement of a motile cell or organism, or the directed growth of a cell guided by a specific chemical concentration gradient. Movement may be towards a higher concentration (positive chemotaxis) or towards a lower concentration (negative chemotaxis)."" [ISBN:0198506732]",456,7396,201,20972,0.02717685235262304,0.4407894736842105,query_1,"['GO:0042221', 'GO:0042330']"
GO:BP,GO:0006402,mRNA catabolic process,0.001034380531498568,True,"""The chemical reactions and pathways resulting in the breakdown of mRNA, messenger RNA, which is responsible for carrying the coded genetic 'message', transcribed from DNA, to sites of protein assembly at the ribosomes."" [ISBN:0198506732]",259,7396,122,20972,0.016495402920497566,0.47104247104247104,query_1,"['GO:0006401', 'GO:0010629', 'GO:0016071']"
GO:BP,GO:0072538,T-helper 17 type immune response,0.0010352932043026508,True,"""An immune response which is associated with resistance to intracellular bacteria with a key role in inflammation and tissue injury. This immune response is associated with pathological autoimmune conditions such as multiple sclerosis, arthritis and psoriasis which is typically orchestrated by the production of particular cytokines by T-helper 17 cells, most notably interleukin-17, IL-21 and IL-22."" [GOC:BHF, GOC:ebc]",55,7396,34,20972,0.004597079502433748,0.6181818181818182,query_1,['GO:0002460']
GO:BP,GO:0048589,developmental growth,0.0010442377503197327,True,"""The increase in size or mass of an entire organism, a part of an organism or a cell, where the increase in size or mass has the specific outcome of the progression of the organism over time from one condition to another."" [GOC:go_curators]",661,7396,281,20972,0.03799351000540833,0.42511346444780634,query_1,"['GO:0032502', 'GO:0040007']"
GO:BP,GO:0030316,osteoclast differentiation,0.0010464791919665428,True,"""The process in which a relatively unspecialized monocyte acquires the specialized features of an osteoclast. An osteoclast is a specialized phagocytic cell associated with the absorption and removal of the mineralized matrix of bone tissue."" [CL:0000092, GOC:add, ISBN:0781735149, PMID:12161749]",112,7396,60,20972,0.008112493239588967,0.5357142857142857,query_1,['GO:0002573']
GO:BP,GO:0006310,DNA recombination,0.001047266385698979,True,"""Any process in which a new genotype is formed by reassortment of genes resulting in gene combinations different from those that were present in the parents. In eukaryotes genetic recombination can occur by chromosome assortment, intrachromosomal recombination, or nonreciprocal interchromosomal recombination. Interchromosomal recombination occurs by crossing over. In bacteria it may occur by genetic transformation, conjugation, transduction, or F-duction."" [ISBN:0198506732]",348,7396,158,20972,0.021362898864250947,0.4540229885057471,query_1,['GO:0006259']
GO:BP,GO:0032535,regulation of cellular component size,0.0010477983480768267,True,"""A process that modulates the size of a cellular component."" [GOC:mah]",353,7396,160,20972,0.02163331530557058,0.45325779036827196,query_1,"['GO:0016043', 'GO:0090066']"
GO:BP,GO:0007417,central nervous system development,0.0010706987360627907,True,"""The process whose specific outcome is the progression of the central nervous system over time, from its formation to the mature structure. The central nervous system is the core nervous system that serves an integrating and coordinating function. In vertebrates it consists of the brain and spinal cord. In those invertebrates with a central nervous system it typically consists of a brain, cerebral ganglia and a nerve cord."" [GOC:bf, GOC:jid, ISBN:0582227089]",1035,7396,424,20972,0.057328285559762035,0.4096618357487923,query_1,"['GO:0007399', 'GO:0048731']"
GO:BP,GO:0045582,positive regulation of T cell differentiation,0.0010982585807564058,True,"""Any process that activates or increases the frequency, rate or extent of T cell differentiation."" [GOC:go_curators]",119,7396,63,20972,0.008518117901568416,0.5294117647058824,query_1,"['GO:0030217', 'GO:0045580', 'GO:0045621', 'GO:0050870']"
GO:BP,GO:0045668,negative regulation of osteoblast differentiation,0.0011119100259595475,True,"""Any process that stops, prevents, or reduces the frequency, rate or extent of osteoblast differentiation."" [GOC:go_curators]",51,7396,32,20972,0.004326663061114116,0.6274509803921569,query_1,"['GO:0001649', 'GO:0045596', 'GO:0045667']"
GO:BP,GO:0022008,neurogenesis,0.001117092983005202,True,"""Generation of cells within the nervous system."" [GO_REF:0000021, GOC:cls, GOC:curators, GOC:dgh, GOC:dph, GOC:jid]",1769,7396,699,20972,0.09451054624121147,0.3951384963256077,query_1,"['GO:0007399', 'GO:0030154']"
GO:BP,GO:0007259,cell surface receptor signaling pathway via JAK-STAT,0.0011355715281686663,True,"""A cell surface receptor signaling pathway in which ligand binding causes the receptor to dimerize, bringing the receptor-associated JAKs into close proximity. The JAKs then phosphorylate and activate each other on tyrosine residues.This leads to the activation of associated STAT protein, causing the STATs to dissociate from the receptor, translocate to the nucleus. The pathway ends with regulation of target gene expression by STAT proteins."" [PMID:12039028]",126,7396,66,20972,0.008923742563547863,0.5238095238095238,query_1,['GO:0097696']
GO:BP,GO:0006893,Golgi to plasma membrane transport,0.0011759805033583317,True,"""The directed movement of substances from the Golgi to the plasma membrane in transport vesicles that move from the trans-Golgi network to the plasma membrane. Golgi to plasma membrane transport precedes exocytosis."" [ISBN:0716731363]",68,7396,40,20972,0.005408328826392645,0.5882352941176471,query_1,"['GO:0006892', 'GO:0098876']"
GO:BP,GO:0046825,regulation of protein export from nucleus,0.0011759805033583317,True,"""Any process that modulates the frequency, rate or extent of the directed movement of proteins from the nucleus to the cytoplasm."" [GOC:bf]",35,7396,24,20972,0.003244997295835587,0.6857142857142857,query_1,"['GO:0006611', 'GO:0033157', 'GO:0046822']"
GO:BP,GO:0031669,cellular response to nutrient levels,0.0011937077120750597,True,"""Any process that results in a change in state or activity of a cell (in terms of movement, secretion, enzyme production, gene expression, etc.) as a result of a stimulus reflecting the presence, absence, or concentration of nutrients."" [GOC:mah]",250,7396,118,20972,0.0159545700378583,0.472,query_1,"['GO:0031667', 'GO:0051716']"
GO:BP,GO:0071840,cellular component organization or biogenesis,0.0011984274518299805,True,"""A process that results in the biosynthesis of constituent macromolecules, assembly, arrangement of constituent parts, or disassembly of a cellular component."" [GOC:mah]",8538,7396,3142,20972,0.42482422931314223,0.3680018739751698,query_1,['GO:0009987']
GO:BP,GO:0051493,regulation of cytoskeleton organization,0.0011984274518299805,True,"""Any process that modulates the frequency, rate or extent of the formation, arrangement of constituent parts, or disassembly of cytoskeletal structures."" [GOC:ai]",531,7396,230,20972,0.031097890751757708,0.4331450094161959,query_1,"['GO:0007010', 'GO:0033043']"
GO:BP,GO:0045429,positive regulation of nitric oxide biosynthetic process,0.001201499586751148,True,"""Any process that activates or increases the frequency, rate or extent of the chemical reactions and pathways resulting in the formation of nitric oxide."" [GOC:go_curators]",37,7396,25,20972,0.0033802055164954027,0.6756756756756757,query_1,"['GO:0006809', 'GO:0009891', 'GO:0045428']"
GO:BP,GO:0031175,neuron projection development,0.0012098767363073256,True,"""The process whose specific outcome is the progression of a neuron projection over time, from its formation to the mature structure. A neuron projection is any process extending from a neural cell, such as axons or dendrites (collectively called neurites)."" [GOC:mah]",1010,7396,414,20972,0.055976203353163875,0.4099009900990099,query_1,"['GO:0048666', 'GO:0120036']"
GO:BP,GO:1904951,positive regulation of establishment of protein localization,0.0012174585827921286,True,"""Any process that activates or increases the frequency, rate or extent of establishment of protein localization."" [GO_REF:0000058, GOC:TermGenie, PMID:22761445]",282,7396,131,20972,0.01771227690643591,0.4645390070921986,query_1,"['GO:0045184', 'GO:0048518', 'GO:0070201']"
GO:BP,GO:0045596,negative regulation of cell differentiation,0.0012174585827921286,True,"""Any process that stops, prevents, or reduces the frequency, rate or extent of cell differentiation."" [GOC:go_curators]",665,7396,282,20972,0.03812871822606814,0.42406015037593986,query_1,"['GO:0030154', 'GO:0045595', 'GO:0048523', 'GO:0051093']"
GO:BP,GO:0006909,phagocytosis,0.0012280167682539966,True,"""A vesicle-mediated transport process that results in the engulfment of external particulate material by phagocytes and their delivery to the lysosome. The particles are initially contained within phagocytic vacuoles (phagosomes), which then fuse with primary lysosomes to effect digestion of the particles."" [ISBN:0198506732]",238,7396,113,20972,0.015278528934559221,0.47478991596638653,query_1,['GO:0006897']
GO:BP,GO:0070665,positive regulation of leukocyte proliferation,0.0012280167682539966,True,"""Any process that activates or increases the frequency, rate or extent of leukocyte proliferation."" [GOC:add, GOC:mah]",166,7396,83,20972,0.011222282314764737,0.5,query_1,"['GO:0008284', 'GO:0070661', 'GO:0070663']"
GO:BP,GO:0006414,translational elongation,0.0012332421373186307,True,"""The successive addition of amino acid residues to a nascent polypeptide chain during protein biosynthesis."" [GOC:ems]",79,7396,45,20972,0.006084369929691726,0.569620253164557,query_1,"['GO:0006412', 'GO:0009059']"
GO:BP,GO:0007030,Golgi organization,0.00126769663864709,True,"""A process that is carried out at the cellular level which results in the assembly, arrangement of constituent parts, or disassembly of the Golgi apparatus."" [GOC:dph, GOC:jl, GOC:mah]",152,7396,77,20972,0.01041103299080584,0.506578947368421,query_1,"['GO:0006996', 'GO:0010256']"
GO:BP,GO:0031401,positive regulation of protein modification process,0.0012755427879810864,True,"""Any process that activates or increases the frequency, rate or extent of the covalent alteration of one or more amino acid residues within a protein."" [GOC:mah, GOC:tb]",450,7396,198,20972,0.026771227690643593,0.44,query_1,"['GO:0031399', 'GO:0036211', 'GO:0051247']"
GO:BP,GO:0048545,response to steroid hormone,0.0012886084594671361,True,"""Any process that results in a change in state or activity of a cell or an organism (in terms of movement, secretion, enzyme production, gene expression, etc.) as a result of a steroid hormone stimulus."" [GOC:go_curators]",312,7396,143,20972,0.019334775554353704,0.4583333333333333,query_1,"['GO:0009725', 'GO:0033993']"
GO:BP,GO:0036092,phosphatidylinositol-3-phosphate biosynthetic process,0.0013139064947264609,True,"""The chemical reactions and pathways resulting in the formation of phosphatidylinositol-3-phosphate, a phosphatidylinositol monophosphate carrying the phosphate group at the 3-position."" [GOC:al, GOC:vw]",22,7396,17,20972,0.002298539751216874,0.7727272727272727,query_1,['GO:0046854']
GO:BP,GO:0048145,regulation of fibroblast proliferation,0.0013139064947264609,True,"""Any process that modulates the frequency, rate or extent of multiplication or reproduction of fibroblast cells."" [GOC:jid]",88,7396,49,20972,0.00662520281233099,0.5568181818181818,query_1,"['GO:0042127', 'GO:0048144']"
GO:BP,GO:0042330,taxis,0.0013413094511241124,True,"""The directed movement of a motile cell or organism in response to an external stimulus."" [GOC:jl, ISBN:0192801023]",458,7396,201,20972,0.02717685235262304,0.4388646288209607,query_1,"['GO:0009605', 'GO:0040011']"
GO:BP,GO:0007032,endosome organization,0.0013413094511241124,True,"""A process that is carried out at the cellular level which results in the assembly, arrangement of constituent parts, or disassembly of endosomes."" [GOC:dph, GOC:jl, GOC:mah]",97,7396,53,20972,0.007166035694970254,0.5463917525773195,query_1,"['GO:0010256', 'GO:0016050']"
GO:BP,GO:2000781,positive regulation of double-strand break repair,0.0013413094511241124,True,"""Any process that activates or increases the frequency, rate or extent of double-strand break repair."" [GOC:BHF]",97,7396,53,20972,0.007166035694970254,0.5463917525773195,query_1,"['GO:0006302', 'GO:0045739', 'GO:2000779']"
GO:BP,GO:0072523,purine-containing compound catabolic process,0.0013619124539099435,True,"""The chemical reactions and pathways resulting in the breakdown of a purine-containing compound, i.e. any compound that contains purine or a formal derivative thereof."" [GOC:mah]",157,7396,79,20972,0.010681449432125473,0.5031847133757962,query_1,"['GO:0009056', 'GO:0072521']"
GO:BP,GO:0015748,organophosphate ester transport,0.0013843832225653803,True,"""The directed movement of organophosphate esters into, out of or within a cell, or between cells, by means of some agent such as a transporter or pore. Organophosphate esters are small organic molecules containing phosphate ester bonds."" [GOC:mcc]",176,7396,87,20972,0.011763115197404002,0.4943181818181818,query_1,['GO:0006810']
GO:BP,GO:0051896,regulation of phosphatidylinositol 3-kinase/protein kinase B signal transduction,0.001386277504715891,True,"""Any process that modulates the frequency, rate or extent of phosphatidylinositol 3-kinase/protein kinase B signal transduction."" [GOC:ai]",268,7396,125,20972,0.016901027582477014,0.4664179104477612,query_1,"['GO:0043491', 'GO:1902531']"
GO:BP,GO:0045732,positive regulation of protein catabolic process,0.001410648594676837,True,"""Any process that activates or increases the frequency, rate or extent of the chemical reactions and pathways resulting in the breakdown of a protein by the destruction of the native, active configuration, with or without the hydrolysis of peptide bonds."" [GOC:go_curators]",229,7396,109,20972,0.014737696051919956,0.4759825327510917,query_1,"['GO:0009896', 'GO:0030163', 'GO:0042176', 'GO:0051247']"
GO:BP,GO:0019722,calcium-mediated signaling,0.001452002689428508,True,"""Any intracellular signal transduction in which the signal is passed on within the cell via calcium ions."" [GOC:signaling]",234,7396,111,20972,0.015008112493239589,0.47435897435897434,query_1,['GO:0141124']
GO:BP,GO:0032870,cellular response to hormone stimulus,0.0014561206835479322,True,"""Any process that results in a change in state or activity of a cell (in terms of movement, secretion, enzyme production, gene expression, etc.) as a result of a hormone stimulus."" [GOC:mah]",677,7396,286,20972,0.03866955110870741,0.4224519940915805,query_1,"['GO:0009725', 'GO:0070887', 'GO:0071495']"
GO:BP,GO:0046635,positive regulation of alpha-beta T cell activation,0.0015271139021683891,True,"""Any process that activates or increases the frequency, rate or extent of alpha-beta T cell activation."" [GOC:ai]",73,7396,42,20972,0.005678745267712277,0.5753424657534246,query_1,"['GO:0046631', 'GO:0046634', 'GO:0050870']"
GO:BP,GO:0043270,positive regulation of monoatomic ion transport,0.001538160266223877,True,"""Any process that activates or increases the frequency, rate or extent of the directed movement of charged atoms or small charged molecules into, out of or within a cell, or between cells, by means of some agent such as a transporter or pore."" [GOC:jl]",186,7396,91,20972,0.012303948080043267,0.489247311827957,query_1,"['GO:0006811', 'GO:0043269', 'GO:0051050']"
GO:BP,GO:0008154,actin polymerization or depolymerization,0.001538160266223877,True,"""Assembly or disassembly of actin filaments by the addition or removal of actin monomers from a filament."" [GOC:mah]",186,7396,91,20972,0.012303948080043267,0.489247311827957,query_1,['GO:0007015']
GO:BP,GO:0035162,embryonic hemopoiesis,0.001538160266223877,True,"""The stages of blood cell formation that take place within the embryo."" [GOC:bf]",24,7396,18,20972,0.0024337479718766902,0.75,query_1,"['GO:0030097', 'GO:0048568']"
GO:BP,GO:0007034,vacuolar transport,0.0015557947633964167,True,"""The directed movement of substances into, out of or within a vacuole."" [GOC:ai]",167,7396,83,20972,0.011222282314764737,0.49700598802395207,query_1,['GO:0046907']
GO:BP,GO:0006413,translational initiation,0.0016316792070375026,True,"""The process preceding formation of the peptide bond between the first two amino acids of a protein. This includes the formation of a complex of the ribosome, mRNA or circRNA, and an initiation complex that contains the first aminoacyl-tRNA."" [ISBN:019879276X]",125,7396,65,20972,0.008788534342888048,0.52,query_1,"['GO:0006412', 'GO:0008152']"
GO:BP,GO:0038066,p38MAPK cascade,0.001633296790886585,True,"""A MAPK cascade containing at least the p38MAPK (MAPK14) MAP kinase, or Hog1 in yeast. It starts with the activation of a MAP3K, and the consecutive activation of a MPK2K and of p38MAPK. The cascade can also contain an additional tier: the upstream MAP4K. The kinases in each tier phosphorylate and activate the kinases in the downstream tier. The p38MAPK cascade is activated by stress signals, including hyperosmolarity, as well as by G protein-coupled receptors, growth factors, and cytokines, and results in cellular responses such as cell proliferation, cell differentiation, apoptosis and inflammation."" [PMID:20811974, PMID:23125017, PMID:32794416]",56,7396,34,20972,0.004597079502433748,0.6071428571428571,query_1,['GO:0000165']
GO:BP,GO:0050853,B cell receptor signaling pathway,0.001633296790886585,True,"""The series of molecular signals initiated by the cross-linking of an antigen receptor on a B cell."" [GOC:add]",71,7396,41,20972,0.005543537047052461,0.5774647887323944,query_1,['GO:0050851']
GO:BP,GO:0045599,negative regulation of fat cell differentiation,0.0017213023767644552,True,"""Any process that stops, prevents, or reduces the frequency, rate or extent of adipocyte differentiation."" [GOC:go_curators]",54,7396,33,20972,0.0044618712817739315,0.6111111111111112,query_1,"['GO:0045444', 'GO:0045596', 'GO:0045598']"
GO:BP,GO:0050920,regulation of chemotaxis,0.001757404427542614,True,"""Any process that modulates the frequency, rate or extent of the directed movement of a motile cell or organism in response to a specific chemical concentration gradient."" [GOC:ai]",201,7396,97,20972,0.013115197404002164,0.48258706467661694,query_1,"['GO:0006935', 'GO:0032101', 'GO:0040012']"
GO:BP,GO:0010506,regulation of autophagy,0.0018047744884516661,True,"""Any process that modulates the frequency, rate or extent of autophagy. Autophagy is the process in which cells digest parts of their own cytoplasm."" [GOC:dph, GOC:tb]",364,7396,163,20972,0.022038939967550027,0.4478021978021978,query_1,"['GO:0006914', 'GO:0009894']"
GO:BP,GO:0009888,tissue development,0.0018333006853451556,True,"""The process whose specific outcome is the progression of a tissue over time, from its formation to the mature structure."" [ISBN:0471245208]",2014,7396,787,20972,0.10640886965927529,0.39076464746772593,query_1,['GO:0048856']
GO:BP,GO:0032922,circadian regulation of gene expression,0.0018816243516843016,True,"""Any process that modulates the frequency, rate or extent of gene expression such that an expression pattern recurs with a regularity of approximately 24 hours."" [GOC:mah]",67,7396,39,20972,0.0052731206057328285,0.582089552238806,query_1,"['GO:0007623', 'GO:0010468']"
GO:BP,GO:0140894,endolysosomal toll-like receptor signaling pathway,0.0018831473416850528,True,"""The series of molecular signals initiated by a ligand binding to an endolysosomal pattern recognition receptor (PRR) of the toll-like family. PRRs bind pathogen-associated molecular pattern (PAMPs), structures conserved among microbial species."" [PMID:29679565]",50,7396,31,20972,0.0041914548404543,0.62,query_1,['GO:0002753']
GO:BP,GO:0046637,regulation of alpha-beta T cell differentiation,0.0019370354068515717,True,"""Any process that modulates the frequency, rate or extent of alpha-beta T cell differentiation."" [GOC:ai]",78,7396,44,20972,0.005949161709031909,0.5641025641025641,query_1,"['GO:0045580', 'GO:0046632', 'GO:0046634']"
GO:BP,GO:0008643,carbohydrate transport,0.0019512605696274253,True,"""The directed movement of carbohydrate into, out of or within a cell, or between cells, by means of some agent such as a transporter or pore. Carbohydrates are a group of organic compounds based of the general formula Cx(H2O)y."" [GOC:ai]",121,7396,63,20972,0.008518117901568416,0.5206611570247934,query_1,['GO:0006810']
GO:BP,GO:0006629,lipid metabolic process,0.0019528119692436322,True,"""The chemical reactions and pathways involving lipids, compounds soluble in an organic solvent but not, or sparingly, in an aqueous solvent. Includes fatty acids; neutral fats, other fatty-acid esters, and soaps; long-chain (fatty) alcohols and waxes; sphingoids and other long-chain bases; glycolipids, phospholipids and sphingolipids; and carotenes, polyprenols, sterols, terpenes and other isoprenoids."" [GOC:ma]",1369,7396,547,20972,0.07395889670091942,0.3995617238860482,query_1,['GO:0044238']
GO:BP,GO:0010639,negative regulation of organelle organization,0.0019528119692436322,True,"""Any process that decreases the frequency, rate or extent of a process involved in the formation, arrangement of constituent parts, or disassembly of an organelle."" [GOC:dph, GOC:tb]",357,7396,160,20972,0.02163331530557058,0.4481792717086835,query_1,"['GO:0006996', 'GO:0033043', 'GO:0051129']"
GO:BP,GO:0031295,T cell costimulation,0.0019528119692436322,True,"""The process of providing, via surface-bound receptor-ligand pairs, a second, antigen-independent, signal in addition to that provided by the T cell receptor to augment T cell activation."" [ISBN:0781735149]",48,7396,30,20972,0.004056246619794483,0.625,query_1,"['GO:0031294', 'GO:0050870']"
GO:BP,GO:0006090,pyruvate metabolic process,0.0019708576648772903,True,"""The chemical reactions and pathways involving pyruvate, 2-oxopropanoate."" [GOC:go_curators]",128,7396,66,20972,0.008923742563547863,0.515625,query_1,['GO:0032787']
GO:BP,GO:0045926,negative regulation of growth,0.0019968655200889285,True,"""Any process that stops, prevents or reduces the rate or extent of growth, the increase in size or mass of all or part of an organism."" [GOC:go_curators]",221,7396,105,20972,0.014196863169280692,0.4751131221719457,query_1,"['GO:0040007', 'GO:0040008', 'GO:0048519']"
GO:BP,GO:0061951,establishment of protein localization to plasma membrane,0.001997238134706143,True,"""The directed movement of a protein to a specific location in a plasma membrane."" [GOC:dph, GOC:vw]",65,7396,38,20972,0.005137912385073012,0.5846153846153846,query_1,['GO:0090150']
GO:BP,GO:0051222,positive regulation of protein transport,0.002049520947551807,True,"""Any process that activates or increases the frequency, rate or extent of the directed movement of a protein into, out of or within a cell, or between cells, by means of some agent such as a transporter or pore."" [GOC:ai]",248,7396,116,20972,0.01568415359653867,0.46774193548387094,query_1,"['GO:0015031', 'GO:0051050', 'GO:0051223', 'GO:1903829', 'GO:1904951']"
GO:BP,GO:1990778,protein localization to cell periphery,0.0021145150219774294,True,"""A process in which a protein is transported to, or maintained in, the cell periphery."" [PMID:18216290]",355,7396,159,20972,0.02149810708491076,0.447887323943662,query_1,['GO:0008104']
GO:BP,GO:0009179,purine ribonucleoside diphosphate metabolic process,0.0021185356336141993,True,"""The chemical reactions and pathways involving purine ribonucleoside diphosphate, a compound consisting of a purine base linked to a ribose sugar esterified with diphosphate on the sugar."" [GOC:go_curators, ISBN:0198506732]",119,7396,62,20972,0.0083829096809086,0.5210084033613446,query_1,"['GO:0009135', 'GO:0009185']"
GO:BP,GO:0009135,purine nucleoside diphosphate metabolic process,0.0021185356336141993,True,"""The chemical reactions and pathways involving purine nucleoside diphosphate, a compound consisting of a purine base linked to a ribose or deoxyribose sugar esterified with diphosphate on the sugar."" [GOC:go_curators, ISBN:0198506732]",119,7396,62,20972,0.0083829096809086,0.5210084033613446,query_1,['GO:0009132']
GO:BP,GO:0097035,regulation of membrane lipid distribution,0.002129260476088951,True,"""Any process that modulates the proportions or spatial arrangement of lipids in a cellular membrane."" [GOC:mah, PMID:18441123, PMID:20823909]",63,7396,37,20972,0.005002704164413196,0.5873015873015873,query_1,"['GO:0061024', 'GO:0065008']"
GO:BP,GO:0007029,endoplasmic reticulum organization,0.0021458152066709977,True,"""A process that is carried out at the cellular level which results in the assembly, arrangement of constituent parts, or disassembly of the endoplasmic reticulum."" [GOC:dph, GOC:jl, GOC:mah]",103,7396,55,20972,0.007436452136289886,0.5339805825242718,query_1,"['GO:0006996', 'GO:0010256']"
GO:BP,GO:0045739,positive regulation of DNA repair,0.0021458152066709977,True,"""Any process that activates or increases the frequency, rate or extent of DNA repair."" [GOC:go_curators]",140,7396,71,20972,0.009599783666846945,0.5071428571428571,query_1,"['GO:0006281', 'GO:0006282', 'GO:0048584', 'GO:0051054']"
GO:BP,GO:0034121,regulation of toll-like receptor signaling pathway,0.0021654113595463396,True,"""Any process that modulates the frequency, rate, or extent of toll-like receptor signaling pathway."" [GOC:add, PMID:16551253, PMID:17328678]",36,7396,24,20972,0.003244997295835587,0.6666666666666666,query_1,"['GO:0002224', 'GO:0062207']"
GO:BP,GO:0141198,protein branched polyubiquitination,0.0022285671674167774,True,"""A protein ubiquitination process in which ubiquitin monomers are attached to a protein, and then ubiquitin polymers are formed by linkages between lysine residues at various positions of the ubiquitin monomers, forming branched linkages, such as K11/K48- or K11/K63-linked chains."" [PMID:29033132, PMID:29378950, PMID:31998699, PMID:37325469]",19,7396,15,20972,0.0020281233098972417,0.7894736842105263,query_1,['GO:0000209']
GO:BP,GO:0042130,negative regulation of T cell proliferation,0.002229426993488782,True,"""Any process that stops, prevents or reduces the rate or extent of T cell proliferation."" [GOC:jl]",74,7396,42,20972,0.005678745267712277,0.5675675675675675,query_1,"['GO:0042098', 'GO:0042129', 'GO:0050672', 'GO:0050868']"
GO:BP,GO:0009261,ribonucleotide catabolic process,0.0023516569452845964,True,"""The chemical reactions and pathways resulting in the breakdown of a ribonucleotide, a compound consisting of ribonucleoside (a base linked to a ribose sugar) esterified with a phosphate group at either the 3' or 5'-hydroxyl group of the sugar."" [GOC:go_curators, ISBN:0198506732]",138,7396,70,20972,0.009464575446187128,0.5072463768115942,query_1,"['GO:0009166', 'GO:0009259', 'GO:1901136']"
GO:BP,GO:0032543,mitochondrial translation,0.0023596583801264656,True,"""The chemical reactions and pathways resulting in the formation of a protein in a mitochondrion. This is a ribosome-mediated process in which the information in messenger RNA (mRNA) is used to specify the sequence of amino acids in the protein; the mitochondrion has its own ribosomes and transfer RNAs, and uses a genetic code that differs from the nuclear code."" [GOC:go_curators]",131,7396,67,20972,0.00905895078420768,0.5114503816793893,query_1,"['GO:0006412', 'GO:0140053']"
GO:BP,GO:0032602,chemokine production,0.002382850222236303,True,"""The appearance of a chemokine due to biosynthesis or secretion following a cellular stimulus, resulting in an increase in its intracellular or extracellular levels. All chemokines possess a number of conserved cysteine residues involved in intramolecular disulfide bond formation. Some chemokines are considered pro-inflammatory and can be induced during an immune response to recruit cells of the immune system to a site of infection, while others are considered homeostatic and are involved in controlling the migration of cells during normal processes of tissue maintenance or development. Chemokines are found in all vertebrates, some viruses and some bacteria."" [GOC:BHF, GOC:rl, ISBN:0198506732, PMID:12183377, Wikipedia:Chemokine]",92,7396,50,20972,0.006760411032990805,0.5434782608695652,query_1,['GO:0001816']
GO:BP,GO:0032642,regulation of chemokine production,0.002382850222236303,True,"""Any process that modulates the frequency, rate, or extent of chemokine production."" [GOC:mah]",92,7396,50,20972,0.006760411032990805,0.5434782608695652,query_1,"['GO:0001817', 'GO:0032602']"
GO:BP,GO:0032648,regulation of interferon-beta production,0.0024040039410436792,True,"""Any process that modulates the frequency, rate, or extent of interferon-beta production."" [GOC:mah, PMID:15546383]",59,7396,35,20972,0.004732287723093564,0.5932203389830508,query_1,"['GO:0032479', 'GO:0032608']"
GO:BP,GO:0032608,interferon-beta production,0.0024040039410436792,True,"""The appearance of interferon-beta due to biosynthesis or secretion following a cellular stimulus, resulting in an increase in its intracellular or extracellular levels."" [GOC:mah, PMID:15546383]",59,7396,35,20972,0.004732287723093564,0.5932203389830508,query_1,['GO:0032606']
GO:BP,GO:0072659,protein localization to plasma membrane,0.002436655153526424,True,"""A process in which a protein is transported to, or maintained in, a specific location in the plasma membrane."" [GOC:mah]",286,7396,131,20972,0.01771227690643591,0.458041958041958,query_1,"['GO:0072657', 'GO:1990778']"
GO:BP,GO:0030595,leukocyte chemotaxis,0.002482577169085985,True,"""The movement of a leukocyte in response to an external stimulus."" [GOC:add, GOC:jl]",227,7396,107,20972,0.014467279610600325,0.4713656387665198,query_1,"['GO:0050900', 'GO:0060326']"
GO:BP,GO:0000422,autophagy of mitochondrion,0.0025167330954057395,True,"""The autophagic process in which mitochondria are delivered to a type of vacuole and degraded in response to changing cellular conditions."" [GOC:autophagy, PMID:15798367, PMID:19289147, PMID:23065344]",115,7396,60,20972,0.008112493239588967,0.5217391304347826,query_1,['GO:0006914']
GO:BP,GO:0070664,negative regulation of leukocyte proliferation,0.0025432091761421007,True,"""Any process that stops, prevents, or reduces the frequency, rate or extent of leukocyte proliferation."" [GOC:add, GOC:mah]",99,7396,53,20972,0.007166035694970254,0.5353535353535354,query_1,"['GO:0008285', 'GO:0070661', 'GO:0070663']"
GO:BP,GO:0009132,nucleoside diphosphate metabolic process,0.00255768926247393,True,"""The chemical reactions and pathways involving a nucleoside diphosphate, a compound consisting of a nucleobase linked to a deoxyribose or ribose sugar esterified with diphosphate on the sugar."" [GOC:go_curators, ISBN:0198506732]",136,7396,69,20972,0.009329367225527312,0.5073529411764706,query_1,['GO:0006753']
GO:BP,GO:0050878,regulation of body fluid levels,0.002581770631179065,True,"""Any process that modulates the levels of body fluids."" [GOC:ai, GOC:dph, GOC:tb]",374,7396,166,20972,0.022444564629529474,0.44385026737967914,query_1,['GO:0065008']
GO:BP,GO:0051495,positive regulation of cytoskeleton organization,0.0025970209159192183,True,"""Any process that activates or increases the frequency, rate or extent of the formation, arrangement of constituent parts, or disassembly of cytoskeletal structures."" [GOC:ai]",186,7396,90,20972,0.012168739859383451,0.4838709677419355,query_1,"['GO:0007010', 'GO:0010638', 'GO:0051493']"
GO:BP,GO:0140588,chromatin looping,0.0026389765760805313,True,"""A chromatin organization process that starts with the loading of an extrusion motor (by an SMC family complex) onto the chromatin, followed by chromatin extrusion that stops at loop anchoring sites on the chromosome."" [PMID:32213323]",14,7396,12,20972,0.0016224986479177934,0.8571428571428571,query_1,['GO:0006325']
GO:BP,GO:0001779,natural killer cell differentiation,0.002676637992729454,True,"""The process in which a relatively unspecialized cell acquires the specialized features of a natural killer cell."" [GOC:add, ISBN:0781735149]",21,7396,16,20972,0.002163331530557058,0.7619047619047619,query_1,"['GO:0030098', 'GO:0030101']"
GO:BP,GO:0090200,positive regulation of release of cytochrome c from mitochondria,0.002676637992729454,True,"""Any process that increases the rate, frequency or extent of release of cytochrome c from mitochondria, the process in which cytochrome c is enabled to move from the mitochondrial intermembrane space into the cytosol, which is an early step in apoptosis and leads to caspase activation."" [GOC:BHF, GOC:dph, GOC:mtg_apoptosis, GOC:tb]",21,7396,16,20972,0.002163331530557058,0.7619047619047619,query_1,"['GO:0001836', 'GO:0010638', 'GO:0090199']"
GO:BP,GO:0098813,nuclear chromosome segregation,0.0026862051445934094,True,"""The process in which genetic material, in the form of nuclear chromosomes, is organized into specific structures and then physically separated and apportioned to two or more sets. Nuclear chromosome segregation begins with the condensation of chromosomes, includes chromosome separation, and ends when chromosomes have completed movement to the spindle poles."" [GOC:dos]",324,7396,146,20972,0.019740400216333154,0.4506172839506173,query_1,['GO:0007059']
GO:BP,GO:0072665,protein localization to vacuole,0.002746344539712013,True,"""A process in which a protein is transported to, or maintained at, a location in a vacuole."" [GOC:ecd]",79,7396,44,20972,0.005949161709031909,0.5569620253164557,query_1,['GO:0033365']
GO:BP,GO:0000018,regulation of DNA recombination,0.0027534017742466958,True,"""Any process that modulates the frequency, rate or extent of DNA recombination, a DNA metabolic process in which a new genotype is formed by reassortment of genes resulting in gene combinations different from those that were present in the parents."" [GOC:go_curators, ISBN:0198506732]",141,7396,71,20972,0.009599783666846945,0.5035460992907801,query_1,"['GO:0006310', 'GO:0051052']"
GO:BP,GO:0000423,mitophagy,0.0027550701558728113,True,"""The selective autophagy process in which a mitochondrion is degraded by macroautophagy."" [PMID:15798367]",97,7396,52,20972,0.007030827474310438,0.5360824742268041,query_1,"['GO:0000422', 'GO:0016236']"
GO:BP,GO:0061640,cytoskeleton-dependent cytokinesis,0.0027946391552180396,True,"""A cytokinesis that involves the function of a set of proteins that are part of the microfilament or microtubule cytoskeleton."" [GOC:dph]",127,7396,65,20972,0.008788534342888048,0.5118110236220472,query_1,['GO:0000910']
GO:BP,GO:0045332,phospholipid translocation,0.002839666594201826,True,"""The movement of a phospholipid molecule from one leaflet of a membrane bilayer to the opposite leaflet."" [ISBN:0815316194, PMID:16452632, PMID:20043909, PMID:20302864]",53,7396,32,20972,0.004326663061114116,0.6037735849056604,query_1,"['GO:0015914', 'GO:0034204']"
GO:BP,GO:0006508,proteolysis,0.002876374691123486,True,"""The hydrolysis of proteins into smaller polypeptides and/or amino acids by cleavage of their peptide bonds."" [GOC:bf, GOC:mah]",801,7396,331,20972,0.04475392103839913,0.4132334581772784,query_1,['GO:0019538']
GO:BP,GO:0007623,circadian rhythm,0.002876374691123486,True,"""Any biological process in an organism that recurs with a regularity of approximately 24 hours."" [GOC:bf, GOC:go_curators]",201,7396,96,20972,0.012979989183342347,0.47761194029850745,query_1,['GO:0048511']
GO:BP,GO:0030100,regulation of endocytosis,0.0028788704419096377,True,"""Any process that modulates the frequency, rate or extent of endocytosis."" [GOC:go_curators]",292,7396,133,20972,0.017982693347755544,0.4554794520547945,query_1,"['GO:0006897', 'GO:0051128', 'GO:0060627']"
GO:BP,GO:0015914,phospholipid transport,0.0028814456392486183,True,"""The directed movement of phospholipids into, out of or within a cell, or between cells, by means of some agent such as a transporter or pore. Phospholipids are any lipids containing phosphoric acid as a mono- or diester."" [GOC:ai]",104,7396,55,20972,0.007436452136289886,0.5288461538461539,query_1,"['GO:0006869', 'GO:0015748']"
GO:BP,GO:0000226,microtubule cytoskeleton organization,0.002959082338779474,True,"""A process that is carried out at the cellular level which results in the assembly, arrangement of constituent parts, or disassembly of cytoskeletal structures comprising microtubules and their associated proteins."" [GOC:mah]",681,7396,285,20972,0.03853434288804759,0.4185022026431718,query_1,"['GO:0007010', 'GO:0007017']"
GO:BP,GO:0051983,regulation of chromosome segregation,0.0030278173558283897,True,"""Any process that modulates the frequency, rate or extent of chromosome segregation, the process in which genetic material, in the form of chromosomes, is organized and then physically separated and apportioned to two or more sets."" [GOC:ai]",132,7396,67,20972,0.00905895078420768,0.5075757575757576,query_1,"['GO:0007059', 'GO:0010564']"
GO:BP,GO:0141193,nuclear receptor-mediated signaling pathway,0.0030278173558283897,True,"""The series of molecular signals initiated by a signaling molecule binding to an intracellular receptor of the nuclear receptor protein family, and ending with regulation of a downstream cellular process, e.g. transcription."" [PMID:25614732]",194,7396,93,20972,0.012574364521362898,0.4793814432989691,query_1,['GO:0030522']
GO:BP,GO:0019882,antigen processing and presentation,0.0030278173558283897,True,"""The process in which an antigen-presenting cell expresses antigen (peptide or lipid) on its cell surface in association with an MHC protein complex."" [GO_REF:0000022, GOC:add, ISBN:0781735149, PMID:15771591, PMID:15928678]",118,7396,61,20972,0.008247701460248783,0.5169491525423728,query_1,['GO:0002376']
GO:BP,GO:0006368,transcription elongation by RNA polymerase II,0.0030278173558283897,True,"""The extension of an RNA molecule after transcription pausing and promoter clearance at an RNA polymerase II promoter by the addition of ribonucleotides catalyzed by RNA polymerase II."" [GOC:mah, GOC:txnOH]",118,7396,61,20972,0.008247701460248783,0.5169491525423728,query_1,"['GO:0006354', 'GO:0006366']"
GO:BP,GO:0097191,extrinsic apoptotic signaling pathway,0.003030542173214959,True,"""The series of molecular signals in which a signal is conveyed from the cell surface to trigger the apoptotic death of a cell. The pathway starts with either a ligand binding to a cell surface receptor, or a ligand being withdrawn from a cell surface receptor (e.g. in the case of signaling by dependence receptors), and ends when the execution phase of apoptosis is triggered."" [GOC:mtg_apoptosis, GOC:yaf, PMID:17340152]",233,7396,109,20972,0.014737696051919956,0.4678111587982833,query_1,"['GO:0007166', 'GO:0097190']"
GO:BP,GO:0031294,lymphocyte costimulation,0.003122803121935764,True,"""The process of providing, via surface-bound receptor-ligand pairs, a second, antigen-independent, signal in addition to that provided by the B- or T cell receptor to augment B- or T cell activation."" [ISBN:0781735149]",49,7396,30,20972,0.004056246619794483,0.6122448979591837,query_1,"['GO:0002376', 'GO:0051251']"
GO:BP,GO:0009411,response to UV,0.003122803121935764,True,"""Any process that results in a change in state or activity of a cell or an organism (in terms of movement, secretion, enzyme production, gene expression, etc.) as a result of an ultraviolet radiation (UV light) stimulus. Ultraviolet radiation is electromagnetic radiation with a wavelength in the range of 10 to 380 nanometers."" [GOC:hb]",151,7396,75,20972,0.010140616549486208,0.4966887417218543,query_1,['GO:0009416']
GO:BP,GO:0046488,phosphatidylinositol metabolic process,0.003122803121935764,True,"""The chemical reactions and pathways involving phosphatidylinositol, any glycophospholipid in which a sn-glycerol 3-phosphate residue is esterified to the 1-hydroxyl group of 1D-myo-inositol."" [ISBN:0198506732]",151,7396,75,20972,0.010140616549486208,0.4966887417218543,query_1,['GO:0006650']
GO:BP,GO:0140053,mitochondrial gene expression,0.0032168335706917106,True,"""The process in which a mitochondrial gene's sequence is converted into a mature gene product or products (proteins or RNA). This includes the production of an RNA transcript as well as any processing to produce a mature RNA product or an mRNA or circRNA (for protein-coding genes) and the translation of that mRNA or circRNA into protein. Protein maturation is included when required to form an active form of a product from an inactive precursor form."" [PMID:27058308]",175,7396,85,20972,0.01149269875608437,0.4857142857142857,query_1,['GO:0010467']
GO:BP,GO:0034219,carbohydrate transmembrane transport,0.0033029269457965416,True,"""The process in which a carbohydrate is transported across a membrane."" [GOC:mah]",116,7396,60,20972,0.008112493239588967,0.5172413793103449,query_1,"['GO:0008643', 'GO:0055085']"
GO:BP,GO:0046641,positive regulation of alpha-beta T cell proliferation,0.003346450246015508,True,"""Any process that activates or increases the frequency, rate or extent of alpha-beta T cell proliferation."" [GOC:ai]",25,7396,18,20972,0.0024337479718766902,0.72,query_1,"['GO:0042102', 'GO:0046633', 'GO:0046635', 'GO:0046640']"
GO:BP,GO:0050691,regulation of defense response to virus by host,0.0034156109198549803,True,"""Any host process that modulates the frequency, rate, or extent of the antiviral response of a host cell or organism."" [GOC:ai, GOC:dph]",45,7396,28,20972,0.0037858301784748512,0.6222222222222222,query_1,['GO:0050688']
GO:BP,GO:0001558,regulation of cell growth,0.003518713408949499,True,"""Any process that modulates the frequency, rate, extent or direction of cell growth."" [GOC:go_curators]",399,7396,175,20972,0.02366143861546782,0.43859649122807015,query_1,"['GO:0016049', 'GO:0040008', 'GO:0051128']"
GO:BP,GO:0046031,ADP metabolic process,0.003544457130063883,True,"""The chemical reactions and pathways involving ADP, adenosine 5'-diphosphate."" [GOC:go_curators]",107,7396,56,20972,0.0075716603569497025,0.5233644859813084,query_1,"['GO:0009150', 'GO:0009179']"
GO:BP,GO:1905168,positive regulation of double-strand break repair via homologous recombination,0.003544457130063883,True,"""Any process that activates or increases the frequency, rate or extent of double-strand break repair via homologous recombination."" [GO_REF:0000058, GOC:TermGenie, PMID:12023299]",43,7396,27,20972,0.0036506219578150353,0.627906976744186,query_1,"['GO:0000724', 'GO:0010569', 'GO:0045911', 'GO:2000781']"
GO:BP,GO:0051656,establishment of organelle localization,0.003547067985737402,True,"""The directed movement of an organelle to a specific location."" [GOC:ai]",394,7396,173,20972,0.02339102217414819,0.43908629441624364,query_1,"['GO:0051234', 'GO:0051640']"
GO:BP,GO:0072657,protein localization to membrane,0.0035700595541274583,True,"""A process in which a protein is transported to, or maintained in, a specific location in a membrane."" [GOC:mah]",445,7396,193,20972,0.02609518658734451,0.4337078651685393,query_1,"['GO:0008104', 'GO:0051668']"
GO:BP,GO:0140352,export from cell,0.00358721432893762,True,"""The directed movement of some substance from a cell, into the extracellular region. This may occur via transport across the plasma membrane or via exocytosis."" [GOC:pg]",914,7396,373,20972,0.050432666306111415,0.40809628008752735,query_1,"['GO:0006810', 'GO:0009987']"
GO:BP,GO:0006282,regulation of DNA repair,0.00358721432893762,True,"""Any process that modulates the frequency, rate or extent of DNA repair."" [GOC:go_curators]",229,7396,107,20972,0.014467279610600325,0.4672489082969432,query_1,"['GO:0006281', 'GO:0051052', 'GO:0080135']"
GO:BP,GO:0038093,Fc receptor signaling pathway,0.003601174583227191,True,"""The series of molecular signals initiated by the binding of the Fc portion of an immunoglobulin to an Fc receptor on the surface of a target cell, and ending with the regulation of a downstream cellular process, e.g. transcription. The Fc portion of an immunoglobulin is its C-terminal constant region."" [GOC:phg, Wikipedia:Fc_receptor]",60,7396,35,20972,0.004732287723093564,0.5833333333333334,query_1,['GO:0002768']
GO:BP,GO:0006998,nuclear envelope organization,0.003601174583227191,True,"""A process that is carried out at the cellular level which results in the assembly, arrangement of constituent parts, or disassembly of the nuclear envelope."" [GOC:dph, GOC:ems, GOC:jl, GOC:mah]",60,7396,35,20972,0.004732287723093564,0.5833333333333334,query_1,"['GO:0006997', 'GO:0010256', 'GO:0061024']"
GO:BP,GO:0070231,T cell apoptotic process,0.003601174583227191,True,"""Any apoptotic process in a T cell, a type of lymphocyte whose defining characteristic is the expression of a T cell receptor complex."" [CL:0000084, GOC:add, GOC:mtg_apoptosis, ISBN:0781765196]",60,7396,35,20972,0.004732287723093564,0.5833333333333334,query_1,['GO:0070227']
GO:BP,GO:0072539,T-helper 17 cell differentiation,0.003632774912723858,True,"""The process in which a relatively unspecialized T cell acquires the specialized features of a T-helper 17 (Th17) cell. A Th17 cell is a CD4-positive, alpha-beta T cell with the phenotype RORgamma-t-positive that produces IL-17."" [CL:0000899, GOC:BHF, GOC:ebc]",41,7396,26,20972,0.003515413737155219,0.6341463414634146,query_1,"['GO:0002287', 'GO:0002292', 'GO:0042093', 'GO:0072538']"
GO:BP,GO:0030953,astral microtubule organization,0.0036402460983251915,True,"""A process that is carried out at the cellular level which results in the assembly, arrangement of constituent parts, or disassembly of astral microtubules, any of the spindle microtubules that radiate in all directions from the spindle poles."" [GOC:mah]",11,7396,10,20972,0.0013520822065981612,0.9090909090909091,query_1,"['GO:0007051', 'GO:0031122']"
GO:BP,GO:0043374,"CD8-positive, alpha-beta T cell differentiation",0.003641576939660063,True,"""The process in which a relatively unspecialized T cell acquires specialized features of a mature CD8-positive, alpha-beta T cell."" [ISBN:0781735149]",16,7396,13,20972,0.0017577068685776095,0.8125,query_1,"['GO:0036037', 'GO:0046632']"
GO:BP,GO:0045814,"negative regulation of gene expression, epigenetic",0.003687455563444473,True,"""An epigenetic process that silences gene expression at specific genomic regions through chromatin remodeling either by modifying higher order chromatin fiber structure, nucleosomal histones, or the cytosine DNA methylation."" [PMID:22243696]",195,7396,93,20972,0.012574364521362898,0.47692307692307695,query_1,"['GO:0010629', 'GO:0040029']"
GO:BP,GO:0002295,T-helper cell lineage commitment,0.0036912647719309537,True,"""The process in which a CD4-positive, alpha-beta T cell becomes committed to becoming a T-helper cell, a CD4-positive, alpha-beta T cell specialized to promote various immunological processes."" [GOC:add, ISBN:0781735149]",29,7396,20,20972,0.0027041644131963224,0.6896551724137931,query_1,"['GO:0042093', 'GO:0043373']"
GO:BP,GO:0036037,"CD8-positive, alpha-beta T cell activation",0.0036912647719309537,True,"""The change in morphology and behavior of a CD8-positive, alpha-beta T cell resulting from exposure to a mitogen, cytokine, chemokine, cellular ligand, or an antigen for which it is specific."" [CL:0000625, GOC:yaf]",29,7396,20,20972,0.0027041644131963224,0.6896551724137931,query_1,['GO:0046631']
GO:BP,GO:2000779,regulation of double-strand break repair,0.003696180328166801,True,"""Any process that modulates the frequency, rate or extent of double-strand break repair."" [GOC:BHF]",147,7396,73,20972,0.009870200108166577,0.4965986394557823,query_1,"['GO:0006282', 'GO:0006302']"
GO:BP,GO:0061081,positive regulation of myeloid leukocyte cytokine production involved in immune response,0.0037622636338540028,True,"""Any process that modulates the rate, frequency, or extent of the production of a cytokine that contributes to the immune response."" [GOC:BHF, GOC:dph]",33,7396,22,20972,0.0029745808545159546,0.6666666666666666,query_1,"['GO:0002720', 'GO:0061082']"
GO:BP,GO:0035601,protein deacylation,0.0037622636338540028,True,"""The removal of an acyl group, any group or radical of the form RCO- where R is an organic group, from a protein amino acid."" [GOC:se, PMID:12080046]",33,7396,22,20972,0.0029745808545159546,0.6666666666666666,query_1,"['GO:0036211', 'GO:0098732']"
GO:BP,GO:2000515,"negative regulation of CD4-positive, alpha-beta T cell activation",0.0037622636338540028,True,"""Any process that stops, prevents or reduces the frequency, rate or extent of CD4-positive, alpha-beta T cell activation."" [GOC:obol]",37,7396,24,20972,0.003244997295835587,0.6486486486486487,query_1,"['GO:0035710', 'GO:0046636', 'GO:2000514']"
GO:BP,GO:0034204,lipid translocation,0.0037622636338540028,True,"""The translocation, or flipping, of lipid molecules from one monolayer of a membrane bilayer to the opposite monolayer."" [GOC:mah]",58,7396,34,20972,0.004597079502433748,0.5862068965517241,query_1,"['GO:0006869', 'GO:0097035']"
GO:BP,GO:0048147,negative regulation of fibroblast proliferation,0.0037622636338540028,True,"""Any process that stops, prevents, or reduces the frequency, rate or extent of multiplication or reproduction of fibroblast cells."" [GOC:jid]",35,7396,23,20972,0.0031097890751757705,0.6571428571428571,query_1,"['GO:0008285', 'GO:0048144', 'GO:0048145']"
GO:BP,GO:0019082,viral protein processing,0.0037622636338540028,True,"""Any protein maturation process achieved by the cleavage of a peptide bond or bonds within a viral protein."" [GOC:bf, GOC:jl, ISBN:0781702534]",31,7396,21,20972,0.0028393726338561383,0.6774193548387096,query_1,"['GO:0016032', 'GO:0019080']"
GO:BP,GO:0032633,interleukin-4 production,0.0037622636338540028,True,"""The appearance of interleukin-4 due to biosynthesis or secretion following a cellular stimulus, resulting in an increase in its intracellular or extracellular levels."" [GOC:mah]",33,7396,22,20972,0.0029745808545159546,0.6666666666666666,query_1,['GO:0001816']
GO:BP,GO:0046329,negative regulation of JNK cascade,0.0037622636338540028,True,"""Any process that stops, prevents, or reduces the frequency, rate or extent of signal transduction mediated by the JNK cascade."" [GOC:bf]",35,7396,23,20972,0.0031097890751757705,0.6571428571428571,query_1,"['GO:0007254', 'GO:0043409', 'GO:0046328']"
GO:BP,GO:0002181,cytoplasmic translation,0.0037622636338540028,True,"""The chemical reactions and pathways resulting in the formation of a protein in the cytoplasm. This is a ribosome-mediated process in which the information in messenger RNA (mRNA) is used to specify the sequence of amino acids in the protein."" [GOC:hjd]",200,7396,95,20972,0.012844780962682531,0.475,query_1,['GO:0006412']
GO:BP,GO:0002507,tolerance induction,0.0037622636338540028,True,"""A process that directly activates any of the steps required for tolerance, a physiologic state in which the immune system does not react destructively against the components of an organism that harbors it or against antigens that are introduced to it."" [GO_REF:0000022, GOC:jal, ISBN:0781735149]",31,7396,21,20972,0.0028393726338561383,0.6774193548387096,query_1,"['GO:0002376', 'GO:0002520']"
GO:BP,GO:0015749,monosaccharide transmembrane transport,0.0037622636338540028,True,"""The process in which a monosaccharide is transported across a lipid bilayer, from one side of a membrane to the other. Monosaccharides are the simplest carbohydrates; they are polyhydric alcohols containing either an aldehyde or a keto group and between three to ten or more carbon atoms. They form the constitutional repeating units of oligo- and polysaccharides."" [GO_REF:0000069, GOC:TermGenie, GOC:vw]",105,7396,55,20972,0.007436452136289886,0.5238095238095238,query_1,['GO:0034219']
GO:BP,GO:0032673,regulation of interleukin-4 production,0.0037622636338540028,True,"""Any process that modulates the frequency, rate, or extent of interleukin-4 production."" [GOC:mah, PMID:29778524]",33,7396,22,20972,0.0029745808545159546,0.6666666666666666,query_1,"['GO:0001817', 'GO:0032633']"
GO:BP,GO:0032743,positive regulation of interleukin-2 production,0.0037622636338540028,True,"""Any process that activates or increases the frequency, rate, or extent of interleukin-2 production."" [GOC:mah]",35,7396,23,20972,0.0031097890751757705,0.6571428571428571,query_1,"['GO:0001819', 'GO:0032623', 'GO:0032663']"
GO:BP,GO:0032786,"positive regulation of DNA-templated transcription, elongation",0.0037622636338540028,True,"""Any process that activates or increases the frequency, rate or extent of transcription elongation, the extension of an RNA molecule after transcription initiation and promoter clearance by the addition of ribonucleotides catalyzed by a DNA-dependent RNA polymerase."" [GOC:mah, GOC:txnOH]",58,7396,34,20972,0.004597079502433748,0.5862068965517241,query_1,"['GO:0006354', 'GO:0032784', 'GO:0045893']"
GO:BP,GO:0060765,regulation of androgen receptor signaling pathway,0.0037622636338540028,True,"""Any process that modulates the rate, frequency, or extent of the androgen receptor signaling pathway."" [GOC:dph]",31,7396,21,20972,0.0028393726338561383,0.6774193548387096,query_1,"['GO:0030521', 'GO:0033143']"
GO:BP,GO:0031077,post-embryonic camera-type eye development,0.0038133753906825713,True,"""The process occurring during the post-embryonic phase whose specific outcome is the progression of the camera-type eye over time, from its formation to the mature structure."" [GOC:mah, GOC:mtg_sensu]",8,7396,8,20972,0.001081665765278529,1.0,query_1,"['GO:0009791', 'GO:0043010']"
GO:BP,GO:0002824,positive regulation of adaptive immune response based on somatic recombination of immune receptors built from immunoglobulin superfamily domains,0.0038411556301324915,True,"""Any process that activates or increases the frequency, rate, or extent of an adaptive immune response based on somatic recombination of immune receptors built from immunoglobulin superfamily domains. An example of this process is found in the Gnathostomata."" [GOC:add, GOC:mtg_sensu]",126,7396,64,20972,0.008653326122228232,0.5079365079365079,query_1,"['GO:0002460', 'GO:0002821', 'GO:0002822']"
GO:BP,GO:0034767,positive regulation of monoatomic ion transmembrane transport,0.0038411556301324915,True,"""Any process that activates or increases the frequency, rate or extent of the directed movement of ions from one side of a membrane to the other."" [GOC:mah]",126,7396,64,20972,0.008653326122228232,0.5079365079365079,query_1,"['GO:0034220', 'GO:0034764', 'GO:0034765', 'GO:0043270']"
GO:BP,GO:0009166,nucleotide catabolic process,0.003897152674439982,True,"""The chemical reactions and pathways resulting in the breakdown of nucleotides, any nucleoside that is esterified with (ortho)phosphate or an oligophosphate at any hydroxyl group on the glycose moiety; may be mono-, di- or triphosphate; this definition includes cyclic-nucleotides (nucleoside cyclic phosphates)."" [GOC:go_curators]",164,7396,80,20972,0.01081665765278529,0.4878048780487805,query_1,"['GO:0009117', 'GO:1901292']"
GO:BP,GO:0002262,myeloid cell homeostasis,0.004038153821335489,True,"""The process of regulating the proliferation and elimination of myeloid cells such that the total number of myeloid cells within a whole or part of an organism is stable over time in the absence of an outside stimulus."" [CL:0000763, GOC:add]",181,7396,87,20972,0.011763115197404002,0.48066298342541436,query_1,"['GO:0002376', 'GO:0048872']"
GO:BP,GO:0140694,membraneless organelle assembly,0.0040761396063090805,True,"""The aggregation, arrangement and bonding together of a set of components to form a non-membrane-bounded organelle."" [PMID:28225081]",436,7396,189,20972,0.025554353704705247,0.4334862385321101,query_1,['GO:0070925']
GO:BP,GO:0009137,purine nucleoside diphosphate catabolic process,0.004094793350238787,True,"""The chemical reactions and pathways resulting in the breakdown of purine nucleoside diphosphate, a compound consisting of a purine base linked to a ribose or deoxyribose sugar esterified with diphosphate on the sugar."" [GOC:go_curators, ISBN:0198506732]",103,7396,54,20972,0.007301243915630071,0.5242718446601942,query_1,"['GO:0009134', 'GO:0009135']"
GO:BP,GO:0009181,purine ribonucleoside diphosphate catabolic process,0.004094793350238787,True,"""The chemical reactions and pathways resulting in the breakdown of purine ribonucleoside diphosphate, a compound consisting of a purine base linked to a ribose sugar esterified with diphosphate on the sugar."" [GOC:go_curators, ISBN:0198506732]",103,7396,54,20972,0.007301243915630071,0.5242718446601942,query_1,"['GO:0009137', 'GO:0009179', 'GO:0009191']"
GO:BP,GO:0009154,purine ribonucleotide catabolic process,0.004152848357999612,True,"""The chemical reactions and pathways resulting in the breakdown of a purine ribonucleotide, a compound consisting of ribonucleoside (a purine base linked to a ribose sugar) esterified with a phosphate group at either the 3' or 5'-hydroxyl group of the sugar."" [GOC:go_curators, ISBN:0198506732]",131,7396,66,20972,0.008923742563547863,0.5038167938931297,query_1,"['GO:0006195', 'GO:0009150', 'GO:0009261']"
GO:BP,GO:0045600,positive regulation of fat cell differentiation,0.004192220253403915,True,"""Any process that activates or increases the frequency, rate or extent of adipocyte differentiation."" [GOC:go_curators]",67,7396,38,20972,0.005137912385073012,0.5671641791044776,query_1,"['GO:0045444', 'GO:0045597', 'GO:0045598']"
GO:BP,GO:0040029,epigenetic regulation of gene expression,0.004192220253403915,True,"""A process that modulates the frequency, rate or extent of gene expression through chromatin remodeling either by modifying higher order chromatin fiber structure, nucleosomal histones, or cytosine methylation of DNA. Once established, this regulation may be maintained over many cell divisions. It can also be heritable in the absence of the instigating signal."" [PMID:10521337, PMID:11498582, PMID:22243696, PMID:34414474]",297,7396,134,20972,0.01811790156841536,0.4511784511784512,query_1,"['GO:0006338', 'GO:0010468']"
GO:BP,GO:0097696,cell surface receptor signaling pathway via STAT,0.004192220253403915,True,"""An intracellular signal transduction process in which STAT proteins (Signal Transducers and Activators of Transcription) convey a signal to trigger a change in the activity or state of a cell. The STAT cascade begins with receptor activation followed by activation of STAT proteins by kinases. It proceeds through STA dimerization and subsequent nuclear translocation of STAT proteins, and ends with regulation of target gene expression by STAT proteins."" [GOC:rjd, PMID:21534947, PMID:24587195]",150,7396,74,20972,0.010005408328826392,0.49333333333333335,query_1,['GO:0007166']
GO:BP,GO:0030888,regulation of B cell proliferation,0.004192220253403915,True,"""Any process that modulates the frequency, rate or extent of B cell proliferation."" [GOC:mah]",67,7396,38,20972,0.005137912385073012,0.5671641791044776,query_1,"['GO:0042100', 'GO:0050670', 'GO:0050864']"
GO:BP,GO:1904064,positive regulation of cation transmembrane transport,0.004192220253403915,True,"""Any process that activates or increases the frequency, rate or extent of cation transmembrane transport."" [GO_REF:0000058, GOC:TermGenie, PMID:15304482]",117,7396,60,20972,0.008112493239588967,0.5128205128205128,query_1,"['GO:0034767', 'GO:0098655', 'GO:1904062']"
GO:BP,GO:0050801,monoatomic ion homeostasis,0.004393506034420437,True,"""Any process involved in the maintenance of an internal steady state of monoatomic ions within an organism or cell. Monatomic ions (also called simple ions) are ions consisting of exactly one atom."" [GOC:ai]",524,7396,223,20972,0.030151433207138995,0.4255725190839695,query_1,['GO:0048878']
GO:BP,GO:0051651,maintenance of location in cell,0.004399108813199896,True,"""Any process in which a substance or cellular entity, such as a protein complex or organelle, is maintained in a specific location within, or in the membrane of, a cell, and is prevented from moving elsewhere."" [GOC:ai]",76,7396,42,20972,0.005678745267712277,0.5526315789473685,query_1,"['GO:0009987', 'GO:0051235', 'GO:0051641']"
GO:BP,GO:1903313,positive regulation of mRNA metabolic process,0.004442175904662414,True,"""Any process that activates or increases the frequency, rate or extent of mRNA metabolic process."" [GO_REF:0000058, GOC:TermGenie, GOC:vw]",136,7396,68,20972,0.009194159004867496,0.5,query_1,"['GO:0016071', 'GO:0051254', 'GO:1903311']"
GO:BP,GO:0090092,regulation of transmembrane receptor protein serine/threonine kinase signaling pathway,0.00450008786497746,True,"""Any process that modulates the rate, frequency, or extent of the series of molecular signals generated as a consequence of a transmembrane receptor serine/threonine kinase binding to its physiological ligand."" [GOC:dph, GOC:tb]",270,7396,123,20972,0.01663061114115738,0.45555555555555555,query_1,"['GO:0007178', 'GO:0009966']"
GO:BP,GO:0050856,regulation of T cell receptor signaling pathway,0.0045146608299009095,True,"""Any process that modulates the frequency, rate or extent of signaling pathways initiated by the cross-linking of an antigen receptor on a T cell."" [GOC:ai]",52,7396,31,20972,0.0041914548404543,0.5961538461538461,query_1,"['GO:0050852', 'GO:0050854']"
GO:BP,GO:0019079,viral genome replication,0.004578765455023982,True,"""Any process involved directly in viral genome replication, including viral nucleotide metabolism."" [ISBN:0781702534]",115,7396,59,20972,0.00797728501892915,0.5130434782608696,query_1,"['GO:0016032', 'GO:0019058']"
GO:BP,GO:0001933,negative regulation of protein phosphorylation,0.004578765455023982,True,"""Any process that stops, prevents or reduces the rate of addition of phosphate groups to amino acids within a protein."" [GOC:hjd]",148,7396,73,20972,0.009870200108166577,0.49324324324324326,query_1,"['GO:0001932', 'GO:0006468', 'GO:0031400', 'GO:0042326']"
GO:BP,GO:0010976,positive regulation of neuron projection development,0.004578765455023982,True,"""Any process that increases the rate, frequency or extent of neuron projection development. Neuron projection development is the process whose specific outcome is the progression of a neuron projection over time, from its formation to the mature structure. A neuron projection is any process extending from a neural cell, such as axons or dendrites (collectively called neurites)."" [GOC:dph, GOC:tb]",148,7396,73,20972,0.009870200108166577,0.49324324324324326,query_1,"['GO:0010975', 'GO:0031175', 'GO:0031346']"
GO:BP,GO:0070828,heterochromatin organization,0.004601496617302699,True,"""Any process that results in the specification, formation or maintenance of the physical structure of eukaryotic heterochromatin, a compact and highly condensed form of chromatin."" [GOC:mah]",172,7396,83,20972,0.011222282314764737,0.48255813953488375,query_1,['GO:0006325']
GO:BP,GO:0051260,protein homooligomerization,0.004602712812028713,True,"""The process of creating protein oligomers, compounds composed of a small number, usually between three and ten, of identical component monomers. Oligomers may be formed by the polymerization of a number of monomers or the depolymerization of a large protein polymer."" [GOC:ai]",206,7396,97,20972,0.013115197404002164,0.470873786407767,query_1,['GO:0051259']
GO:BP,GO:0043487,regulation of RNA stability,0.004652777818480676,True,"""Any process that modulates the propensity of RNA molecules to degradation. Includes processes that both stabilize and destabilize RNAs."" [GOC:jl]",189,7396,90,20972,0.012168739859383451,0.47619047619047616,query_1,"['GO:0006401', 'GO:0009894', 'GO:0010608', 'GO:0051252', 'GO:0065008']"
GO:BP,GO:0010569,regulation of double-strand break repair via homologous recombination,0.004787331625507844,True,"""Any process that modulates the frequency, rate or extent of the error-free repair of a double-strand break in DNA in which the broken DNA molecule is repaired using homologous sequences."" [GOC:dph, GOC:jp, GOC:tb]",83,7396,45,20972,0.006084369929691726,0.5421686746987951,query_1,"['GO:0000018', 'GO:0000724', 'GO:2000779']"
GO:BP,GO:0090287,regulation of cellular response to growth factor stimulus,0.004818832442702501,True,"""Any process that modulates the rate, frequency, or extent of a change in state or activity of a cell (in terms of movement, secretion, enzyme production, gene expression, etc.) as a result of a growth factor stimulus."" [GOC:tb]",318,7396,142,20972,0.01919956733369389,0.44654088050314467,query_1,"['GO:0048583', 'GO:0071363']"
GO:BP,GO:0046496,nicotinamide nucleotide metabolic process,0.004823873680815524,True,"""The chemical reactions and pathways involving nicotinamide nucleotides, any nucleotide that contains combined nicotinamide."" [ISBN:0198506732]",165,7396,80,20972,0.01081665765278529,0.48484848484848486,query_1,"['GO:0009117', 'GO:0072524']"
GO:BP,GO:0043467,regulation of generation of precursor metabolites and energy,0.004829616334190043,True,"""Any process that modulates the frequency, rate or extent of the chemical reactions and pathways resulting in the formation of precursor metabolites, substances from which energy is derived, and the processes involved in the liberation of energy from these substances."" [GOC:jl]",134,7396,67,20972,0.00905895078420768,0.5,query_1,"['GO:0006091', 'GO:0019222']"
GO:BP,GO:0016444,somatic cell DNA recombination,0.005148892970759694,True,"""Recombination occurring within or between DNA molecules in somatic cells."" [GOC:ma]",72,7396,40,20972,0.005408328826392645,0.5555555555555556,query_1,['GO:0006310']
GO:BP,GO:0045669,positive regulation of osteoblast differentiation,0.005148892970759694,True,"""Any process that activates or increases the frequency, rate or extent of osteoblast differentiation."" [GOC:go_curators]",72,7396,40,20972,0.005408328826392645,0.5555555555555556,query_1,"['GO:0001649', 'GO:0045597', 'GO:0045667']"
GO:BP,GO:0002562,somatic diversification of immune receptors via germline recombination within a single locus,0.005148892970759694,True,"""The process in which immune receptor genes are diversified through recombination of the germline genetic elements within a single genetic locus."" [GOC:add, ISBN:0781735149, PMID:16102575, PMID:16166509]",72,7396,40,20972,0.005408328826392645,0.5555555555555556,query_1,"['GO:0002200', 'GO:0016444']"
GO:BP,GO:0017015,regulation of transforming growth factor beta receptor signaling pathway,0.0051550737692866834,True,"""Any process that modulates the frequency, rate or extent of activity of any TGF-beta receptor signaling pathway."" [GOC:mah]",139,7396,69,20972,0.009329367225527312,0.49640287769784175,query_1,"['GO:0007179', 'GO:0090092', 'GO:1903844']"
GO:BP,GO:0002643,regulation of tolerance induction,0.0052005914406705964,True,"""Any process that modulates the frequency, rate, or extent of tolerance induction."" [GOC:add]",20,7396,15,20972,0.0020281233098972417,0.75,query_1,"['GO:0002507', 'GO:0002682']"
GO:BP,GO:0061013,regulation of mRNA catabolic process,0.005212548429807851,True,"""Any process that modulates the rate, frequency, or extent of a mRNA catabolic process, the chemical reactions and pathways resulting in the breakdown of RNA, ribonucleic acid, one of the two main type of nucleic acid, consisting of a long, unbranched macromolecule formed from ribonucleotides joined in 3',5'-phosphodiester linkage."" [GOC:ascb_2009, GOC:dph, GOC:tb]",192,7396,91,20972,0.012303948080043267,0.4739583333333333,query_1,"['GO:0006402', 'GO:0009894', 'GO:0010468', 'GO:1903311']"
GO:BP,GO:0002698,negative regulation of immune effector process,0.005398708992407088,True,"""Any process that stops, prevents, or reduces the frequency, rate, or extent of an immune effector process."" [GOC:add]",125,7396,63,20972,0.008518117901568416,0.504,query_1,"['GO:0002252', 'GO:0002683', 'GO:0002697']"
GO:BP,GO:0042102,positive regulation of T cell proliferation,0.005415399277766326,True,"""Any process that activates or increases the rate or extent of T cell proliferation."" [GOC:ai]",104,7396,54,20972,0.007301243915630071,0.5192307692307693,query_1,"['GO:0042098', 'GO:0042129', 'GO:0050671', 'GO:0050870']"
GO:BP,GO:0030335,positive regulation of cell migration,0.005432208362548605,True,"""Any process that activates or increases the frequency, rate or extent of cell migration."" [GOC:go_curators]",544,7396,230,20972,0.031097890751757708,0.4227941176470588,query_1,"['GO:0016477', 'GO:0030334', 'GO:2000147']"
GO:BP,GO:0019318,hexose metabolic process,0.005437106283018949,True,"""The chemical reactions and pathways involving a hexose, any monosaccharide with a chain of six carbon atoms in the molecule."" [ISBN:0198506732]",229,7396,106,20972,0.014332071389940509,0.462882096069869,query_1,['GO:0005996']
GO:BP,GO:0006661,phosphatidylinositol biosynthetic process,0.0054395768714814545,True,"""The chemical reactions and pathways resulting in the formation of phosphatidylinositol, any glycophospholipid in which the sn-glycerol 3-phosphate residue is esterified to the 1-hydroxyl group of 1D-myo-inositol."" [ISBN:0198506732]",118,7396,60,20972,0.008112493239588967,0.5084745762711864,query_1,"['GO:0046474', 'GO:0046488']"
GO:BP,GO:0055080,monoatomic cation homeostasis,0.005444983657852343,True,"""Any process involved in the maintenance of an internal steady state of monoatomic cations within an organism or cell. Monatomic cations (also called simple cations) are cations consisting of exactly one atom."" [GOC:ceb, GOC:jid, GOC:mah]",513,7396,218,20972,0.029475392103839912,0.4249512670565302,query_1,['GO:0050801']
GO:BP,GO:0006809,nitric oxide biosynthetic process,0.005553309296570307,True,"""The chemical reactions and pathways resulting in the formation of nitric oxide, nitrogen monoxide (NO), a colorless gas only slightly soluble in water."" [GOC:ai]",70,7396,39,20972,0.0052731206057328285,0.5571428571428572,query_1,"['GO:0009058', 'GO:0046209']"
GO:BP,GO:0043436,oxoacid metabolic process,0.005556269519195953,True,"""The chemical reactions and pathways involving any oxoacid; an oxoacid is a compound which contains oxygen, at least one other element, and at least one hydrogen bound to oxygen, and which produces a conjugate base by loss of positive hydrogen ion(s) (hydrons)."" [Wikipedia:Oxyacid]",885,7396,360,20972,0.048674959437533805,0.4067796610169492,query_1,['GO:0006082']
GO:BP,GO:0007017,microtubule-based process,0.005565323089217172,True,"""Any cellular process that depends upon or alters the microtubule cytoskeleton, that part of the cytoskeleton comprising microtubules and their associated proteins."" [GOC:mah]",1015,7396,409,20972,0.05530016224986479,0.40295566502463054,query_1,['GO:0009987']
GO:BP,GO:0008033,tRNA processing,0.005606399273097458,True,"""The process in which a pre-tRNA molecule is converted to a mature tRNA, ready for addition of an aminoacyl group."" [GOC:jl, PMID:12533506]",137,7396,68,20972,0.009194159004867496,0.49635036496350365,query_1,"['GO:0006396', 'GO:0006399']"
GO:BP,GO:0051235,maintenance of location,0.005620748666484595,True,"""Any process in which a cell, substance or cellular entity, such as a protein complex or organelle, is maintained in a location and prevented from moving elsewhere."" [GOC:ai, GOC:dph, GOC:tb]",79,7396,43,20972,0.005813953488372093,0.5443037974683544,query_1,['GO:0051179']
GO:BP,GO:0072524,pyridine-containing compound metabolic process,0.005643408927747611,True,"""The chemical reactions and pathways involving a pyridine-containing compound, i.e. any compound that contains pyridine or a formal derivative thereof."" [GOC:mah]",173,7396,83,20972,0.011222282314764737,0.4797687861271676,query_1,['GO:0008152']
GO:BP,GO:0098869,cellular oxidant detoxification,0.005738085617636736,True,"""Any process carried out at the cellular level that reduces or removes the toxicity superoxide radicals or hydrogen peroxide."" [GOC:dos, GOC:vw]",95,7396,50,20972,0.006760411032990805,0.5263157894736842,query_1,['GO:1990748']
GO:BP,GO:0009185,ribonucleoside diphosphate metabolic process,0.005742035093679303,True,"""The chemical reactions and pathways involving a ribonucleoside diphosphate, a compound consisting of a nucleobase linked to a ribose sugar esterified with diphosphate on the sugar."" [GOC:go_curators, ISBN:0198506732]",130,7396,65,20972,0.008788534342888048,0.5,query_1,['GO:0009132']
GO:BP,GO:0045947,negative regulation of translational initiation,0.00574331166696412,True,"""Any process that stops, prevents, or reduces the frequency, rate or extent of translational initiation."" [GOC:go_curators]",22,7396,16,20972,0.002163331530557058,0.7272727272727273,query_1,"['GO:0006413', 'GO:0006446', 'GO:0017148']"
GO:BP,GO:0070232,regulation of T cell apoptotic process,0.005773325048173436,True,"""Any process that modulates the occurrence or rate of T cell death by apoptotic process."" [GOC:add, GOC:mtg_apoptosis, ISBN:0781765196]",42,7396,26,20972,0.003515413737155219,0.6190476190476191,query_1,"['GO:0070228', 'GO:0070231']"
GO:BP,GO:0032728,positive regulation of interferon-beta production,0.005773325048173436,True,"""Any process that activates or increases the frequency, rate, or extent of interferon-beta production."" [GOC:mah, PMID:15546383]",42,7396,26,20972,0.003515413737155219,0.6190476190476191,query_1,"['GO:0032481', 'GO:0032608', 'GO:0032648']"
GO:BP,GO:0046839,phospholipid dephosphorylation,0.005773325048173436,True,"""The process of removing one or more phosphate groups from a phosphorylated lipid, any member of a group of substances soluble in lipid solvents but only sparingly soluble in aqueous solvents."" [ISBN:0198506732]",42,7396,26,20972,0.003515413737155219,0.6190476190476191,query_1,"['GO:0016311', 'GO:0030258']"
GO:BP,GO:0008361,regulation of cell size,0.005798694870506827,True,"""Any process that modulates the size of a cell."" [GOC:go_curators]",178,7396,85,20972,0.01149269875608437,0.47752808988764045,query_1,['GO:0032535']
GO:BP,GO:0043434,response to peptide hormone,0.005874424075276482,True,"""Any process that results in a change in state or activity of a cell or an organism (in terms of movement, secretion, enzyme production, gene expression, etc.) as a result of a peptide hormone stimulus. A peptide hormone is any of a class of peptides that are secreted into the blood stream and have endocrine functions in living animals."" [PMID:11027914, PMID:15134857, Wikipedia:Peptide_hormone]",457,7396,196,20972,0.02650081124932396,0.4288840262582057,query_1,"['GO:0009725', 'GO:1901698', 'GO:1901700']"
GO:BP,GO:0010821,regulation of mitochondrion organization,0.005888269598706003,True,"""Any process that modulates the frequency, rate or extent of a process involved in the formation, arrangement of constituent parts, or disassembly of a mitochondrion."" [GOC:dph, GOC:tb]",116,7396,59,20972,0.00797728501892915,0.5086206896551724,query_1,"['GO:0007005', 'GO:0033043']"
GO:BP,GO:0032481,positive regulation of type I interferon production,0.0060821545987215135,True,"""Any process that activates or increases the frequency, rate, or extent of type I interferon production. Type I interferons include the interferon-alpha, beta, delta, episilon, zeta, kappa, tau, and omega gene families."" [GOC:add, GOC:mah]",77,7396,42,20972,0.005678745267712277,0.5454545454545454,query_1,"['GO:0001819', 'GO:0032479', 'GO:0032606']"
GO:BP,GO:0005996,monosaccharide metabolic process,0.006089564767249056,True,"""The chemical reactions and pathways involving monosaccharides, the simplest carbohydrates. They are polyhydric alcohols containing either an aldehyde or a keto group and between three to ten or more carbon atoms. They form the constitutional repeating units of oligo- and polysaccharides."" [ISBN:0198506732]",252,7396,115,20972,0.015548945375878854,0.45634920634920634,query_1,"['GO:0005975', 'GO:0044281']"
GO:BP,GO:0090335,regulation of brown fat cell differentiation,0.0061539422640325666,True,"""Any process that modulates the rate, frequency, or extent of brown fat cell differentiation. Brown fat cell differentiation is the process in which a relatively unspecialized cell acquires specialized features of a brown adipocyte, an animal connective tissue cell involved in adaptive thermogenesis. Brown adipocytes contain multiple small droplets of triglycerides and a high number of mitochondria."" [GOC:tb]",24,7396,17,20972,0.002298539751216874,0.7083333333333334,query_1,"['GO:0045598', 'GO:0050873']"
GO:BP,GO:0009987,cellular process,0.0061797351812609294,True,"""Any process that is carried out at the cellular level, but not necessarily restricted to a single cell. For example, cell communication occurs among more than one cell, but occurs at the cellular level."" [GOC:go_curators, GOC:isa_complete]",20233,7396,7178,20972,0.9705246078961601,0.35476696485938813,query_1,['GO:0008150']
GO:BP,GO:0002832,negative regulation of response to biotic stimulus,0.006248010826061682,True,"""Any process that stops, prevents, or reduces the frequency, rate, or extent of a response to biotic stimulus."" [GOC:add]",128,7396,64,20972,0.008653326122228232,0.5,query_1,"['GO:0002831', 'GO:0009607', 'GO:0048585']"
GO:BP,GO:0043488,regulation of mRNA stability,0.006325065090182256,True,"""Any process that modulates the propensity of mRNA molecules to degradation. Includes processes that both stabilize and destabilize mRNAs."" [GOC:jl]",176,7396,84,20972,0.011357490535424553,0.4772727272727273,query_1,"['GO:0043487', 'GO:0061013']"
GO:BP,GO:0045428,regulation of nitric oxide biosynthetic process,0.0063459891323517995,True,"""Any process that modulates the frequency, rate or extent of the chemical reactions and pathways resulting in the formation of nitric oxide."" [GOC:go_curators]",55,7396,32,20972,0.004326663061114116,0.5818181818181818,query_1,"['GO:0006809', 'GO:0009889', 'GO:0080164']"
GO:BP,GO:1990748,cellular detoxification,0.006359694448890917,True,"""Any process carried out at the cellular level that reduces or removes the toxicity of a toxic substance. These may include transport of the toxic substance away from sensitive areas and to compartments or complexes whose purpose is sequestration of the toxic substance."" [GOC:vw]",121,7396,61,20972,0.008247701460248783,0.5041322314049587,query_1,"['GO:0009987', 'GO:0097237', 'GO:0098754']"
GO:BP,GO:0046032,ADP catabolic process,0.00636604211461477,True,"""The chemical reactions and pathways resulting in the breakdown of ADP, adenosine 5'-diphosphate."" [GOC:go_curators]",100,7396,52,20972,0.007030827474310438,0.52,query_1,"['GO:0009154', 'GO:0009181', 'GO:0046031']"
GO:BP,GO:0034138,toll-like receptor 3 signaling pathway,0.006389801767760923,True,"""The series of molecular signals initiated by a ligand binding to the endolysosomal toll-like receptor 3."" [GOC:add, PMID:16551253, PMID:17328678]",26,7396,18,20972,0.0024337479718766902,0.6923076923076923,query_1,['GO:0140894']
GO:BP,GO:0034394,protein localization to cell surface,0.006389801767760923,True,"""A process in which a protein is transported to, or maintained in, a location within the external part of the cell wall and/or plasma membrane."" [GOC:mah]",66,7396,37,20972,0.005002704164413196,0.5606060606060606,query_1,['GO:0008104']
GO:BP,GO:0044238,primary metabolic process,0.006389801767760923,True,"""The chemical reactions and pathways involving those compounds which are formed as a part of the normal anabolic and catabolic processes. These processes take place in most, if not all, cells of the organism."" [GOC:go_curators]",12170,7396,4406,20972,0.5957274202271499,0.362037797863599,query_1,['GO:0008152']
GO:BP,GO:1900745,positive regulation of p38MAPK cascade,0.006389801767760923,True,"""Any process that activates or increases the frequency, rate or extent of p38MAPK cascade."" [GOC:TermGenie]",26,7396,18,20972,0.0024337479718766902,0.6923076923076923,query_1,"['GO:0038066', 'GO:0043410', 'GO:1900744']"
GO:BP,GO:0000154,rRNA modification,0.006389801767760923,True,"""The covalent alteration of one or more nucleotides within an rRNA molecule to produce an rRNA molecule with a sequence that differs from that coded genetically."" [GOC:curators]",36,7396,23,20972,0.0031097890751757705,0.6388888888888888,query_1,"['GO:0006364', 'GO:0009451']"
GO:BP,GO:0070371,ERK1 and ERK2 cascade,0.0065244865427653296,True,"""A MAPK cascade containing at least the ERK1 or ERK2 MAP kinases. It starts with the activation of a MAP3K, and the consecutive activation of a MPK2K and of ERK1 or ERK2. The cascade can also contain an additional tier: the upstream MAP4K. The kinases in each tier phosphorylate and activate the kinase in the downstream tier. The ERK1/ERK2 cascade is activated by mitogens, growth factors, G protein-coupled receptors, and results in cellular responses such as cell proliferation, cell differentiation and development."" [PMID:20811974, PMID:23125017, PMID:28903453]",300,7396,134,20972,0.01811790156841536,0.44666666666666666,query_1,['GO:0000165']
GO:BP,GO:0039529,RIG-I signaling pathway,0.006557343488754977,True,"""The series of molecular signals initiated by the binding ssRNA or dsRNA from another organism to the cytoplasmic pattern recognition receptor (PRR) RIG-1 (also known as DDX58). RIG-I detects RNA synthesized during viral replication or shed by non-viral pathogens, and triggers a signaling pathway to protect the host against infection, for example by inducing the expression of cytokines."" [GOC:bf, PMID:17328678, PMID:19620789, PMID:21435580, PMID:25579795]",28,7396,19,20972,0.002568956192536506,0.6785714285714286,query_1,['GO:0002753']
GO:BP,GO:0006399,tRNA metabolic process,0.006587815294994279,True,"""The chemical reactions and pathways involving tRNA, transfer RNA, a class of relatively small RNA molecules responsible for mediating the insertion of amino acids into the sequence of nascent polypeptide chains during protein synthesis. Transfer RNA is characterized by the presence of many unusual minor bases, the function of which has not been completely established."" [ISBN:0198506732]",208,7396,97,20972,0.013115197404002164,0.46634615384615385,query_1,['GO:0016070']
GO:BP,GO:0071498,cellular response to fluid shear stress,0.006587815294994279,True,"""Any process that results in a change in state or activity of a cell (in terms of movement, secretion, enzyme production, gene expression, etc.) as a result of a fluid shear stress stimulus. Fluid shear stress is the force acting on an object in a system where the fluid is moving across a solid surface."" [GOC:mah]",32,7396,21,20972,0.0028393726338561383,0.65625,query_1,"['GO:0033554', 'GO:0034405']"
GO:BP,GO:1903146,regulation of autophagy of mitochondrion,0.006740633144454815,True,"""Any process that modulates the frequency, rate or extent of mitochondrion degradation by an autophagic process."" [GO_REF:0000058, GOC:autophagy, GOC:bf, GOC:PARL, GOC:TermGenie, PMID:24600391]",53,7396,31,20972,0.0041914548404543,0.5849056603773585,query_1,"['GO:0000422', 'GO:0010506']"
GO:BP,GO:0006096,glycolytic process,0.0069302556698209805,True,"""The chemical reactions and pathways resulting in the breakdown of a carbohydrate into pyruvate, with the concomitant production of a small amount of ATP and the reduction of NAD(P) to NAD(P)H. Glycolysis begins with the metabolism of a carbohydrate to generate products that can enter the pathway and ends with the production of pyruvate. Pyruvate may be converted to acetyl-coenzyme A, ethanol, lactate, or other small molecules."" [GOC:bf, GOC:dph, ISBN:0201090910, ISBN:0716720094, ISBN:0879010479, Wikipedia:Glycolysis]",98,7396,51,20972,0.006895619253650622,0.5204081632653061,query_1,"['GO:0006090', 'GO:0006091', 'GO:0009060', 'GO:0016052', 'GO:0019364', 'GO:0046032', 'GO:0046034', 'GO:0046496']"
GO:BP,GO:2001234,negative regulation of apoptotic signaling pathway,0.00693336792706598,True,"""Any process that stops, prevents or reduces the frequency, rate or extent of apoptotic signaling pathway."" [GOC:mtg_apoptosis]",228,7396,105,20972,0.014196863169280692,0.4605263157894737,query_1,"['GO:0009968', 'GO:0043066', 'GO:0097190', 'GO:2001233']"
GO:BP,GO:0072526,pyridine-containing compound catabolic process,0.006999023662142269,True,"""The chemical reactions and pathways resulting in the breakdown of a pyridine-containing compound, i.e. any compound that contains pyridine or a formal derivative thereof."" [GOC:mah]",105,7396,54,20972,0.007301243915630071,0.5142857142857142,query_1,"['GO:0009056', 'GO:0072524']"
GO:BP,GO:0006446,regulation of translational initiation,0.0070245166867798645,True,"""Any process that modulates the frequency, rate or extent of translational initiation."" [GOC:go_curators]",82,7396,44,20972,0.005949161709031909,0.5365853658536586,query_1,"['GO:0006413', 'GO:0006417']"
GO:BP,GO:0032940,secretion by cell,0.007032003434820121,True,"""The controlled release of a substance by a cell."" [GOC:mah]",835,7396,340,20972,0.04597079502433748,0.40718562874251496,query_1,"['GO:0046903', 'GO:0140352']"
GO:BP,GO:0060759,regulation of response to cytokine stimulus,0.007032003434820121,True,"""Any process that modulates the rate, frequency, or extent of a response to cytokine stimulus."" [GOC:BHF, GOC:dph, GOC:tb]",179,7396,85,20972,0.01149269875608437,0.4748603351955307,query_1,"['GO:0034097', 'GO:0048583']"
GO:BP,GO:0031348,negative regulation of defense response,0.007147239940538274,True,"""Any process that stops, prevents, or reduces the frequency, rate or extent of a defense response."" [GOC:mah]",263,7396,119,20972,0.01608977825851812,0.4524714828897338,query_1,"['GO:0006952', 'GO:0031347', 'GO:0048585']"
GO:BP,GO:0098655,monoatomic cation transmembrane transport,0.007147621210085334,True,"""The process in which a monoatomic cation is transported across a membrane. Monatomic cations (also called simple cations) are positively charged ions consisting of exactly one atom."" [GOC:dos, GOC:vw]",859,7396,349,20972,0.04718766901027582,0.4062863795110594,query_1,"['GO:0006812', 'GO:0034220']"
GO:BP,GO:0016601,Rac protein signal transduction,0.007173155982587222,True,"""An intracellular signaling cassette in which a small monomeric GTPase of the Rac subfamily relays a signal."" [GOC:bf]",51,7396,30,20972,0.004056246619794483,0.5882352941176471,query_1,['GO:0007264']
GO:BP,GO:0030111,regulation of Wnt signaling pathway,0.007209640350198132,True,"""Any process that modulates the frequency, rate or extent of the activity of the Wnt signal transduction pathway."" [GOC:dph, GOC:mah, GOC:tb]",331,7396,146,20972,0.019740400216333154,0.44108761329305135,query_1,"['GO:0009966', 'GO:0016055']"
GO:BP,GO:0050769,positive regulation of neurogenesis,0.007443512771357311,True,"""Any process that activates or increases the frequency, rate or extent of neurogenesis, the generation of cells within the nervous system."" [GOC:ai]",221,7396,102,20972,0.013791238507301243,0.46153846153846156,query_1,"['GO:0010720', 'GO:0022008', 'GO:0050767', 'GO:0051962']"
GO:BP,GO:0051170,import into nucleus,0.007448544015735115,True,"""The directed movement of substances into the nucleus."" [GOC:ai]",172,7396,82,20972,0.011087074094104922,0.47674418604651164,query_1,['GO:0006913']
GO:BP,GO:0007265,Ras protein signal transduction,0.007538005013411649,True,"""An intracellular signaling cassette in which a small monomeric GTPase of the Ras subfamily relays a signal."" [GOC:bf]",117,7396,59,20972,0.00797728501892915,0.5042735042735043,query_1,['GO:0007264']
GO:BP,GO:0009123,nucleoside monophosphate metabolic process,0.007598019523547911,True,"""The chemical reactions and pathways involving a nucleoside monophosphate, a compound consisting of a nucleobase linked to a deoxyribose or ribose sugar esterified with phosphate on the sugar."" [GOC:go_curators, ISBN:0198506732]",80,7396,43,20972,0.005813953488372093,0.5375,query_1,['GO:0006753']
GO:BP,GO:0032612,interleukin-1 production,0.007598019523547911,True,"""The appearance of interleukin-1 due to biosynthesis or secretion following a cellular stimulus, resulting in an increase in its intracellular or extracellular levels."" [GOC:mah]",110,7396,56,20972,0.0075716603569497025,0.509090909090909,query_1,['GO:0001816']
GO:BP,GO:0043409,negative regulation of MAPK cascade,0.007598019523547911,True,"""Any process that stops, prevents, or reduces the frequency, rate or extent of signal transduction mediated by the MAPKKK cascade."" [GOC:go_curators]",160,7396,77,20972,0.01041103299080584,0.48125,query_1,"['GO:0000165', 'GO:0043408', 'GO:1902532']"
GO:BP,GO:0032652,regulation of interleukin-1 production,0.007598019523547911,True,"""Any process that modulates the frequency, rate, or extent of interleukin-1 production."" [GOC:mah]",110,7396,56,20972,0.0075716603569497025,0.509090909090909,query_1,"['GO:0001817', 'GO:0032612']"
GO:BP,GO:0032760,positive regulation of tumor necrosis factor production,0.007598019523547911,True,"""Any process that activates or increases the frequency, rate or extent of tumor necrosis factor production."" [GO_REF:0000058, GOC:TermGenie, PMID:10891884, PMID:15560120]",103,7396,53,20972,0.007166035694970254,0.5145631067961165,query_1,"['GO:0032640', 'GO:0032680', 'GO:1903557']"
GO:BP,GO:0006082,organic acid metabolic process,0.007910504374620396,True,"""The chemical reactions and pathways involving organic acids, any acidic compound containing carbon in covalent linkage."" [ISBN:0198506732]",892,7396,361,20972,0.04881016765819362,0.4047085201793722,query_1,['GO:0044281']
GO:BP,GO:0034644,cellular response to UV,0.007983254110689907,True,"""Any process that results in a change in state or activity of a cell (in terms of movement, secretion, enzyme production, gene expression, etc.) as a result of an ultraviolet radiation (UV light) stimulus. Ultraviolet radiation is electromagnetic radiation with a wavelength in the range of 10 to 380 nanometers."" [GOC:mah]",87,7396,46,20972,0.006219578150351541,0.5287356321839081,query_1,"['GO:0009411', 'GO:0071482']"
GO:BP,GO:0018212,peptidyl-tyrosine modification,0.007983254110689907,True,"""The modification of peptidyl-tyrosine."" [GOC:go_curators]",141,7396,69,20972,0.009329367225527312,0.48936170212765956,query_1,['GO:0018193']
GO:BP,GO:0019752,carboxylic acid metabolic process,0.007983254110689907,True,"""The chemical reactions and pathways involving carboxylic acids, any organic acid containing one or more carboxyl (COOH) groups or anions (COO-)."" [ISBN:0198506732]",863,7396,350,20972,0.04732287723093564,0.4055619930475087,query_1,['GO:0043436']
GO:BP,GO:0043370,"regulation of CD4-positive, alpha-beta T cell differentiation",0.007983254110689907,True,"""Any process that modulates the frequency, rate, or extent of CD4-positive, alpha-beta T cell differentiation."" [GOC:add, GOC:pr, ISBN:0781735149]",60,7396,34,20972,0.004597079502433748,0.5666666666666667,query_1,"['GO:0043367', 'GO:0046637', 'GO:2000514']"
GO:BP,GO:0045637,regulation of myeloid cell differentiation,0.007983254110689907,True,"""Any process that modulates the frequency, rate or extent of myeloid cell differentiation."" [GOC:go_curators]",214,7396,99,20972,0.013385613845321796,0.46261682242990654,query_1,"['GO:0030099', 'GO:1903706']"
GO:BP,GO:0042771,intrinsic apoptotic signaling pathway in response to DNA damage by p53 class mediator,0.008091143183491181,True,"""The series of molecular signals in which an intracellular signal is conveyed to trigger the apoptotic death of a cell. The pathway is induced by the cell cycle regulator phosphoprotein p53, or an equivalent protein, in response to the detection of DNA damage, and ends when the execution phase of apoptosis is triggered."" [GOC:go_curators, GOC:mtg_apoptosis]",47,7396,28,20972,0.0037858301784748512,0.5957446808510638,query_1,"['GO:0008630', 'GO:0072332']"
GO:BP,GO:2000563,"positive regulation of CD4-positive, alpha-beta T cell proliferation",0.008118342660865037,True,"""Any process that activates or increases the frequency, rate or extent of CD4-positive, alpha-beta T cell proliferation."" [GOC:obol]",10,7396,9,20972,0.0012168739859383451,0.9,query_1,"['GO:0035739', 'GO:0046641', 'GO:2000516', 'GO:2000561']"
GO:BP,GO:0051298,centrosome duplication,0.0082667937259475,True,"""The replication of a centrosome, a structure comprised of a pair of centrioles and peri-centriolar material from which a microtubule spindle apparatus is organized."" [GOC:ai]",78,7396,42,20972,0.005678745267712277,0.5384615384615384,query_1,"['GO:0007098', 'GO:0022402']"
GO:BP,GO:0006898,receptor-mediated endocytosis,0.008332737318128084,True,"""An endocytosis process in which cell surface receptors ensure specificity of transport. A specific receptor on the cell surface binds tightly to the extracellular macromolecule (the ligand) that it recognizes; the plasma-membrane region containing the receptor-ligand complex then undergoes endocytosis, forming a transport vesicle containing the receptor-ligand complex and excluding most other plasma-membrane proteins. Receptor-mediated endocytosis generally occurs via clathrin-coated pits and vesicles."" [GOC:mah, ISBN:0716731363]",264,7396,119,20972,0.01608977825851812,0.45075757575757575,query_1,['GO:0006897']
GO:BP,GO:1900180,regulation of protein localization to nucleus,0.008340075378017264,True,"""Any process that modulates the frequency, rate or extent of protein localization to nucleus."" [GOC:TermGenie]",146,7396,71,20972,0.009599783666846945,0.4863013698630137,query_1,"['GO:0032880', 'GO:0034504']"
GO:BP,GO:0001944,vasculature development,0.008520812315645285,True,"""The process whose specific outcome is the progression of the vasculature over time, from its formation to the mature structure. The vasculature is an interconnected tubular multi-tissue structure that contains fluid that is actively transported around the organism."" [GOC:dph, UBERON:0002409]",758,7396,310,20972,0.041914548404543,0.40897097625329815,query_1,"['GO:0048731', 'GO:0072359']"
GO:BP,GO:0019221,cytokine-mediated signaling pathway,0.008547928921601389,True,"""The series of molecular signals initiated by the binding of a cytokine to a receptor on the surface of a cell, and ending with the regulation of a downstream cellular process, e.g. transcription."" [GOC:mah, GOC:signaling, PMID:19295629]",564,7396,236,20972,0.0319091400757166,0.41843971631205673,query_1,"['GO:0007166', 'GO:0071345']"
GO:BP,GO:0031103,axon regeneration,0.008560813761344507,True,"""The regrowth of axons following their loss or damage."" [GOC:dgh, GOC:dph, GOC:tb]",45,7396,27,20972,0.0036506219578150353,0.6,query_1,"['GO:0031102', 'GO:0048678', 'GO:0061564']"
GO:BP,GO:0032210,regulation of telomere maintenance via telomerase,0.008560813761344507,True,"""Any process that modulates the frequency, rate or extent of the addition of telomeric repeats by telomerase."" [GOC:mah]",45,7396,27,20972,0.0036506219578150353,0.6,query_1,"['GO:0007004', 'GO:1904356', 'GO:2000278']"
GO:BP,GO:0018108,peptidyl-tyrosine phosphorylation,0.008688207782225378,True,"""The phosphorylation of peptidyl-tyrosine to form peptidyl-O4'-phospho-L-tyrosine."" [RESID:AA0039]",139,7396,68,20972,0.009194159004867496,0.4892086330935252,query_1,"['GO:0006468', 'GO:0018212']"
GO:BP,GO:2001235,positive regulation of apoptotic signaling pathway,0.008688207782225378,True,"""Any process that activates or increases the frequency, rate or extent of apoptotic signaling pathway."" [GOC:mtg_apoptosis]",139,7396,68,20972,0.009194159004867496,0.4892086330935252,query_1,"['GO:0009967', 'GO:0043065', 'GO:0097190', 'GO:2001233']"
GO:BP,GO:0006744,ubiquinone biosynthetic process,0.00889389381588152,True,"""The chemical reactions and pathways resulting in the formation of ubiquinone, a lipid-soluble electron-transporting coenzyme."" [GOC:mah]",17,7396,13,20972,0.0017577068685776095,0.7647058823529411,query_1,"['GO:0006743', 'GO:1901663']"
GO:BP,GO:1901663,quinone biosynthetic process,0.00889389381588152,True,"""The chemical reactions and pathways resulting in the formation of quinone."" [GOC:mb, GOC:pr, GOC:TermGenie]",17,7396,13,20972,0.0017577068685776095,0.7647058823529411,query_1,"['GO:0042181', 'GO:1901661']"
GO:BP,GO:0038202,TORC1 signaling,0.00893483689023205,True,"""A series of intracellular molecular signals mediated by TORC1; TOR (target of rapamycin) in complex with at least Raptor (regulatory-associated protein of TOR), or orthologs of, and other signaling components."" [GOC:lb]",113,7396,57,20972,0.007706868577609519,0.504424778761062,query_1,['GO:0031929']
GO:BP,GO:0046209,nitric oxide metabolic process,0.008953248723998082,True,"""The chemical reactions and pathways involving nitric oxide, nitrogen monoxide (NO), a colorless gas only slightly soluble in water."" [GOC:ai]",76,7396,41,20972,0.005543537047052461,0.5394736842105263,query_1,['GO:2001057']
GO:BP,GO:0044788,host-mediated perturbation of viral process,0.008953248723998082,True,"""A process in which a host organism alters or subverts a biological process being mediated by a virus with which it is infected."" [GOC:jl]",76,7396,41,20972,0.005543537047052461,0.5394736842105263,query_1,['GO:0051851']
GO:BP,GO:0030041,actin filament polymerization,0.008974701352391213,True,"""Assembly of actin filaments by the addition of actin monomers to a filament."" [GOC:mah]",156,7396,75,20972,0.010140616549486208,0.4807692307692308,query_1,"['GO:0008154', 'GO:0051258']"
GO:BP,GO:0032784,regulation of DNA-templated transcription elongation,0.008990111900472919,True,"""Any process that modulates the frequency, rate or extent of transcription elongation, the extension of an RNA molecule after transcription initiation and promoter clearance by the addition of ribonucleotides catalyzed by a DNA-dependent RNA polymerase."" [GOC:mah, GOC:txnOH]",99,7396,51,20972,0.006895619253650622,0.5151515151515151,query_1,"['GO:0006354', 'GO:0006355']"
GO:BP,GO:0009191,ribonucleoside diphosphate catabolic process,0.008990111900472919,True,"""The chemical reactions and pathways resulting in the breakdown of a ribonucleoside diphosphate, a compound consisting of a nucleobase linked to a ribose sugar esterified with diphosphate on the sugar."" [GOC:go_curators, ISBN:0198506732]",106,7396,54,20972,0.007301243915630071,0.5094339622641509,query_1,"['GO:0009134', 'GO:0009185']"
GO:BP,GO:1990000,amyloid fibril formation,0.008999687650065747,True,"""The generation of amyloid fibrils, insoluble fibrous protein aggregates exhibiting beta sheet structure, from proteins."" [GOC:cvs, GOC:jj, GOC:ppm, GOC:sj, PMID:21148556, PMID:22817896, PMID:28937655, PMID:29654159]",43,7396,26,20972,0.003515413737155219,0.6046511627906976,query_1,"['GO:0019538', 'GO:0097435']"
GO:BP,GO:0060326,cell chemotaxis,0.0091018021575506,True,"""The directed movement of a motile cell guided by a specific chemical concentration gradient. Movement may be towards a higher concentration (positive chemotaxis) or towards a lower concentration (negative chemotaxis)."" [GOC:dph]",315,7396,139,20972,0.01879394267171444,0.44126984126984126,query_1,"['GO:0006935', 'GO:0016477', 'GO:0070887']"
GO:BP,GO:0031529,ruffle organization,0.009177957711479376,True,"""A process that is carried out at the cellular level which results in the assembly, arrangement of constituent parts, or disassembly of a ruffle, a projection at the leading edge of a crawling cell."" [GOC:mah, PMID:10036235]",56,7396,32,20972,0.004326663061114116,0.5714285714285714,query_1,['GO:0120036']
GO:BP,GO:0080164,regulation of nitric oxide metabolic process,0.009177957711479376,True,"""Any process that modulates the frequency, rate or extent of the chemical reactions and pathways involving nitric oxide, nitrogen monoxide (NO), a colorless gas only slightly soluble in water."" [GOC:DHL]",56,7396,32,20972,0.004326663061114116,0.5714285714285714,query_1,"['GO:0019222', 'GO:0046209']"
GO:BP,GO:0042538,hyperosmotic salinity response,0.009282748943174993,True,"""Any process that results in a change in state or activity of a cell or an organism (in terms of movement, secretion, enzyme production, gene expression, etc.) as a result of detection of, or exposure to, an increase in the concentration of salt (particularly but not exclusively sodium and chloride ions) in the environment."" [GOC:jl]",7,7396,7,20972,0.0009464575446187128,1.0,query_1,"['GO:0006972', 'GO:0009651']"
GO:BP,GO:0097293,XMP biosynthetic process,0.009282748943174993,True,"""The chemical reactions and pathways resulting in the formation of XMP, xanthosine monophosphate."" [GOC:yaf]",7,7396,7,20972,0.0009464575446187128,1.0,query_1,"['GO:0009152', 'GO:0009168', 'GO:0097292']"
GO:BP,GO:0035295,tube development,0.009282748943174993,True,"""The process whose specific outcome is the progression of a tube over time, from its initial formation to a mature structure. Epithelial and endothelial tubes transport gases, liquids and cells from one site to another and form the basic structure of many organs and tissues including lung and trachea, kidney, the mammary gland, the vascular system and the gastrointestinal and urinary-genital tracts."" [PMID:12526790]",1094,7396,436,20972,0.058950784207679824,0.39853747714808047,query_1,"['GO:0007275', 'GO:0048856']"
GO:BP,GO:0097292,XMP metabolic process,0.009282748943174993,True,"""The chemical reactions and pathways involving XMP, xanthosine monophosphate."" [GOC:yaf]",7,7396,7,20972,0.0009464575446187128,1.0,query_1,"['GO:0009150', 'GO:0009167']"
GO:BP,GO:0050861,positive regulation of B cell receptor signaling pathway,0.009282748943174993,True,"""Any process that activates or increases the frequency, rate or extent of signaling pathways initiated by the cross-linking of an antigen receptor on a B cell."" [GOC:ai]",7,7396,7,20972,0.0009464575446187128,1.0,query_1,"['GO:0050853', 'GO:0050855', 'GO:0050857']"
GO:BP,GO:0097294,'de novo' XMP biosynthetic process,0.009282748943174993,True,"""The chemical reactions and pathways resulting in the formation of XMP, xanthosine monophosphate, from simpler precursors."" [GOC:yaf, PMID:27590927]",7,7396,7,20972,0.0009464575446187128,1.0,query_1,['GO:0097293']
GO:BP,GO:0048729,tissue morphogenesis,0.009343973172443731,True,"""The process in which the anatomical structures of a tissue are generated and organized."" [GOC:dph, GOC:jid]",612,7396,254,20972,0.03434288804759329,0.4150326797385621,query_1,"['GO:0009653', 'GO:0009888']"
GO:BP,GO:0104004,cellular response to environmental stimulus,0.009343973172443731,True,"""Any process that results in a change in state or activity of a cell (in terms of movement, secretion, enzyme production, gene expression, etc.) as a result of an environmental stimulus."" [GOC:dos]",333,7396,146,20972,0.019740400216333154,0.43843843843843844,query_1,['GO:0051716']
GO:BP,GO:0071214,cellular response to abiotic stimulus,0.009343973172443731,True,"""Any process that results in a change in state or activity of a cell (in terms of movement, secretion, enzyme production, gene expression, etc.) as a result of an abiotic (non-living) stimulus."" [GOC:mah]",333,7396,146,20972,0.019740400216333154,0.43843843843843844,query_1,"['GO:0009628', 'GO:0104004']"
GO:BP,GO:0098732,macromolecule deacylation,0.00939709799933248,True,"""The removal of an acyl group, any group or radical of the form RCO- where R is an organic group, from a macromolecule."" [GOC:dos]",41,7396,25,20972,0.0033802055164954027,0.6097560975609756,query_1,['GO:0043412']
GO:BP,GO:0030866,cortical actin cytoskeleton organization,0.00939709799933248,True,"""A process that is carried out at the cellular level which results in the assembly, arrangement of constituent parts, or disassembly of actin-based cytoskeletal structures in the cell cortex, i.e. just beneath the plasma membrane."" [GOC:dph, GOC:jl, GOC:mah, GOC:pf]",41,7396,25,20972,0.0033802055164954027,0.6097560975609756,query_1,"['GO:0030036', 'GO:0030865']"
GO:BP,GO:0050678,regulation of epithelial cell proliferation,0.00944332662798887,True,"""Any process that modulates the frequency, rate or extent of epithelial cell proliferation."" [GOC:ai]",356,7396,155,20972,0.0209572742022715,0.4353932584269663,query_1,"['GO:0042127', 'GO:0050673']"
GO:BP,GO:0031122,cytoplasmic microtubule organization,0.009602878014938957,True,"""A process that is carried out at the cellular level which results in the assembly, arrangement of constituent parts, or disassembly of structures formed of microtubules and associated proteins in the cytoplasm of a cell."" [GOC:mah]",65,7396,36,20972,0.0048674959437533805,0.5538461538461539,query_1,"['GO:0000226', 'GO:0097435']"
GO:BP,GO:0033143,regulation of intracellular steroid hormone receptor signaling pathway,0.009611232048154705,True,"""Any process that modulates the frequency, rate or extent of the activity of any intracellular steroid hormone receptor signaling pathway."" [GOC:mah]",74,7396,40,20972,0.005408328826392645,0.5405405405405406,query_1,"['GO:0030518', 'GO:1902531']"
GO:BP,GO:0009451,RNA modification,0.009686553749653002,True,"""The covalent alteration of one or more nucleotides within an RNA molecule to produce an RNA molecule with a sequence that differs from that coded genetically."" [GOC:go_curators, ISBN:1555811337]",171,7396,81,20972,0.010951865873445106,0.47368421052631576,query_1,"['GO:0016070', 'GO:0043412']"
GO:BP,GO:0007091,metaphase/anaphase transition of mitotic cell cycle,0.009695787079934274,True,"""The cell cycle process in which a cell progresses from metaphase to anaphase during mitosis, triggered by the activation of the anaphase promoting complex by Cdc20/Sleepy homolog which results in the degradation of Securin."" [GOC:mtg_cell_cycle, PMID:10465783]",97,7396,50,20972,0.006760411032990805,0.5154639175257731,query_1,"['GO:0044772', 'GO:0044784']"
GO:BP,GO:0097237,cellular response to toxic substance,0.009695787079934274,True,"""Any process that results in a change in state or activity of a cell (in terms of movement, secretion, enzyme production, gene expression, etc.) as a result of a toxic stimulus."" [GOC:pr]",130,7396,64,20972,0.008653326122228232,0.49230769230769234,query_1,"['GO:0009636', 'GO:0070887']"
GO:BP,GO:1904356,regulation of telomere maintenance via telomere lengthening,0.009726514886868386,True,"""Any process that modulates the frequency, rate or extent of telomere maintenance via telomere lengthening."" [GO_REF:0000058, GOC:BHF, GOC:BHF_telomere, GOC:nc, GOC:TermGenie, PMID:23959892]",54,7396,31,20972,0.0041914548404543,0.5740740740740741,query_1,"['GO:0010833', 'GO:0032204']"
GO:BP,GO:0141084,inflammasome-mediated signaling pathway,0.009726514886868386,True,"""An intracellular signal transduction pathway that starts with a ligand binding to a pattern recognition receptor (PRR), assembly of the inflammasome complex, leading to the activation of CASP1 and inducing an inflammatory response. In some cases, inflammasome-mediated signal transduction can lead to programmed cell death, such as pyroptosis."" [PMID:35883561]",54,7396,31,20972,0.0041914548404543,0.5740740740740741,query_1,"['GO:0002753', 'GO:0006954']"
GO:BP,GO:0050792,regulation of viral process,0.009726514886868386,True,"""Any process that modulates the rate or extent of the viral life cycle, the set of processes by which a virus reproduces and spreads among hosts."" [GOC:go_curators, GOC:tb]",142,7396,69,20972,0.009329367225527312,0.4859154929577465,query_1,"['GO:0016032', 'GO:0050789']"
GO:BP,GO:1903844,regulation of cellular response to transforming growth factor beta stimulus,0.009726514886868386,True,"""Any process that modulates the frequency, rate or extent of cellular response to transforming growth factor beta stimulus."" [GO_REF:0000058, GOC:BHF, GOC:BHF_miRNA, GOC:rph, GOC:TermGenie, PMID:22269326]",142,7396,69,20972,0.009329367225527312,0.4859154929577465,query_1,"['GO:0071560', 'GO:0090287']"
GO:BP,GO:2000316,regulation of T-helper 17 type immune response,0.009805791858135335,True,"""Any process that modulates the frequency, rate or extent of T-helper 17 type immune response."" [GOC:BHF, GOC:mah]",39,7396,24,20972,0.003244997295835587,0.6153846153846154,query_1,"['GO:0002822', 'GO:0072538']"
GO:BP,GO:0046827,positive regulation of protein export from nucleus,0.009809350225452552,True,"""Any process that activates or increases the frequency, rate or extent of directed movement of proteins from the nucleus into the cytoplasm."" [GOC:bf]",19,7396,14,20972,0.0018929150892374256,0.7368421052631579,query_1,"['GO:0006611', 'GO:0046824', 'GO:0046825', 'GO:0090316']"
GO:BP,GO:0046931,pore complex assembly,0.009809350225452552,True,"""The aggregation, arrangement and bonding together of a set of components to form a pore complex. A pore complex is a small opening in a membrane that allows the passage of liquids and/or gases."" [GOC:jl, GOC:mah]",19,7396,14,20972,0.0018929150892374256,0.7368421052631579,query_1,['GO:0065003']
GO:BP,GO:0006743,ubiquinone metabolic process,0.009809350225452552,True,"""The chemical reactions and pathways involving ubiquinone, a lipid-soluble electron-transporting coenzyme."" [GOC:mah]",19,7396,14,20972,0.0018929150892374256,0.7368421052631579,query_1,['GO:1901661']
GO:BP,GO:0002888,positive regulation of myeloid leukocyte mediated immunity,0.009809350225452552,True,"""Any process that activates or increases the frequency, rate, or extent of myeloid leukocyte mediated immunity."" [GOC:add]",19,7396,14,20972,0.0018929150892374256,0.7368421052631579,query_1,"['GO:0002444', 'GO:0002705', 'GO:0002886']"
GO:BP,GO:0051017,actin filament bundle assembly,0.009893199937133692,True,"""The assembly of actin filament bundles; actin filaments are on the same axis but may be oriented with the same or opposite polarities and may be packed with different levels of tightness."" [GOC:ai]",159,7396,76,20972,0.010275824770146024,0.4779874213836478,query_1,"['GO:0022607', 'GO:0061572']"
GO:BP,GO:0048699,generation of neurons,0.009964256200404613,True,"""The process in which nerve cells are generated. This includes the production of neuroblasts and their differentiation into neurons."" [GOC:nln]",1523,7396,595,20972,0.08044889129259059,0.3906762967826658,query_1,['GO:0022008']
GO:BP,GO:0016197,endosomal transport,0.010003419004016103,True,"""The directed movement of substances mediated by an endosome, a membrane-bounded organelle that carries materials enclosed in the lumen or located in the endosomal membrane."" [ISBN:0198506732]",288,7396,128,20972,0.017306652244456464,0.4444444444444444,query_1,"['GO:0016192', 'GO:0046907']"
GO:BP,GO:2000736,regulation of stem cell differentiation,0.010026538490554175,True,"""Any process that modulates the frequency, rate or extent of stem cell differentiation."" [GOC:obol]",81,7396,43,20972,0.005813953488372093,0.5308641975308642,query_1,"['GO:0045595', 'GO:0048863']"
GO:BP,GO:0000723,telomere maintenance,0.010177756029356194,True,"""Any process that contributes to the maintenance of proper telomeric length and structure by affecting and monitoring the activity of telomeric proteins, the length of telomeric DNA and the replication and repair of the DNA. These processes includes those that shorten, lengthen, replicate and repair the telomeric DNA sequences."" [GOC:BHF, GOC:BHF_telomere, GOC:elh, GOC:rl, PMID:11092831]",164,7396,78,20972,0.010546241211465657,0.47560975609756095,query_1,"['GO:0006259', 'GO:0032200']"
GO:BP,GO:0038094,Fc-gamma receptor signaling pathway,0.010185614959612127,True,"""The series of molecular signals initiated by the binding of the Fc portion of immunoglobulin G (IgG) to an Fc-gamma receptor on the surface of a target cell, and ending with the regulation of a downstream cellular process, e.g. transcription. The Fc portion of an immunoglobulin is its C-terminal constant region."" [GOC:phg, PMID:11244038]",37,7396,23,20972,0.0031097890751757705,0.6216216216216216,query_1,['GO:0038093']
GO:BP,GO:0072593,reactive oxygen species metabolic process,0.010185614959612127,True,"""The chemical reactions and pathways involving a reactive oxygen species, any molecules or ions formed by the incomplete one-electron reduction of oxygen. They contribute to the microbicidal activity of phagocytes, regulation of signal transduction and gene expression, and the oxidative damage to biopolymers."" [GOC:mah]",228,7396,104,20972,0.014061654948620876,0.45614035087719296,query_1,['GO:0008152']
GO:BP,GO:0034599,cellular response to oxidative stress,0.010217400396496781,True,"""Any process that results in a change in state or activity of a cell (in terms of movement, secretion, enzyme production, gene expression, etc.) as a result of oxidative stress, a state often resulting from exposure to high levels of reactive oxygen species, e.g. superoxide anions, hydrogen peroxide (H2O2), and hydroxyl radicals."" [GOC:mah]",233,7396,106,20972,0.014332071389940509,0.45493562231759654,query_1,"['GO:0006979', 'GO:0062197']"
GO:BP,GO:0010975,regulation of neuron projection development,0.010259266856532733,True,"""Any process that modulates the rate, frequency or extent of neuron projection development. Neuron projection development is the process whose specific outcome is the progression of a neuron projection over time, from its formation to the mature structure. A neuron projection is any process extending from a neural cell, such as axons or dendrites (collectively called neurites)."" [GOC:dph, GOC:tb]",426,7396,182,20972,0.024607896160086535,0.4272300469483568,query_1,"['GO:0031175', 'GO:0120035']"
GO:BP,GO:0002009,morphogenesis of an epithelium,0.010259266856532733,True,"""The process in which the anatomical structures of epithelia are generated and organized. An epithelium consists of closely packed cells arranged in one or more layers, that covers the outer surfaces of the body or lines any internal cavity or tube."" [GOC:dph, GOC:jl, GOC:tb, ISBN:0198506732]",501,7396,211,20972,0.0285289345592212,0.42115768463073855,query_1,"['GO:0048729', 'GO:0060429']"
GO:BP,GO:0035239,tube morphogenesis,0.010259266856532733,True,"""The process in which the anatomical structures of a tube are generated and organized. Epithelial and endothelial tubes transport gases, liquids and cells from one site to another and form the basic structure of many organs and tissues, with tube shape and organization varying from the single-celled excretory organ in Caenorhabditis elegans to the branching trees of the mammalian kidney and insect tracheal system."" [GOC:bf, PMID:14624839]",877,7396,354,20972,0.0478637101135749,0.40364880273660203,query_1,"['GO:0009653', 'GO:0035295']"
GO:BP,GO:0009134,nucleoside diphosphate catabolic process,0.010317981446925254,True,"""The chemical reactions and pathways resulting in the breakdown of a nucleoside diphosphate, a compound consisting of a nucleobase linked to a deoxyribose or ribose sugar esterified with diphosphate on the sugar."" [GOC:go_curators, ISBN:0198506732]",109,7396,55,20972,0.007436452136289886,0.5045871559633027,query_1,"['GO:0009132', 'GO:1901292']"
GO:BP,GO:0060322,head development,0.010317981446925254,True,"""The biological process whose specific outcome is the progression of a head from an initial condition to its mature state. The head is the anterior-most division of the body."" [GOC:dph]",787,7396,320,20972,0.04326663061114116,0.40660736975857686,query_1,['GO:0048856']
GO:BP,GO:0032200,telomere organization,0.010317981446925254,True,"""A process that is carried out at the cellular level which results in the assembly, arrangement of constituent parts, or disassembly of telomeres, terminal regions of a linear chromosome that include the telomeric DNA repeats and associated proteins."" [GOC:dph, GOC:jl, GOC:mah]",191,7396,89,20972,0.012033531638723635,0.46596858638743455,query_1,['GO:0051276']
GO:BP,GO:0009299,mRNA transcription,0.010317981446925254,True,"""The cellular synthesis of messenger RNA (mRNA) from a DNA template."" [GOC:jl]",52,7396,30,20972,0.004056246619794483,0.5769230769230769,query_1,"['GO:0006351', 'GO:0016071']"
GO:BP,GO:1903312,negative regulation of mRNA metabolic process,0.010381948042026431,True,"""Any process that stops, prevents or reduces the frequency, rate or extent of mRNA metabolic process."" [GO_REF:0000058, GOC:TermGenie, GOC:vw]",102,7396,52,20972,0.007030827474310438,0.5098039215686274,query_1,"['GO:0016071', 'GO:0051253', 'GO:1903311']"
GO:BP,GO:1904659,D-glucose transmembrane transport,0.010381948042026431,True,"""The process in which D-glucose is transported across a membrane."" [GO_REF:0000069, GOC:TermGenie, PMID:9090050]",95,7396,49,20972,0.00662520281233099,0.5157894736842106,query_1,['GO:0008645']
GO:BP,GO:0008645,hexose transmembrane transport,0.010381948042026431,True,"""The process in which hexose is transported across a membrane. Hexoses are aldoses with a chain of six carbon atoms in the molecule."" [GOC:vw]",102,7396,52,20972,0.007030827474310438,0.5098039215686274,query_1,['GO:0015749']
GO:BP,GO:0019364,pyridine nucleotide catabolic process,0.010381948042026431,True,"""The chemical reactions and pathways resulting in the breakdown of a pyridine nucleotide, a nucleotide characterized by a pyridine derivative as a nitrogen base."" [GOC:jl, GOC:pde, GOC:vw]",102,7396,52,20972,0.007030827474310438,0.5098039215686274,query_1,"['GO:0009166', 'GO:0072526']"
GO:BP,GO:0002709,regulation of T cell mediated immunity,0.010381948042026431,True,"""Any process that modulates the frequency, rate, or extent of T cell mediated immunity."" [GOC:add]",102,7396,52,20972,0.007030827474310438,0.5098039215686274,query_1,"['GO:0002456', 'GO:0002706', 'GO:0002822']"
GO:BP,GO:0006195,purine nucleotide catabolic process,0.010426501576825429,True,"""The chemical reactions and pathways resulting in the breakdown of a purine nucleotide, a compound consisting of nucleoside (a purine base linked to a deoxyribose or ribose sugar) esterified with a phosphate group at either the 3' or 5'-hydroxyl group of the sugar."" [GOC:go_curators, ISBN:0198506732]",140,7396,68,20972,0.009194159004867496,0.4857142857142857,query_1,"['GO:0006163', 'GO:0009166', 'GO:0072523']"
GO:BP,GO:0010224,response to UV-B,0.010463107792743953,True,"""Any process that results in a change in state or activity of a cell or an organism (in terms of movement, secretion, enzyme production, gene expression, etc.) as a result of a UV-B radiation stimulus. UV-B radiation (UV-B light) spans the wavelengths 280 to 315 nm."" [GOC:tb]",21,7396,15,20972,0.0020281233098972417,0.7142857142857143,query_1,['GO:0009411']
GO:BP,GO:0002755,MyD88-dependent toll-like receptor signaling pathway,0.010463107792743953,True,"""A toll-like receptor signaling pathway in which the MyD88 adaptor molecule mediates transduction of the signal. Toll-like receptors directly bind pattern motifs from a variety of microbial sources to initiate an innate immune response."" [GOC:add, ISBN:0781735149, PMID:12467241, PMID:12524386, PMID:12855817, PMID:15585605, PMID:15728447]",21,7396,15,20972,0.0020281233098972417,0.7142857142857143,query_1,['GO:0002224']
GO:BP,GO:0031929,TOR signaling,0.010782983068657206,True,"""The series of molecular signals mediated by TOR (Target of rapamycin) proteins, members of the phosphoinositide (PI) 3-kinase related kinase (PIKK) family that act as serine/threonine kinases in response to nutrient availability or growth factors."" [PMID:12372295]",179,7396,84,20972,0.011357490535424553,0.4692737430167598,query_1,['GO:0035556']
GO:BP,GO:0016043,cellular component organization,0.010789366309190643,True,"""A process that results in the assembly, arrangement of constituent parts, or disassembly of a cellular component."" [GOC:ai, GOC:jl, GOC:mah]",8325,7396,3043,20972,0.41143861546782046,0.36552552552552553,query_1,['GO:0071840']
GO:BP,GO:0051962,positive regulation of nervous system development,0.010844443815522714,True,"""Any process that activates, maintains or increases the frequency, rate or extent of nervous system development, the origin and formation of nervous tissue."" [GOC:ai]",271,7396,121,20972,0.016360194699837752,0.44649446494464945,query_1,"['GO:0007399', 'GO:0051094', 'GO:0051240', 'GO:0051960']"
GO:BP,GO:0031507,heterochromatin formation,0.010937674772833054,True,"""An epigenetic gene silencing mechanism in which chromatin is compacted into heterochromatin, resulting in a chromatin conformation refractory to transcription. This process starts with heterochromatin nucleation, its spreading, and ends with heterochromatin boundary formation."" [PMID:25192661, PMID:33827924]",162,7396,77,20972,0.01041103299080584,0.47530864197530864,query_1,"['GO:0022607', 'GO:0045814', 'GO:0070828']"
GO:BP,GO:0061572,actin filament bundle organization,0.010937674772833054,True,"""A process that results in the assembly, arrangement of constituent parts, or disassembly of an actin filament bundle."" [GOC:dph]",162,7396,77,20972,0.01041103299080584,0.47530864197530864,query_1,['GO:0007015']
GO:BP,GO:0033673,negative regulation of kinase activity,0.010990031660643667,True,"""Any process that stops, prevents, or reduces the frequency, rate or extent of kinase activity, the catalysis of the transfer of a phosphate group, usually from ATP, to a substrate molecule."" [GOC:mah]",114,7396,57,20972,0.007706868577609519,0.5,query_1,"['GO:0042326', 'GO:0043086', 'GO:0043549']"
GO:BP,GO:0010827,regulation of D-glucose transmembrane transport,0.011060548552664473,True,"""Any process that modulates the frequency, rate or extent of glucose transport across a membrane. Glucose transport is the directed movement of the hexose monosaccharide glucose into, out of or within a cell, or between cells, by means of some agent such as a transporter or pore."" [GOC:dph, GOC:tb]",70,7396,38,20972,0.005137912385073012,0.5428571428571428,query_1,"['GO:0034762', 'GO:1904659']"
GO:BP,GO:0044091,membrane biogenesis,0.011060548552664473,True,"""A cellular process that results in the biosynthesis of constituent macromolecules, assembly, and arrangement of constituent parts of a membrane."" [GOC:jl]",70,7396,38,20972,0.005137912385073012,0.5428571428571428,query_1,['GO:0044085']
GO:BP,GO:0061744,motor behavior,0.011060548552664473,True,"""The specific neuromuscular movement of a single organism in response to external or internal stimuli."" [GOC:bf, GOC:PARL, PMID:25318560]",31,7396,20,20972,0.0027041644131963224,0.6451612903225806,query_1,['GO:0007610']
GO:BP,GO:2000036,regulation of stem cell population maintenance,0.011060548552664473,True,"""Any process that modulates the frequency, rate or extent of stem cell population maintenance."" [GOC:obol]",70,7396,38,20972,0.005137912385073012,0.5428571428571428,query_1,"['GO:0019827', 'GO:0050793', 'GO:0051239']"
GO:BP,GO:0032651,regulation of interleukin-1 beta production,0.011145468383507858,True,"""Any process that modulates the frequency, rate, or extent of interleukin-1 beta production."" [GOC:mah]",93,7396,48,20972,0.006489994591671174,0.5161290322580645,query_1,"['GO:0032611', 'GO:0032652']"
GO:BP,GO:0030071,regulation of mitotic metaphase/anaphase transition,0.011145468383507858,True,"""Any process that modulates the frequency, rate or extent of the cell cycle process in which a cell progresses from metaphase to anaphase during mitosis, triggered by the activation of the anaphase promoting complex by Cdc20/Sleepy homolog which results in the degradation of Securin."" [GOC:mah]",93,7396,48,20972,0.006489994591671174,0.5161290322580645,query_1,"['GO:0007091', 'GO:1901990', 'GO:1902099']"
GO:BP,GO:1903557,positive regulation of tumor necrosis factor superfamily cytokine production,0.011145468383507858,True,"""Any process that activates or increases the frequency, rate or extent of tumor necrosis factor superfamily cytokine production."" [GO_REF:0000058, GOC:TermGenie, PMID:24187568]",107,7396,54,20972,0.007301243915630071,0.5046728971962616,query_1,"['GO:0001819', 'GO:0071706', 'GO:1903555']"
GO:BP,GO:0032611,interleukin-1 beta production,0.011145468383507858,True,"""The appearance of interleukin-1 beta due to biosynthesis or secretion following a cellular stimulus, resulting in an increase in its intracellular or extracellular levels."" [GOC:mah]",93,7396,48,20972,0.006489994591671174,0.5161290322580645,query_1,['GO:0032612']
GO:BP,GO:0033045,regulation of sister chromatid segregation,0.011145468383507858,True,"""Any process that modulates the frequency, rate or extent of sister chromatid segregation."" [GOC:mah]",107,7396,54,20972,0.007301243915630071,0.5046728971962616,query_1,"['GO:0000819', 'GO:0033044', 'GO:0051983']"
GO:BP,GO:0030901,midbrain development,0.011145468383507858,True,"""The process whose specific outcome is the progression of the midbrain over time, from its formation to the mature structure. The midbrain is the middle division of the three primary divisions of the developing chordate brain or the corresponding part of the adult brain (in vertebrates, includes a ventral part containing the cerebral peduncles and a dorsal tectum containing the corpora quadrigemina and that surrounds the aqueduct of Sylvius connecting the third and fourth ventricles)."" [PMID:4975589, PMID:4992177]",93,7396,48,20972,0.006489994591671174,0.5161290322580645,query_1,"['GO:0007420', 'GO:0048856']"
GO:BP,GO:0072540,T-helper 17 cell lineage commitment,0.011145468383507858,True,"""The process in which a CD4-positive, alpha-beta T cell becomes committed to becoming a T-helper 17 cell, a CD4-positive, alpha-beta T cell with the phenotype RORgamma-t-positive that produces IL-17."" [CL:0000899, GOC:BHF, GOC:ebc]",25,7396,17,20972,0.002298539751216874,0.68,query_1,"['GO:0002295', 'GO:0072539']"
GO:BP,GO:0000956,nuclear-transcribed mRNA catabolic process,0.011145468383507858,True,"""The chemical reactions and pathways resulting in the breakdown of nuclear-transcribed mRNAs in eukaryotic cells."" [GOC:krc]",126,7396,62,20972,0.0083829096809086,0.49206349206349204,query_1,['GO:0006402']
GO:BP,GO:0001773,myeloid dendritic cell activation,0.011145468383507858,True,"""The change in morphology and behavior of a dendritic cell resulting from exposure to a cytokine, chemokine, cellular ligand, or soluble factor."" [GOC:mgi_curators, ISBN:0781735149]",29,7396,19,20972,0.002568956192536506,0.6551724137931034,query_1,['GO:0002274']
GO:BP,GO:0051851,host-mediated perturbation of symbiont process,0.011145468383507858,True,"""The process in which an host alters or subverts a process in a symbiont organism. The symbiont is defined as the smaller of the organisms involved in a symbiotic interaction."" [GOC:cc]",107,7396,54,20972,0.007301243915630071,0.5046728971962616,query_1,['GO:0035821']
GO:BP,GO:0043388,positive regulation of DNA binding,0.011145468383507858,True,"""Any process that increases the frequency, rate or extent of DNA binding. DNA binding is any process in which a gene product interacts selectively with DNA (deoxyribonucleic acid)."" [GOC:dph, GOC:jl, GOC:tb]",29,7396,19,20972,0.002568956192536506,0.6551724137931034,query_1,"['GO:0051099', 'GO:0051101']"
GO:BP,GO:0022038,corpus callosum development,0.011145468383507858,True,"""The process whose specific outcome is the progression of the corpus callosum over time, from its formation to the mature structure. The corpus callosum is a thick bundle of nerve fibers comprising a commissural plate connecting the two cerebral hemispheres. It consists of contralateral axon projections that provide communication between the right and left cerebral hemispheres."" [GO_REF:0000021, GOC:cls, GOC:curators, GOC:dgh, GOC:dph, GOC:jid]",25,7396,17,20972,0.002298539751216874,0.68,query_1,"['GO:0021537', 'GO:0048856']"
GO:BP,GO:0000070,mitotic sister chromatid segregation,0.011145468383507858,True,"""The cell cycle process in which replicated homologous chromosomes are organized and then physically separated and apportioned to two sets during the mitotic cell cycle. Each replicated chromosome, composed of two sister chromatids, aligns at the cell equator, paired with its homologous partner. One homolog of each morphologic type goes into each of the resulting chromosome sets."" [GOC:ai, GOC:jl]",194,7396,90,20972,0.012168739859383451,0.4639175257731959,query_1,"['GO:0000819', 'GO:0140014', 'GO:1903047']"
GO:BP,GO:0044784,metaphase/anaphase transition of cell cycle,0.011147543187205372,True,"""The cell cycle process in which a cell progresses from metaphase to anaphase as part of the cell cycle."" [GOC:mtg_cell_cycle]",100,7396,51,20972,0.006895619253650622,0.51,query_1,"['GO:0033045', 'GO:0044770']"
GO:BP,GO:0002227,innate immune response in mucosa,0.011171750887028842,True,"""Any process of the innate immune response that takes place in the mucosal tissues."" [GOC:add, PMID:10719665, PMID:15971105]",27,7396,18,20972,0.0024337479718766902,0.6666666666666666,query_1,"['GO:0002385', 'GO:0045087']"
GO:BP,GO:0006812,monoatomic cation transport,0.01144641036140617,True,"""The directed movement of a monoatomic cation, into, out of or within a cell, or between cells, by means of some agent such as a transporter or pore. Monatomic cations (also called simple cations) are positively charged ions consisting of exactly one atom."" [GOC:ai]",1052,7396,419,20972,0.056652244456462955,0.3982889733840304,query_1,['GO:0006811']
GO:BP,GO:0071493,cellular response to UV-B,0.011449754594884422,True,"""Any process that results in a change in state or activity of a cell (in terms of movement, secretion, enzyme production, gene expression, etc.) as a result of a UV-B radiation stimulus. UV-B radiation (UV-B light) spans the wavelengths 280 to 315 nm."" [GOC:mah]",12,7396,10,20972,0.0013520822065981612,0.8333333333333334,query_1,"['GO:0010224', 'GO:0034644']"
GO:BP,GO:2000009,negative regulation of protein localization to cell surface,0.011449754594884422,True,"""Any process that stops, prevents, or reduces the frequency, rate or extent of protein localization to the cell surface."" [GOC:obol]",12,7396,10,20972,0.0013520822065981612,0.8333333333333334,query_1,"['GO:0034394', 'GO:1903828', 'GO:2000008']"
GO:BP,GO:0034154,toll-like receptor 7 signaling pathway,0.011449754594884422,True,"""The series of molecular signals initiated by a ligand binding to the endolysosomal toll-like receptor 7."" [GOC:add, PMID:16551253, PMID:17328678]",12,7396,10,20972,0.0013520822065981612,0.8333333333333334,query_1,['GO:0140894']
GO:BP,GO:1903147,negative regulation of autophagy of mitochondrion,0.011449754594884422,True,"""Any process that stops, prevents or reduces the frequency, rate or extent of mitochondrion degradation by autophagy."" [GO_REF:0000058, GOC:autophagy, GOC:bf, GOC:PARL, GOC:TermGenie, PMID:24600391]",12,7396,10,20972,0.0013520822065981612,0.8333333333333334,query_1,"['GO:0000422', 'GO:0010507', 'GO:1903146']"
GO:BP,GO:2000562,"negative regulation of CD4-positive, alpha-beta T cell proliferation",0.011449754594884422,True,"""Any process that stops, prevents or reduces the frequency, rate or extent of CD4-positive, alpha-beta T cell proliferation."" [GOC:obol]",12,7396,10,20972,0.0013520822065981612,0.8333333333333334,query_1,"['GO:0035739', 'GO:0046642', 'GO:2000515', 'GO:2000561']"
GO:BP,GO:1901525,negative regulation of mitophagy,0.011449754594884422,True,"""Any process that stops, prevents or reduces the frequency, rate or extent of mitophagy."" [GOC:TermGenie]",12,7396,10,20972,0.0013520822065981612,0.8333333333333334,query_1,"['GO:0000423', 'GO:0016242', 'GO:1901524', 'GO:1903147']"
GO:BP,GO:2001057,reactive nitrogen species metabolic process,0.011515790122141916,True,"""The chemical reactions and pathways involving a reactive nitrogen species."" [GOC:obol]",77,7396,41,20972,0.005543537047052461,0.5324675324675324,query_1,['GO:0008152']
GO:BP,GO:0061082,myeloid leukocyte cytokine production,0.011525067597042733,True,"""Any process that contributes to cytokine production by a myeloid cell."" [GOC:dph]",48,7396,28,20972,0.0037858301784748512,0.5833333333333334,query_1,['GO:0002367']
GO:BP,GO:0060612,adipose tissue development,0.011630760978771967,True,"""The process whose specific outcome is the progression of adipose tissue over time, from its formation to the mature structure. Adipose tissue is specialized tissue that is used to store fat."" [GOC:dph]",59,7396,33,20972,0.0044618712817739315,0.559322033898305,query_1,"['GO:0048513', 'GO:0061448']"
GO:BP,GO:0040017,positive regulation of locomotion,0.011720238598389686,True,"""Any process that activates or increases the frequency, rate or extent of locomotion of a cell or organism."" [GOC:go_curators]",586,7396,243,20972,0.03285559762033532,0.41467576791808874,query_1,"['GO:0040011', 'GO:0040012', 'GO:0048518']"
GO:BP,GO:0051304,chromosome separation,0.011917477472018226,True,"""The cell cycle process in which paired chromosomes are detached from each other. Chromosome separation begins with the release of cohesin complexes from chromosomes; in budding yeast, this includes the cleavage of cohesin complexes along the chromosome arms, followed by the separation of the centromeric regions. Chromosome separation also includes formation of chromatid axes mediated by condensins, and ends with the disentangling of inter-sister catenation catalyzed by topoisomerase II (topo II)."" [GOC:ai, GOC:lb, GOC:mah, GOC:mtg_cell_cycle, PMID:20352243]",84,7396,44,20972,0.005949161709031909,0.5238095238095238,query_1,"['GO:0007059', 'GO:0022402']"
GO:BP,GO:0006405,RNA export from nucleus,0.01209486278514782,True,"""The directed movement of RNA from the nucleus to the cytoplasm."" [GOC:ma]",91,7396,47,20972,0.006354786371011357,0.5164835164835165,query_1,"['GO:0050658', 'GO:0051168']"
GO:BP,GO:0002286,T cell activation involved in immune response,0.01209486278514782,True,"""The change in morphology and behavior of a mature or immature T cell resulting from exposure to a mitogen, cytokine, chemokine, cellular ligand, or an antigen for which it is specific, leading to the initiation or perpetuation of an immune response."" [GOC:add, ISBN:0781735149]",124,7396,61,20972,0.008247701460248783,0.49193548387096775,query_1,"['GO:0002285', 'GO:0042110']"
GO:BP,GO:0034341,response to type II interferon,0.01209486278514782,True,"""Any process that results in a change in state or activity of a cell or an organism (in terms of movement, secretion, enzyme production, gene expression, etc.) as a result of an interferon-gamma stimulus. Interferon-gamma is also known as type II interferon."" [GOC:add, ISBN:0126896631, PMID:15546383]",124,7396,61,20972,0.008247701460248783,0.49193548387096775,query_1,"['GO:0034097', 'GO:0045087']"
GO:BP,GO:0061061,muscle structure development,0.012122128067322454,True,"""The progression of a muscle structure over time, from its formation to its mature state. Muscle structures are contractile cells, tissues or organs that are found in multicellular organisms."" [GOC:dph]",673,7396,276,20972,0.03731746890210925,0.4101040118870728,query_1,['GO:0048856']
GO:BP,GO:0001659,temperature homeostasis,0.012126731381023695,True,"""A homeostatic process in which an organism modulates its internal body temperature."" [GOC:jl]",197,7396,91,20972,0.012303948080043267,0.4619289340101523,query_1,['GO:0048871']
GO:BP,GO:0016311,dephosphorylation,0.01244848826083951,True,"""The process of removing one or more phosphoric (ester or anhydride) residues from a molecule."" [ISBN:0198506732]",212,7396,97,20972,0.013115197404002164,0.45754716981132076,query_1,['GO:0006796']
GO:BP,GO:0007009,plasma membrane organization,0.012473854309229874,True,"""A process that is carried out at the cellular level which results in the assembly, arrangement of constituent parts, or disassembly of the plasma membrane."" [GOC:dph, GOC:jl, GOC:mah]",175,7396,82,20972,0.011087074094104922,0.4685714285714286,query_1,"['GO:0010256', 'GO:0061024']"
GO:BP,GO:0042594,response to starvation,0.012494294907392024,True,"""Any process that results in a change in state or activity of a cell or an organism (in terms of movement, secretion, enzyme production, gene expression, etc.) as a result of a starvation stimulus, deprivation of nourishment."" [GOC:go_curators]",217,7396,99,20972,0.013385613845321796,0.45622119815668205,query_1,"['GO:0006950', 'GO:0031667']"
GO:BP,GO:0016482,cytosolic transport,0.012621160412635874,True,"""The directed movement of substances or organelles within the cytosol."" [GOC:ai]",141,7396,68,20972,0.009194159004867496,0.48226950354609927,query_1,['GO:0046907']
GO:BP,GO:0002708,positive regulation of lymphocyte mediated immunity,0.012684207376287983,True,"""Any process that activates or increases the frequency, rate, or extent of lymphocyte mediated immunity."" [GOC:add]",129,7396,63,20972,0.008518117901568416,0.4883720930232558,query_1,"['GO:0002449', 'GO:0002705', 'GO:0002706']"
GO:BP,GO:0071375,cellular response to peptide hormone stimulus,0.012731356397955501,True,"""Any process that results in a change in state or activity of a cell (in terms of movement, secretion, enzyme production, gene expression, etc.) as a result of a peptide hormone stimulus. A peptide hormone is any of a class of peptides that are secreted into the blood stream and have endocrine functions in living animals."" [GOC:mah]",351,7396,152,20972,0.02055164954029205,0.43304843304843305,query_1,"['GO:0032870', 'GO:0043434', 'GO:1901699', 'GO:1901701']"
GO:BP,GO:0006383,transcription by RNA polymerase III,0.01280382927768165,True,"""The synthesis of RNA from a DNA template by RNA polymerase III, originating at an RNAP III promoter."" [GOC:jl, GOC:txnOH, PMID:12381659]",66,7396,36,20972,0.0048674959437533805,0.5454545454545454,query_1,['GO:0006351']
GO:BP,GO:0072595,maintenance of protein localization in organelle,0.013144396772021588,True,"""Any process in which a protein is maintained in a specific location a specific location on or in an organelle, and is prevented from moving elsewhere. Encompasses establishment of localization in the membrane or lumen of a membrane-bounded organelle."" [GOC:mah]",44,7396,26,20972,0.003515413737155219,0.5909090909090909,query_1,"['GO:0032507', 'GO:0033365']"
GO:BP,GO:1902099,regulation of metaphase/anaphase transition of cell cycle,0.013225184422467163,True,"""Any process that modulates the frequency, rate or extent of metaphase/anaphase transition of cell cycle."" [GOC:mtg_cell_cycle, GOC:TermGenie]",96,7396,49,20972,0.00662520281233099,0.5104166666666666,query_1,"['GO:0033045', 'GO:0044784', 'GO:1901987']"
GO:BP,GO:0032755,positive regulation of interleukin-6 production,0.013225184422467163,True,"""Any process that activates or increases the frequency, rate, or extent of interleukin-6 production."" [GOC:mah]",96,7396,49,20972,0.00662520281233099,0.5104166666666666,query_1,"['GO:0001819', 'GO:0032635', 'GO:0032675']"
GO:BP,GO:0001568,blood vessel development,0.01356304673593518,True,"""The process whose specific outcome is the progression of a blood vessel over time, from its formation to the mature structure. The blood vessel is the vasculature carrying blood."" [GOC:hjd, UBERON:0001981]",727,7396,296,20972,0.04002163331530557,0.40715268225584594,query_1,"['GO:0001944', 'GO:0048856']"
GO:BP,GO:0060348,bone development,0.01356304673593518,True,"""The process whose specific outcome is the progression of bone over time, from its formation to the mature structure. Bone is the hard skeletal connective tissue consisting of both mineral and cellular components."" [GOC:dph]",215,7396,98,20972,0.01325040562466198,0.4558139534883721,query_1,"['GO:0001501', 'GO:0048513']"
GO:BP,GO:0043085,positive regulation of catalytic activity,0.01364288991076136,True,"""Any process that activates or increases the activity of an enzyme."" [GOC:ebc, GOC:jl, GOC:tb, GOC:vw]",452,7396,191,20972,0.025824770146024877,0.4225663716814159,query_1,"['GO:0044093', 'GO:0050790']"
GO:BP,GO:0000077,DNA damage checkpoint signaling,0.01364288991076136,True,"""A signal transduction process that contributes to a DNA damage checkpoint."" [GOC:mah]",115,7396,57,20972,0.007706868577609519,0.4956521739130435,query_1,"['GO:0031570', 'GO:0042770']"
GO:BP,GO:0072527,pyrimidine-containing compound metabolic process,0.01364288991076136,True,"""The chemical reactions and pathways involving a pyrimidine-containing compound, i.e. any compound that contains pyrimidine or a formal derivative thereof."" [GOC:mah]",73,7396,39,20972,0.0052731206057328285,0.5342465753424658,query_1,['GO:0008152']
GO:BP,GO:0072331,signal transduction by p53 class mediator,0.014009561155023543,True,"""An intracellular signaling process that is induced by the cell cycle regulator phosphoprotein p53 or an equivalent protein."" [GOC:mah]",183,7396,85,20972,0.01149269875608437,0.4644808743169399,query_1,['GO:0035556']
GO:BP,GO:0006469,negative regulation of protein kinase activity,0.014043220018910061,True,"""Any process that stops, prevents, or reduces the frequency, rate or extent of protein kinase activity."" [GOC:go_curators]",108,7396,54,20972,0.007301243915630071,0.5,query_1,"['GO:0001933', 'GO:0033673', 'GO:0045859']"
GO:BP,GO:0007098,centrosome cycle,0.014269328428223253,True,"""The cell cycle process in which centrosome duplication and separation takes place. The centrosome cycle can operate with a considerable degree of independence from other processes of the cell cycle."" [ISBN:0815316194]",144,7396,69,20972,0.009329367225527312,0.4791666666666667,query_1,"['GO:0022402', 'GO:0031023']"
GO:BP,GO:0042157,lipoprotein metabolic process,0.014445645459179743,True,"""The chemical reactions and pathways involving any conjugated, water-soluble protein in which the covalently attached nonprotein group consists of a lipid or lipids."" [ISBN:0198506732]",87,7396,45,20972,0.006084369929691726,0.5172413793103449,query_1,['GO:0019538']
GO:BP,GO:0051928,positive regulation of calcium ion transport,0.014455076413271394,True,"""Any process that activates or increases the frequency, rate or extent of the directed movement of calcium ions into, out of or within a cell, or between cells, by means of some agent such as a transporter or pore."" [GOC:ai]",94,7396,48,20972,0.006489994591671174,0.5106382978723404,query_1,"['GO:0006816', 'GO:0043270', 'GO:0051924']"
GO:BP,GO:0045824,negative regulation of innate immune response,0.014455076413271394,True,"""Any process that stops, prevents, or reduces the frequency, rate or extent of the innate immune response."" [GOC:go_curators]",94,7396,48,20972,0.006489994591671174,0.5106382978723404,query_1,"['GO:0002832', 'GO:0031348', 'GO:0032102', 'GO:0045087', 'GO:0045088', 'GO:0050777']"
GO:BP,GO:0044782,cilium organization,0.014473358882342207,True,"""A process that is carried out at the cellular level which results in the assembly, arrangement of constituent parts, or disassembly of a cilium, a specialized eukaryotic organelle that consists of a filiform extrusion of the cell surface. Each cilium is bounded by an extrusion of the cytoplasmic membrane, and contains a regular longitudinal array of microtubules, anchored basally in a centriole."" [GOC:cilia, GOC:jl]",437,7396,185,20972,0.025013520822065982,0.4233409610983982,query_1,"['GO:0006996', 'GO:0120036']"
GO:BP,GO:0043410,positive regulation of MAPK cascade,0.014547356180347963,True,"""Any process that activates or increases the frequency, rate or extent of signal transduction mediated by the MAPK cascade."" [GOC:go_curators]",450,7396,190,20972,0.025689561925365062,0.4222222222222222,query_1,"['GO:0000165', 'GO:0043408', 'GO:1902533']"
GO:BP,GO:0010543,regulation of platelet activation,0.014634762622817163,True,"""Any process that modulates the rate or frequency of platelet activation. Platelet activation is a series of progressive, overlapping events triggered by exposure of the platelets to subendothelial tissue."" [GOC:BHF, GOC:dph, GOC:tb]",53,7396,30,20972,0.004056246619794483,0.5660377358490566,query_1,"['GO:0030168', 'GO:0050865']"
GO:BP,GO:0034101,erythrocyte homeostasis,0.014648510306921637,True,"""Any process of regulating the production and elimination of erythrocytes within an organism."" [GOC:add, PMID:10694114, PMID:14754397]",149,7396,71,20972,0.009599783666846945,0.47651006711409394,query_1,['GO:0002262']
GO:BP,GO:0098754,detoxification,0.014648510306921637,True,"""Any process that reduces or removes the toxicity of a toxic substance. These may include transport of the toxic substance away from sensitive areas and to compartments or complexes whose purpose is sequestration of the toxic substance."" [GOC:dos]",149,7396,71,20972,0.009599783666846945,0.47651006711409394,query_1,"['GO:0008150', 'GO:0009636']"
GO:BP,GO:1902905,positive regulation of supramolecular fiber organization,0.014715702623254594,True,"""Any process that activates or increases the frequency, rate or extent of supramolecular fiber organization."" [GO_REF:0000058, GOC:PARL, GOC:rl, GOC:TermGenie, PMID:23921388]",171,7396,80,20972,0.01081665765278529,0.4678362573099415,query_1,"['GO:0051130', 'GO:0097435', 'GO:1902903']"
GO:BP,GO:1900744,regulation of p38MAPK cascade,0.014754835746809289,True,"""Any process that modulates the frequency, rate or extent of p38MAPK cascade."" [GOC:TermGenie]",40,7396,24,20972,0.003244997295835587,0.6,query_1,"['GO:0038066', 'GO:0043408']"
GO:BP,GO:0002369,T cell cytokine production,0.014754835746809289,True,"""Any process that contributes to cytokine production by a T cell."" [GOC:add, ISBN:0781735149]",40,7396,24,20972,0.003244997295835587,0.6,query_1,"['GO:0002367', 'GO:0002456']"
GO:BP,GO:0002724,regulation of T cell cytokine production,0.014754835746809289,True,"""Any process that modulates the frequency, rate, or extent of T cell cytokine production."" [GOC:add]",40,7396,24,20972,0.003244997295835587,0.6,query_1,"['GO:0002369', 'GO:0002709', 'GO:0002718']"
GO:BP,GO:0045807,positive regulation of endocytosis,0.015023863423452626,True,"""Any process that activates or increases the frequency, rate or extent of endocytosis."" [GOC:go_curators]",154,7396,73,20972,0.009870200108166577,0.474025974025974,query_1,"['GO:0006897', 'GO:0030100', 'GO:0051050', 'GO:0051130']"
GO:BP,GO:0030182,neuron differentiation,0.015243953846699377,True,"""The process in which a relatively unspecialized cell acquires specialized features of a neuron."" [GOC:mah]",1444,7396,563,20972,0.07612222823147648,0.3898891966759003,query_1,"['GO:0030154', 'GO:0048699']"
GO:BP,GO:0000075,cell cycle checkpoint signaling,0.015338659779017617,True,"""A signaling process that controls cell cycle progression by monitoring the integrity of specific cell cycle events. A cell cycle checkpoint begins with detection of deficiencies or defects and ends with signal transduction."" [GOC:mtg_cell_cycle]",186,7396,86,20972,0.011627906976744186,0.46236559139784944,query_1,"['GO:0035556', 'GO:1901988']"
GO:BP,GO:0050673,epithelial cell proliferation,0.015377829516917296,True,"""The multiplication or reproduction of epithelial cells, resulting in the expansion of a cell population. Epithelial cells make up the epithelium, the covering of internal and external surfaces of the body, including the lining of vessels and other small cavities. It consists of cells joined by small amounts of cementing substances."" [ISBN:0721662544]",435,7396,184,20972,0.024878312601406164,0.42298850574712643,query_1,['GO:0008283']
GO:BP,GO:0030509,BMP signaling pathway,0.015377829516917296,True,"""The series of molecular signals initiated by the binding of a member of the BMP (bone morphogenetic protein) family to a receptor on the surface of a target cell, and ending with the regulation of a downstream cellular process, e.g. transcription."" [GOC:signaling, ISBN:0878932437, PMID:17428827]",159,7396,75,20972,0.010140616549486208,0.4716981132075472,query_1,"['GO:0071773', 'GO:0141091']"
GO:BP,GO:0002200,somatic diversification of immune receptors,0.015377829516917296,True,"""The somatic process allowing for the production of immune receptors whose specificity is not encoded in the germline genomic sequences."" [GOC:add, ISBN:0781735149, PMID:16102575, PMID:16166509]",78,7396,41,20972,0.005543537047052461,0.5256410256410257,query_1,"['GO:0002376', 'GO:0002520']"
GO:BP,GO:0046486,glycerolipid metabolic process,0.015499764329745378,True,"""The chemical reactions and pathways involving glycerolipids, any lipid with a glycerol backbone. Diacylglycerol and phosphatidate are key lipid intermediates of glycerolipid biosynthesis."" [GOC:ai, PMID:8906569]",386,7396,165,20972,0.02230935640886966,0.4274611398963731,query_1,['GO:0006629']
GO:BP,GO:0000281,mitotic cytokinesis,0.015525800155670507,True,"""A cell cycle process that results in the division of the cytoplasm of a cell after mitosis, resulting in the separation of the original cell into two daughter cells."" [GOC:mtg_cell_cycle]",99,7396,50,20972,0.006760411032990805,0.5050505050505051,query_1,"['GO:0061640', 'GO:1903047']"
GO:BP,GO:1903432,regulation of TORC1 signaling,0.015525800155670507,True,"""Any process that modulates the frequency, rate or extent of TORC1 signaling."" [GO_REF:0000058, GOC:TermGenie]",99,7396,50,20972,0.006760411032990805,0.5050505050505051,query_1,"['GO:0032006', 'GO:0038202']"
GO:BP,GO:0035821,modulation of process of another organism,0.015616278070323389,True,"""A process in which an organism effects a change in a biological process in another organism."" [GOC:bf]",118,7396,58,20972,0.007842076798269334,0.4915254237288136,query_1,['GO:0044419']
GO:BP,GO:0032649,regulation of type II interferon production,0.015616278070323389,True,"""Any process that modulates the frequency, rate, or extent of interferon-gamma production. Interferon-gamma is also known as type II interferon."" [GOC:add, GOC:mah, PMID:15546383]",118,7396,58,20972,0.007842076798269334,0.4915254237288136,query_1,"['GO:0001817', 'GO:0032609']"
GO:BP,GO:0071168,protein localization to chromatin,0.015640238358755575,True,"""Any process in which a protein is transported to, or maintained at, a part of a chromosome that is organized into chromatin."" [GOC:mah]",51,7396,29,20972,0.003921038399134667,0.5686274509803921,query_1,['GO:0034502']
GO:BP,GO:0140467,integrated stress response signaling,0.015640238358755575,True,"""The series of molecular signals generated in response to diverse stress stimuli required to restore cellular homeostasis. The core event in this pathway is the phosphorylation of eIF2 alpha by one of four members of the eIF2a kinase family (EIF2AK1/HRI, EIF2AK2/PKR, EIF2AK3/PERK and EIF2AK4/GCN2), which leads to a decrease in global protein synthesis and the induction of selected genes, including the transcription factor ATF4, that together promote cellular recovery."" [PMID:27629041]",51,7396,29,20972,0.003921038399134667,0.5686274509803921,query_1,"['GO:0033554', 'GO:0141124']"
GO:BP,GO:0048666,neuron development,0.01604833092292229,True,"""The process whose specific outcome is the progression of a neuron over time, from initial commitment of the cell to a specific fate, to the fully functional differentiated cell."" [GOC:dph]",1167,7396,460,20972,0.062195781503515415,0.39417309340188517,query_1,"['GO:0030182', 'GO:0048468']"
GO:BP,GO:0032722,positive regulation of chemokine production,0.016055132952363698,True,"""Any process that activates or increases the frequency, rate, or extent of chemokine production."" [GOC:mah]",69,7396,37,20972,0.005002704164413196,0.5362318840579711,query_1,"['GO:0001819', 'GO:0032602', 'GO:0032642']"
GO:BP,GO:2000147,positive regulation of cell motility,0.016061415638169492,True,"""Any process that activates or increases the frequency, rate or extent of cell motility."" [GOC:mah]",571,7396,236,20972,0.0319091400757166,0.4133099824868651,query_1,"['GO:0040017', 'GO:0048522', 'GO:0048870', 'GO:2000145']"
GO:BP,GO:0060271,cilium assembly,0.016113203075754874,True,"""The assembly of a cilium, a specialized eukaryotic organelle that consists of a filiform extrusion of the cell surface. Each cilium is bounded by an extrusion of the cytoplasmic membrane, and contains a regular longitudinal array of microtubules, anchored basally in a centriole."" [GOC:BHF, GOC:cilia, GOC:dph, GOC:kmv, GOC:pr, GOC:vw, ISBN:0198506732, PMID:13978319, PMID:27350441]",407,7396,173,20972,0.02339102217414819,0.4250614250614251,query_1,"['GO:0044782', 'GO:0070925', 'GO:0120031']"
GO:BP,GO:0010212,response to ionizing radiation,0.01622638805851027,True,"""Any process that results in a change in state or activity of a cell or an organism (in terms of movement, secretion, enzyme production, gene expression, etc.) as a result of a ionizing radiation stimulus. Ionizing radiation is radiation with sufficient energy to remove electrons from atoms and may arise from spontaneous decay of unstable isotopes, resulting in alpha and beta particles and gamma rays. Ionizing radiation also includes X-rays."" [PMID:12509526]",135,7396,65,20972,0.008788534342888048,0.48148148148148145,query_1,['GO:0009314']
GO:BP,GO:0072359,circulatory system development,0.01629040920340966,True,"""The process whose specific outcome is the progression of the circulatory system over time, from its formation to the mature structure. The circulatory system is the organ system that passes nutrients (such as amino acids and electrolytes), gases, hormones, blood cells, etc. to and from cells in the body to help fight diseases and help stabilize body temperature and pH to maintain homeostasis."" [GOC:mah, UBERON:0001009]",1135,7396,448,20972,0.06057328285559762,0.3947136563876652,query_1,['GO:0048731']
GO:BP,GO:0043276,anoikis,0.016333168591375825,True,"""Apoptosis triggered by inadequate or inappropriate adherence to substrate e.g. after disruption of the interactions between normal epithelial cells and the extracellular matrix."" [GOC:jl, PMID:37667281]",36,7396,22,20972,0.0029745808545159546,0.6111111111111112,query_1,['GO:0006915']
GO:BP,GO:0009156,ribonucleoside monophosphate biosynthetic process,0.016333168591375825,True,"""The chemical reactions and pathways resulting in the formation of a ribonucleoside monophosphate, a compound consisting of a nucleobase linked to a ribose sugar esterified with phosphate on the sugar."" [GOC:go_curators, ISBN:0198506732]",36,7396,22,20972,0.0029745808545159546,0.6111111111111112,query_1,['GO:0009124']
GO:BP,GO:0090066,regulation of anatomical structure size,0.016333168591375825,True,"""Any process that modulates the size of an anatomical structure."" [GOC:dph, GOC:tb]",498,7396,208,20972,0.028123309897241752,0.41767068273092367,query_1,['GO:0065008']
GO:BP,GO:0045931,positive regulation of mitotic cell cycle,0.016333168591375825,True,"""Any process that activates or increases the rate or extent of progression through the mitotic cell cycle."" [GOC:dph, GOC:go_curators, GOC:tb]",123,7396,60,20972,0.008112493239588967,0.4878048780487805,query_1,"['GO:0000278', 'GO:0007346', 'GO:0045787']"
GO:BP,GO:0009267,cellular response to starvation,0.01650087742241526,True,"""Any process that results in a change in state or activity of a cell (in terms of movement, secretion, enzyme production, gene expression, etc.) as a result of deprivation of nourishment."" [GOC:jl]",184,7396,85,20972,0.01149269875608437,0.46195652173913043,query_1,"['GO:0031669', 'GO:0033554', 'GO:0042594']"
GO:BP,GO:0014004,microglia differentiation,0.016533519859792095,True,"""The process in which a relatively unspecialized cell acquires specialized features of a microglial cell. Microglia are glial cells that act as the immune cells of the central nervous system. They form part of the supporting structure of this system."" [GOC:ef]",16,7396,12,20972,0.0016224986479177934,0.75,query_1,"['GO:0007417', 'GO:0010001', 'GO:0030225']"
GO:BP,GO:0007028,cytoplasm organization,0.016533519859792095,True,"""A process that is carried out at the cellular level which results in the assembly, arrangement of constituent parts, or disassembly of the cytoplasm. The cytoplasm is all of the contents of a cell excluding the plasma membrane and nucleus, but including other subcellular structures."" [GOC:curators, GOC:dph, GOC:jl, GOC:mah]",16,7396,12,20972,0.0016224986479177934,0.75,query_1,['GO:0016043']
GO:BP,GO:0008298,intracellular mRNA localization,0.016533519859792095,True,"""Any process in which mRNA is transported to, or maintained in, a specific location within the cell."" [GOC:ai]",16,7396,12,20972,0.0016224986479177934,0.75,query_1,['GO:0006403']
GO:BP,GO:0090336,positive regulation of brown fat cell differentiation,0.016533519859792095,True,"""Any process that increases the rate, frequency, or extent of brown fat cell differentiation. Brown fat cell differentiation is the process in which a relatively unspecialized cell acquires specialized features of a brown adipocyte, an animal connective tissue cell involved in adaptive thermogenesis. Brown adipocytes contain multiple small droplets of triglycerides and a high number of mitochondria."" [GOC:BHF]",16,7396,12,20972,0.0016224986479177934,0.75,query_1,"['GO:0045600', 'GO:0050873', 'GO:0090335']"
GO:BP,GO:0031023,microtubule organizing center organization,0.016533519859792095,True,"""A process that is carried out at the cellular level which results in the assembly, arrangement of constituent parts, or disassembly of a microtubule organizing center, a structure from which microtubules grow."" [GOC:dph, GOC:jl, GOC:mah]",157,7396,74,20972,0.010005408328826392,0.4713375796178344,query_1,"['GO:0000226', 'GO:0007017', 'GO:0016043']"
GO:BP,GO:0140632,canonical inflammasome complex assembly,0.016733928975987362,True,"""The aggregation, arrangement and bonding together of a set of components to form an inflammasome complex."" [PMID:33420028, PMID:33420033, PMID:33542150]",49,7396,28,20972,0.0037858301784748512,0.5714285714285714,query_1,"['GO:0065003', 'GO:0141084']"
GO:BP,GO:0006261,DNA-templated DNA replication,0.016881227553136625,True,"""A DNA replication process that uses parental DNA as a template for the DNA-dependent DNA polymerases that synthesize the new strands."" [GOC:mah, ISBN:0198506732]",162,7396,76,20972,0.010275824770146024,0.4691358024691358,query_1,['GO:0006260']
GO:BP,GO:0002064,epithelial cell development,0.0170051688642502,True,"""The process whose specific outcome is the progression of an epithelial cell over time, from its formation to the mature structure. An epithelial cell is a cell usually found in a two-dimensional sheet with a free surface."" [GOC:dph]",214,7396,97,20972,0.013115197404002164,0.4532710280373832,query_1,"['GO:0030855', 'GO:0048468']"
GO:BP,GO:1990845,adaptive thermogenesis,0.017187014600865053,True,"""The regulated production of heat in response to short term environmental changes, such as stress, diet or reduced temperature."" [PMID:17260010, PMID:20363363]",167,7396,78,20972,0.010546241211465657,0.46706586826347307,query_1,['GO:0001659']
GO:BP,GO:0008610,lipid biosynthetic process,0.017603284537463505,True,"""The chemical reactions and pathways resulting in the formation of lipids, compounds soluble in an organic solvent but not, or sparingly, in an aqueous solvent."" [GOC:go_curators]",717,7396,291,20972,0.03934559221200649,0.40585774058577406,query_1,"['GO:0006629', 'GO:0009058']"
GO:BP,GO:0038061,non-canonical NF-kappaB signal transduction,0.017786043019010295,True,"""An intracellular signaling cassette characterized by the NIK-dependent processing and activation of NF-kappaB. Begins with activation of the NF-kappaB-inducing kinase (NIK), which in turn phosphorylates and activates IkappaB kinase alpha (IKKalpha). IKKalpha phosphorylates the NF-kappa B2 protein (p100) leading to p100 processing and release of an active NF-kappaB (p52). The non-canonical NF-kappaB signaling pathway is generally activated by ligands of the TNF receptor superfamily, including lymphotoxin beta (LTB), CD40, OX40, RANK, TWEAK and B cell-activating factor (BAFF)."" [GOC:bf, GOC:mg2, GOC:signaling, GOC:vs, PMID:11239468, PMID:15140882, PMID:34659217]",121,7396,59,20972,0.00797728501892915,0.48760330578512395,query_1,['GO:0141124']
GO:BP,GO:0006006,glucose metabolic process,0.017910673548161647,True,"""The chemical reactions and pathways involving glucose, the aldohexose gluco-hexose. D-glucose is dextrorotatory and is sometimes known as dextrose; it is an important source of energy for living organisms and is found free as well as combined in homo- and hetero-oligosaccharides and polysaccharides."" [ISBN:0198506732]",182,7396,84,20972,0.011357490535424553,0.46153846153846156,query_1,['GO:0019318']
GO:BP,GO:0042789,mRNA transcription by RNA polymerase II,0.017953950199030545,True,"""The cellular synthesis of messenger RNA (mRNA) from a DNA template by RNA polymerase II, originating at an RNA polymerase II promoter."" [GOC:jl, ISBN:0321000382]",47,7396,27,20972,0.0036506219578150353,0.574468085106383,query_1,"['GO:0006366', 'GO:0009299']"
GO:BP,GO:0006356,regulation of transcription by RNA polymerase I,0.017953950199030545,True,"""Any process that modulates the frequency, rate or extent of transcription mediated by RNA polymerase I."" [GOC:go_curators]",47,7396,27,20972,0.0036506219578150353,0.574468085106383,query_1,"['GO:0006355', 'GO:0006360']"
GO:BP,GO:0044546,NLRP3 inflammasome complex assembly,0.017953950199030545,True,"""The aggregation, arrangement and bonding together of a set of components to form the NLRP3 inflammasome complex, occurring at the level of an individual cell."" [GOC:jl, PMID:21048113]",47,7396,27,20972,0.0036506219578150353,0.574468085106383,query_1,['GO:0140632']
GO:BP,GO:0032869,cellular response to insulin stimulus,0.017953950199030545,True,"""Any process that results in a change in state or activity of a cell (in terms of movement, secretion, enzyme production, gene expression, etc.) as a result of an insulin stimulus. Insulin is a polypeptide hormone produced by the islets of Langerhans of the pancreas in mammals, and by the homologous organs of other organisms."" [GOC:mah, ISBN:0198506732]",252,7396,112,20972,0.015143320713899405,0.4444444444444444,query_1,"['GO:0032868', 'GO:0071375']"
GO:BP,GO:0019884,antigen processing and presentation of exogenous antigen,0.017953950199030545,True,"""The process in which an antigen-presenting cell expresses antigen (peptide or lipid) of exogenous origin on its cell surface in association with an MHC protein complex."" [GOC:add, ISBN:0781735149, PMID:15771591, PMID:15928678]",47,7396,27,20972,0.0036506219578150353,0.574468085106383,query_1,['GO:0019882']
GO:BP,GO:0141085,regulation of inflammasome-mediated signaling pathway,0.017953950199030545,True,"""Any process that modulates the frequency, rate or extent of an inflammasome-mediated signaling pathway."" [PMID:33467177]",47,7396,27,20972,0.0036506219578150353,0.574468085106383,query_1,"['GO:0039531', 'GO:0141084']"
GO:BP,GO:0051338,regulation of transferase activity,0.017953950199030545,True,"""Any process that modulates the frequency, rate or extent of transferase activity, the catalysis of the transfer of a group, e.g. a methyl group, glycosyl group, acyl group, phosphorus-containing, or other groups, from one compound (generally regarded as the donor) to another compound (generally regarded as the acceptor). Transferase is the systematic name for any enzyme of EC class 2."" [GOC:ai]",408,7396,173,20972,0.02339102217414819,0.42401960784313725,query_1,['GO:0050790']
GO:BP,GO:0036035,osteoclast development,0.018040182770213003,True,"""The process whose specific outcome is the progression of a osteoclast from its formation to the mature structure. Cell development does not include the steps involved in committing a cell to a specific fate. An osteoclast is a specialized phagocytic cell associated with the absorption and removal of the mineralized matrix of bone tissue."" [CL:0000092, GOC:bf, GOC:yaf]",18,7396,13,20972,0.0017577068685776095,0.7222222222222222,query_1,"['GO:0030316', 'GO:0061515', 'GO:0098751']"
GO:BP,GO:0098751,bone cell development,0.018040182770213003,True,"""The process whose specific outcome is the progression of a bone cell over time, from initial commitment of the cell to a specific fate, to the fully functional differentiated cell."" [GOC:dos]",18,7396,13,20972,0.0017577068685776095,0.7222222222222222,query_1,"['GO:0048468', 'GO:0060348']"
GO:BP,GO:0030218,erythrocyte differentiation,0.018089574253167037,True,"""The process in which a myeloid precursor cell acquires specializes features of an erythrocyte."" [GOC:mah]",138,7396,66,20972,0.008923742563547863,0.4782608695652174,query_1,"['GO:0030099', 'GO:0034101']"
GO:BP,GO:0097529,myeloid leukocyte migration,0.018303473939569014,True,"""The movement of a myeloid leukocyte within or between different tissues and organs of the body."" [GOC:cvs, PMID:22342843, PMID:24157461]",227,7396,102,20972,0.013791238507301243,0.44933920704845814,query_1,['GO:0050900']
GO:BP,GO:0032868,response to insulin,0.018339078039252336,True,"""Any process that results in a change in state or activity of a cell or an organism (in terms of movement, secretion, enzyme production, gene expression, etc.) as a result of an insulin stimulus. Insulin is a polypeptide hormone produced by the islets of Langerhans of the pancreas in mammals, and by the homologous organs of other organisms."" [GOC:mah, ISBN:0198506732]",308,7396,134,20972,0.01811790156841536,0.43506493506493504,query_1,['GO:0043434']
GO:BP,GO:1904357,negative regulation of telomere maintenance via telomere lengthening,0.018417513810863952,True,"""Any process that stops, prevents or reduces the frequency, rate or extent of telomere maintenance via telomere lengthening."" [GO_REF:0000058, GOC:BHF, GOC:BHF_telomere, GOC:nc, GOC:TermGenie, PMID:23959892]",30,7396,19,20972,0.002568956192536506,0.6333333333333333,query_1,"['GO:0010833', 'GO:0032205', 'GO:1904356']"
GO:BP,GO:0032292,peripheral nervous system axon ensheathment,0.018417513810863952,True,"""The process in which a Schwann cell membrane closes around an axon in the peripheral nervous system. This can be a myelinating or a non-myelinating neuron-glial interaction."" [GOC:dgh]",30,7396,19,20972,0.002568956192536506,0.6333333333333333,query_1,['GO:0008366']
GO:BP,GO:0022011,myelination in peripheral nervous system,0.018417513810863952,True,"""The process in which neuronal axons and dendrites become coated with a segmented lipid-rich sheath (myelin) to enable faster and more energetically efficient conduction of electrical impulses. The sheath is formed by the cell membranes of Schwann cells in the peripheral nervous system. Adjacent myelin segments are separated by a non-myelinated stretch of axon called a node of Ranvier."" [GO_REF:0000021, GOC:cls, GOC:dgh, GOC:dph, GOC:jid]",30,7396,19,20972,0.002568956192536506,0.6333333333333333,query_1,"['GO:0014044', 'GO:0032292', 'GO:0042552']"
GO:BP,GO:0008333,endosome to lysosome transport,0.018788604520993606,True,"""The directed movement of substances from endosomes to lysosomes."" [GOC:ai, ISBN:0716731363]",65,7396,35,20972,0.004732287723093564,0.5384615384615384,query_1,"['GO:0007041', 'GO:0016192']"
GO:BP,GO:0006109,regulation of carbohydrate metabolic process,0.01885727008942973,True,"""Any process that modulates the frequency, rate or extent of the chemical reactions and pathways involving carbohydrates."" [GOC:go_curators]",170,7396,79,20972,0.010681449432125473,0.4647058823529412,query_1,"['GO:0005975', 'GO:0080090']"
GO:BP,GO:0090141,positive regulation of mitochondrial fission,0.018982172779203756,True,"""Any process that increases the rate, frequency or extent of mitochondrial fission. Mitochondrial fission is the division of a mitochondrion within a cell to form two or more separate mitochondrial compartments."" [GOC:ascb_2009, GOC:dph, GOC:tb]",20,7396,14,20972,0.0018929150892374256,0.7,query_1,"['GO:0000266', 'GO:0010638', 'GO:0051094', 'GO:0090140']"
GO:BP,GO:0030336,negative regulation of cell migration,0.019028080436742836,True,"""Any process that stops, prevents, or reduces the frequency, rate or extent of cell migration."" [GOC:go_curators]",293,7396,128,20972,0.017306652244456464,0.43686006825938567,query_1,"['GO:0016477', 'GO:0030334', 'GO:2000146']"
GO:BP,GO:0032609,type II interferon production,0.01924227524383243,True,"""The appearance of interferon-gamma due to biosynthesis or secretion following a cellular stimulus, resulting in an increase in its intracellular or extracellular levels. Interferon-gamma is also known as type II interferon."" [GOC:add, GOC:mah, PMID:15546383]",119,7396,58,20972,0.007842076798269334,0.48739495798319327,query_1,['GO:0001816']
GO:BP,GO:0009314,response to radiation,0.01924227524383243,True,"""Any process that results in a change in state or activity of a cell or an organism (in terms of movement, secretion, enzyme production, gene expression, etc.) as a result of an electromagnetic radiation stimulus. Electromagnetic radiation is a propagating wave in space with electric and magnetic components. These components oscillate at right angles to each other and to the direction of propagation."" [GOC:jl, Wikipedia:Electromagnetic_radiation]",432,7396,182,20972,0.024607896160086535,0.4212962962962963,query_1,['GO:0009628']
GO:BP,GO:0032753,positive regulation of interleukin-4 production,0.019320713519731893,True,"""Any process that activates or increases the frequency, rate, or extent of interleukin-4 production."" [GOC:mah]",26,7396,17,20972,0.002298539751216874,0.6538461538461539,query_1,"['GO:0001819', 'GO:0032633', 'GO:0032673']"
GO:BP,GO:1990858,cellular response to lectin,0.019320713519731893,True,"""Any process that results in a change in state or activity of a cell (in terms of movement, secretion, enzyme production, gene expression, etc.) as a result of a lectin stimulus. A lectin is a carbohydrate-binding protein, highly specific for binding sugar moieties."" [PMID:25996210, PMID:26306444]",22,7396,15,20972,0.0020281233098972417,0.6818181818181818,query_1,['GO:1990840']
GO:BP,GO:1990840,response to lectin,0.019320713519731893,True,"""Any process that results in a change in state or activity of a cell or an organism (in terms of movement, secretion, enzyme production, gene expression, etc.) as a result of a lectin stimulus. A lectin is a carbohydrate-binding protein, highly specific for binding sugar moieties."" [PMID:25996210, PMID:26306444]",22,7396,15,20972,0.0020281233098972417,0.6818181818181818,query_1,['GO:0009607']
GO:BP,GO:0071480,cellular response to gamma radiation,0.019320713519731893,True,"""Any process that results in a change in state or activity of a cell (in terms of movement, secretion, enzyme production, gene expression, etc.) as a result of a gamma radiation stimulus. Gamma radiation is a form of electromagnetic radiation (EMR) or light emission of a specific frequency produced from sub-atomic particle interaction, such as electron-positron annihilation and radioactive decay. Gamma rays are generally characterized as EMR having the highest frequency and energy, and also the shortest wavelength, within the electromagnetic radiation spectrum."" [GOC:mah]",26,7396,17,20972,0.002298539751216874,0.6538461538461539,query_1,"['GO:0010332', 'GO:0071479']"
GO:BP,GO:0034220,monoatomic ion transmembrane transport,0.019320713519731893,True,"""A process in which a monoatomic ion is transported across a membrane. Monatomic ions (also called simple ions) are ions consisting of exactly one atom."" [GOC:mah]",1025,7396,406,20972,0.054894537587885345,0.3960975609756098,query_1,"['GO:0006811', 'GO:0055085']"
GO:BP,GO:0050857,positive regulation of antigen receptor-mediated signaling pathway,0.019320713519731893,True,"""Any process that activates or increases the frequency, rate or extent of signaling pathways initiated by the cross-linking of an antigen receptor on a B- or T cell."" [GOC:ai]",26,7396,17,20972,0.002298539751216874,0.6538461538461539,query_1,"['GO:0009967', 'GO:0050778', 'GO:0050851', 'GO:0050854']"
GO:BP,GO:0009127,purine nucleoside monophosphate biosynthetic process,0.019320713519731893,True,"""The chemical reactions and pathways resulting in the formation of purine nucleoside monophosphate, a compound consisting of a purine base linked to a ribose or deoxyribose sugar esterified with phosphate on the sugar."" [GOC:go_curators, ISBN:0198506732]",22,7396,15,20972,0.0020281233098972417,0.6818181818181818,query_1,"['GO:0009124', 'GO:0009126']"
GO:BP,GO:0002223,stimulatory C-type lectin receptor signaling pathway,0.019320713519731893,True,"""The series of molecular signals initiated by the binding of C-type lectin to its receptor on the surface of a target cell, and resulting in cellular activation."" [GO_REF:0000022, GOC:add, ISBN:0781735149]",22,7396,15,20972,0.0020281233098972417,0.6818181818181818,query_1,"['GO:0002220', 'GO:1990858']"
GO:BP,GO:2000209,regulation of anoikis,0.019320713519731893,True,"""Any process that modulates the frequency, rate or extent of anoikis."" [GOC:mah]",26,7396,17,20972,0.002298539751216874,0.6538461538461539,query_1,"['GO:0042981', 'GO:0043276']"
GO:BP,GO:0032528,microvillus organization,0.01942816719067589,True,"""A process that is carried out at the cellular level which results in the assembly, arrangement of constituent parts, or disassembly of a microvillus, a thin cylindrical membrane-covered projection on the surface of a cell."" [GOC:mah]",24,7396,16,20972,0.002163331530557058,0.6666666666666666,query_1,['GO:0120036']
GO:BP,GO:0002704,negative regulation of leukocyte mediated immunity,0.0194298285398229,True,"""Any process that stops, prevents, or reduces the frequency, rate, or extent of leukocyte mediated immunity."" [GOC:add]",72,7396,38,20972,0.005137912385073012,0.5277777777777778,query_1,"['GO:0002443', 'GO:0002698', 'GO:0002703']"
GO:BP,GO:0010833,telomere maintenance via telomere lengthening,0.0194298285398229,True,"""Any process that contributes to the maintenance of proper telomeric length and structure by affecting and monitoring the activity of telomeric proteins and lengthening the telomeric DNA."" [GOC:dph, GOC:tb]",72,7396,38,20972,0.005137912385073012,0.5277777777777778,query_1,['GO:0000723']
GO:BP,GO:0048678,response to axon injury,0.0194298285398229,True,"""Any process that results in a change in state or activity of a cell or an organism (in terms of movement, secretion, enzyme production, gene expression, etc.) as a result of an axon injury stimulus."" [GOC:dgh, GOC:dph, GOC:jid, GOC:lm]",72,7396,38,20972,0.005137912385073012,0.5277777777777778,query_1,['GO:0009611']
GO:BP,GO:0030512,negative regulation of transforming growth factor beta receptor signaling pathway,0.019786174069158644,True,"""Any process that stops, prevents, or reduces the frequency, rate or extent of any TGF-beta receptor signaling pathway."" [GOC:mah]",93,7396,47,20972,0.006354786371011357,0.5053763440860215,query_1,"['GO:0007179', 'GO:0017015', 'GO:0090101']"
GO:BP,GO:0031570,DNA integrity checkpoint signaling,0.019866800764863017,True,"""A signaling process that controls cell cycle progression in response to changes in DNA structure by monitoring the integrity of the DNA. The DNA integrity checkpoint begins with detection of DNA damage, defects in DNA structure or DNA replication, and progresses through signal transduction and ends with cell cycle effector processes."" [GOC:mtg_cell_cycle]",124,7396,60,20972,0.008112493239588967,0.4838709677419355,query_1,['GO:0000075']
GO:BP,GO:0001776,leukocyte homeostasis,0.019866800764863017,True,"""The process of regulating the proliferation and elimination of cells of the immune system such that the total number of cells of a particular cell type within a whole or part of an organism is stable over time in the absence of an outside stimulus."" [GOC:add, ISBN:0781735149]",112,7396,55,20972,0.007436452136289886,0.49107142857142855,query_1,"['GO:0002376', 'GO:0048872']"
GO:BP,GO:1903034,regulation of response to wounding,0.020003545372248136,True,"""Any process that modulates the frequency, rate or extent of response to wounding."" [GO_REF:0000058, GOC:kmv, GOC:TermGenie, PMID:19164535]",163,7396,76,20972,0.010275824770146024,0.4662576687116564,query_1,"['GO:0009611', 'GO:0080134']"
GO:BP,GO:0071709,membrane assembly,0.020246391892619894,True,"""The aggregation, arrangement and bonding together of a set of components to form a membrane."" [GOC:mah]",63,7396,34,20972,0.004597079502433748,0.5396825396825397,query_1,"['GO:0022607', 'GO:0044091', 'GO:0061024']"
GO:BP,GO:0032506,cytokinetic process,0.020251056255676782,True,"""A cellular process that is involved in cytokinesis (the division of the cytoplasm of a cell and its separation into two daughter cells)."" [GOC:bf, GOC:isa_complete, GOC:mah]",54,7396,30,20972,0.004056246619794483,0.5555555555555556,query_1,"['GO:0000910', 'GO:0022402']"
GO:BP,GO:0061448,connective tissue development,0.020251056255676782,True,"""The progression of a connective tissue over time, from its formation to the mature structure."" [GOC:BHF]",291,7396,127,20972,0.017171444023796646,0.436426116838488,query_1,['GO:0009888']
GO:BP,GO:0001959,regulation of cytokine-mediated signaling pathway,0.020251328265514287,True,"""Any process that modulates the frequency, rate or extent of the cytokine mediated signaling pathway."" [GOC:hjd]",168,7396,78,20972,0.010546241211465657,0.4642857142857143,query_1,"['GO:0009966', 'GO:0019221', 'GO:0060759']"
GO:BP,GO:0043001,Golgi to plasma membrane protein transport,0.020373325369587456,True,"""The directed movement of proteins from the Golgi to the plasma membrane in transport vesicles that move from the trans-Golgi network to the plasma membrane. Golgi to plasma membrane transport precedes exocytosis."" [ISBN:0716731363]",43,7396,25,20972,0.0033802055164954027,0.5813953488372093,query_1,"['GO:0006893', 'GO:0015031', 'GO:0061951', 'GO:0072659']"
GO:BP,GO:1900225,regulation of NLRP3 inflammasome complex assembly,0.020373325369587456,True,"""Any process that modulates the frequency, rate or extent of NLRP3 inflammasome complex assembly."" [GOC:TermGenie]",43,7396,25,20972,0.0033802055164954027,0.5813953488372093,query_1,"['GO:0043254', 'GO:0044546', 'GO:0141085']"
GO:BP,GO:0048863,stem cell differentiation,0.020374326903714206,True,"""The process in which a relatively unspecialized cell acquires specialized features of a stem cell. A stem cell is a cell that retains the ability to divide and proliferate throughout life to provide progenitor cells that can differentiate into specialized cells."" [CL:0000034, GOC:isa_complete]",253,7396,112,20972,0.015143320713899405,0.4426877470355731,query_1,['GO:0030154']
GO:BP,GO:0031345,negative regulation of cell projection organization,0.0206817381017965,True,"""Any process that stops, prevents, or reduces the frequency, rate or extent of a process involved in the formation, arrangement of constituent parts, or disassembly of cell projections."" [GOC:mah]",178,7396,82,20972,0.011087074094104922,0.4606741573033708,query_1,"['GO:0030030', 'GO:0031344', 'GO:0051129']"
GO:BP,GO:0071674,mononuclear cell migration,0.02113784529963079,True,"""The movement of a mononuclear cell within or between different tissues and organs of the body."" [GOC:mah]",223,7396,100,20972,0.01352082206598161,0.4484304932735426,query_1,['GO:0050900']
GO:BP,GO:0002437,inflammatory response to antigenic stimulus,0.021169821010541486,True,"""An inflammatory response to an antigenic stimulus, which can be include any number of T cell or B cell epitopes."" [GOC:add, ISBN:0781735149]",70,7396,37,20972,0.005002704164413196,0.5285714285714286,query_1,"['GO:0006954', 'GO:0006955']"
GO:BP,GO:0006869,lipid transport,0.021185715720621036,True,"""The directed movement of lipids into, out of or within a cell, or between cells, by means of some agent such as a transporter or pore. Lipids are compounds soluble in an organic solvent but not, or sparingly, in an aqueous solvent."" [ISBN:0198506732]",433,7396,182,20972,0.024607896160086535,0.42032332563510394,query_1,"['GO:0006810', 'GO:0010876']"
GO:BP,GO:0002457,T cell antigen processing and presentation,0.021349491336859972,True,"""The process in which a T cell expresses antigen (peptide or lipid) on its cell surface in association with an MHC protein complex."" [GOC:add, PMID:11417857, PMID:15120183]",6,7396,6,20972,0.0008112493239588967,1.0,query_1,"['GO:0002456', 'GO:0019882']"
GO:BP,GO:0009890,negative regulation of biosynthetic process,0.021349491336859972,True,"""Any process that stops, prevents, or reduces the rate of the chemical reactions and pathways resulting in the formation of substances."" [GOC:go_curators]",2802,7396,1057,20972,0.14291508923742563,0.37723054960742325,query_1,"['GO:0009058', 'GO:0009889', 'GO:0009892']"
GO:BP,GO:0044830,host-mediated perturbation of viral RNA genome replication,0.021349491336859972,True,"""A process in which a host organism alters or subverts viral RNA genome replication."" [GOC:jl]",6,7396,6,20972,0.0008112493239588967,1.0,query_1,"['GO:0039694', 'GO:0044788']"
GO:BP,GO:0071475,cellular hyperosmotic salinity response,0.021349491336859972,True,"""Any process that results in a change in state or activity of a cell (in terms of movement, secretion, enzyme production, gene expression, etc.) as a result of detection of, or exposure to, an increase in the concentration of salt (particularly but not exclusively sodium and chloride ions) in the environment."" [GOC:mah]",6,7396,6,20972,0.0008112493239588967,1.0,query_1,"['GO:0042538', 'GO:0071472', 'GO:0071474']"
GO:BP,GO:0048639,positive regulation of developmental growth,0.021349491336859972,True,"""Any process that activates, maintains or increases the rate of developmental growth."" [GOC:go_curators]",156,7396,73,20972,0.009870200108166577,0.46794871794871795,query_1,"['GO:0045927', 'GO:0048589', 'GO:0048638', 'GO:0051094']"
GO:BP,GO:0006189,'de novo' IMP biosynthetic process,0.021349491336859972,True,"""The chemical reactions and pathways resulting in the formation of IMP, inosine monophosphate, by the stepwise assembly of a purine ring on ribose 5-phosphate."" [GOC:mah, ISBN:0716720094]",6,7396,6,20972,0.0008112493239588967,1.0,query_1,['GO:0006188']
GO:BP,GO:0070482,response to oxygen levels,0.021349491336859972,True,"""Any process that results in a change in state or activity of a cell or an organism (in terms of movement, secretion, enzyme production, gene expression, etc.) as a result of a stimulus reflecting the presence, absence, or concentration of oxygen."" [GOC:BHF, GOC:mah]",317,7396,137,20972,0.01852352623039481,0.43217665615141954,query_1,['GO:0009628']
GO:BP,GO:0070212,protein poly-ADP-ribosylation,0.021349491336859972,True,"""The transfer of multiple ADP-ribose residues from NAD to a protein amino acid, forming a poly(ADP-ribose) chain."" [GOC:BHF, GOC:mah, GOC:rl, PMID:25043379]",6,7396,6,20972,0.0008112493239588967,1.0,query_1,['GO:0043687']
GO:BP,GO:0002326,B cell lineage commitment,0.021349491336859972,True,"""The process in which a lymphoid progenitor cell becomes committed to become any type of B cell."" [GOC:add, ISBN:0781735149]",6,7396,6,20972,0.0008112493239588967,1.0,query_1,"['GO:0030183', 'GO:0045165']"
GO:BP,GO:0032637,interleukin-8 production,0.02158770860383687,True,"""The appearance of interleukin-8 due to biosynthesis or secretion following a cellular stimulus, resulting in an increase in its intracellular or extracellular levels."" [GOC:mah]",84,7396,43,20972,0.005813953488372093,0.5119047619047619,query_1,['GO:0001816']
GO:BP,GO:0051099,positive regulation of binding,0.02158770860383687,True,"""Any process that activates or increases the rate or extent of binding, the selective interaction of a molecule with one or more specific sites on another molecule."" [GOC:ai]",84,7396,43,20972,0.005813953488372093,0.5119047619047619,query_1,"['GO:0044093', 'GO:0051098']"
GO:BP,GO:0032677,regulation of interleukin-8 production,0.02158770860383687,True,"""Any process that modulates the frequency, rate, or extent of interleukin-8 production."" [GOC:mah]",84,7396,43,20972,0.005813953488372093,0.5119047619047619,query_1,"['GO:0001817', 'GO:0032637']"
GO:BP,GO:0002823,negative regulation of adaptive immune response based on somatic recombination of immune receptors built from immunoglobulin superfamily domains,0.02170614553477627,True,"""Any process that stops, prevents, or reduces the frequency, rate, or extent of an adaptive immune response based on somatic recombination of immune receptors built from immunoglobulin superfamily domains. An example of this process is found in the Gnathostomata."" [GOC:add, GOC:mtg_sensu]",61,7396,33,20972,0.0044618712817739315,0.5409836065573771,query_1,"['GO:0002460', 'GO:0002820', 'GO:0002822']"
GO:BP,GO:0006611,protein export from nucleus,0.02170614553477627,True,"""The directed movement of a protein from the nucleus into the cytoplasm."" [GOC:jl]",61,7396,33,20972,0.0044618712817739315,0.5409836065573771,query_1,"['GO:0006886', 'GO:0051168']"
GO:BP,GO:0002707,negative regulation of lymphocyte mediated immunity,0.02170614553477627,True,"""Any process that stops, prevents, or reduces the frequency, rate, or extent of lymphocyte mediated immunity."" [GOC:add]",61,7396,33,20972,0.0044618712817739315,0.5409836065573771,query_1,"['GO:0002449', 'GO:0002704', 'GO:0002706']"
GO:BP,GO:0008631,intrinsic apoptotic signaling pathway in response to oxidative stress,0.02170614553477627,True,"""The series of molecular signals in which an intracellular signal is conveyed to trigger the apoptotic death of a cell. The pathway is induced in response to oxidative stress, a state often resulting from exposure to high levels of reactive oxygen species, and ends when the execution phase of apoptosis is triggered."" [GOC:ai, GOC:mtg_apoptosis]",61,7396,33,20972,0.0044618712817739315,0.5409836065573771,query_1,['GO:0097193']
GO:BP,GO:0032655,regulation of interleukin-12 production,0.02170614553477627,True,"""Any process that modulates the frequency, rate, or extent of interleukin-12 production."" [GOC:mah]",61,7396,33,20972,0.0044618712817739315,0.5409836065573771,query_1,"['GO:0001817', 'GO:0032615']"
GO:BP,GO:0032615,interleukin-12 production,0.02170614553477627,True,"""The appearance of interleukin-12 due to biosynthesis or secretion following a cellular stimulus, resulting in an increase in its intracellular or extracellular levels."" [GOC:mah]",61,7396,33,20972,0.0044618712817739315,0.5409836065573771,query_1,['GO:0001816']
GO:BP,GO:0031648,protein destabilization,0.02170614553477627,True,"""Any process that decreases the stability of a protein, making it more vulnerable to degradative processes or aggregation."" [GOC:mah]",52,7396,29,20972,0.003921038399134667,0.5576923076923077,query_1,['GO:0031647']
GO:BP,GO:0006606,protein import into nucleus,0.0217203338895375,True,"""The directed movement of a protein from the cytoplasm to the nucleus."" [GOC:jl]",166,7396,77,20972,0.01041103299080584,0.463855421686747,query_1,"['GO:0006886', 'GO:0034504', 'GO:0051170', 'GO:0072594']"
GO:BP,GO:0044283,small molecule biosynthetic process,0.022003715415451982,True,"""The chemical reactions and pathways resulting in the formation of small molecules, any low molecular weight, monomeric, non-encoded molecule."" [GOC:curators, GOC:pde, GOC:vw]",580,7396,238,20972,0.03217955651703624,0.4103448275862069,query_1,"['GO:0009058', 'GO:0044281']"
GO:BP,GO:0007420,brain development,0.022003715415451982,True,"""The process whose specific outcome is the progression of the brain over time, from its formation to the mature structure. Brain development begins with patterning events in the neural tube and ends with the mature structure that is the center of thought and emotion. The brain is responsible for the coordination and control of bodily activities and the interpretation of information from the senses (sight, hearing, smell, etc.)."" [GOC:dph, GOC:jid, GOC:tb, UBERON:0000955]",736,7396,297,20972,0.04015684153596539,0.40353260869565216,query_1,"['GO:0007417', 'GO:0048513', 'GO:0060322']"
GO:BP,GO:0040013,negative regulation of locomotion,0.022041335304185523,True,"""Any process that stops, prevents, or reduces the frequency, rate or extent of locomotion of a cell or organism."" [GOC:go_curators]",325,7396,140,20972,0.018929150892374257,0.4307692307692308,query_1,"['GO:0040011', 'GO:0040012', 'GO:0048519']"
GO:BP,GO:0021782,glial cell development,0.022110906959003272,True,"""The process aimed at the progression of a glial cell over time, from initial commitment of the cell to a specific fate, to the fully functional differentiated cell."" [GO_REF:0000021, GOC:cls, GOC:dgh, GOC:dph, GOC:jid]",127,7396,61,20972,0.008247701460248783,0.48031496062992124,query_1,"['GO:0010001', 'GO:0048468']"
GO:BP,GO:0034976,response to endoplasmic reticulum stress,0.022245950259252207,True,"""Any process that results in a change in state or activity of a cell (in terms of movement, secretion, enzyme production, gene expression, etc.) as a result of a stress acting at the endoplasmic reticulum. ER stress usually results from the accumulation of unfolded or misfolded proteins in the ER lumen."" [GOC:cjm, GOC:mah]",274,7396,120,20972,0.016224986479177934,0.43795620437956206,query_1,['GO:0033554']
GO:BP,GO:0016925,protein sumoylation,0.02280228884425846,True,"""The process in which a SUMO protein (small ubiquitin-related modifier) is conjugated to a target protein via an isopeptide bond between the carboxy-terminus of SUMO with an epsilon-amino group of a lysine residue of the target protein."" [GOC:jl, PMID:11265250]",68,7396,36,20972,0.0048674959437533805,0.5294117647058824,query_1,"['GO:0018205', 'GO:0032446']"
GO:BP,GO:0006790,sulfur compound metabolic process,0.02302833182284698,True,"""The chemical reactions and pathways involving the nonmetallic element sulfur or compounds that contain sulfur, such as the amino acids methionine and cysteine or the tripeptide glutathione."" [GOC:ai]",259,7396,114,20972,0.015413737155219038,0.44015444015444016,query_1,['GO:0008152']
GO:BP,GO:0097581,lamellipodium organization,0.023304238169956113,True,"""A process that is carried out at the cellular level which results in the assembly, arrangement of constituent parts, or disassembly of a lamellipodium. A lamellipodium is a thin sheetlike process extended by the leading edge of a crawling fibroblast; contains a dense meshwork of actin filaments."" [GOC:als, PMID:16054028]",89,7396,45,20972,0.006084369929691726,0.5056179775280899,query_1,['GO:0120036']
GO:BP,GO:0140238,presynaptic endocytosis,0.023369978380471567,True,"""A vesicle-mediated transport process in which the presynapse take up external materials or membrane constituents by the invagination of a small region of the plasma membrane to form a new membrane-bounded vesicle."" [PMID:24719103]",75,7396,39,20972,0.0052731206057328285,0.52,query_1,"['GO:0006897', 'GO:0051649', 'GO:0099003']"
GO:BP,GO:0071472,cellular response to salt stress,0.023423528582013572,True,"""Any process that results in a change in state or activity of a cell (in terms of movement, secretion, enzyme production, gene expression, etc.) as a result of a stimulus indicating an increase or decrease in the concentration of salt (particularly but not exclusively sodium and chloride ions) in the environment."" [GOC:mah]",11,7396,9,20972,0.0012168739859383451,0.8181818181818182,query_1,"['GO:0009651', 'GO:0071470']"
GO:BP,GO:0046794,transport of virus,0.023423528582013572,True,"""The directed movement of a virus, or part of a virus, into, out of, or within a host cell."" [GOC:ai]",11,7396,9,20972,0.0012168739859383451,0.8181818181818182,query_1,['GO:0016032']
GO:BP,GO:0036465,synaptic vesicle recycling,0.023423528582013572,True,"""The trafficking of synaptic vesicles from the pre-synaptic membrane so the vesicle can dock and prime for another round of exocytosis and neurotransmitter release. Recycling occurs after synaptic vesicle exocytosis, and is necessary to replenish presynaptic vesicle pools, sustain transmitter release and preserve the structural integrity of the presynaptic membrane. Recycling can occur following transient fusion with the presynaptic membrane (kiss and run), or via endocytosis of presynaptic membrane."" [GOC:bf, GOC:pad, GOC:PARL, PMID:15217342, PMID:22026965, PMID:23245563]",82,7396,42,20972,0.005678745267712277,0.5121951219512195,query_1,"['GO:0006810', 'GO:0051649', 'GO:0099504']"
GO:BP,GO:0071609,chemokine (C-C motif) ligand 5 production,0.023423528582013572,True,"""The appearance of chemokine (C-C motif) ligand 5 due to biosynthesis or secretion following a cellular stimulus, resulting in an increase in its intracellular or extracellular levels."" [GOC:add, GOC:rv]",11,7396,9,20972,0.0012168739859383451,0.8181818181818182,query_1,['GO:0032602']
GO:BP,GO:0075733,intracellular transport of virus,0.023423528582013572,True,"""The directed movement of a virus, or part of a virus, within the host cell."" [GOC:ai, GOC:bf, GOC:jl, PMID:11733033]",11,7396,9,20972,0.0012168739859383451,0.8181818181818182,query_1,"['GO:0019058', 'GO:0044403', 'GO:0046794']"
GO:BP,GO:0071649,regulation of chemokine (C-C motif) ligand 5 production,0.023423528582013572,True,"""Any process that modulates the frequency, rate, or extent of production of chemokine (C-C motif) ligand 5."" [GOC:mah]",11,7396,9,20972,0.0012168739859383451,0.8181818181818182,query_1,"['GO:0032642', 'GO:0071609']"
GO:BP,GO:0001865,NK T cell differentiation,0.023423528582013572,True,"""The process in which a precursor cell type acquires the specialized features of a NK T cell."" [GOC:add, ISBN:0781735149, PMID:10704459]",11,7396,9,20972,0.0012168739859383451,0.8181818181818182,query_1,['GO:0046632']
GO:BP,GO:0006188,IMP biosynthetic process,0.023423528582013572,True,"""The chemical reactions and pathways resulting in the formation of IMP, inosine monophosphate."" [ISBN:0198506732]",11,7396,9,20972,0.0012168739859383451,0.8181818181818182,query_1,"['GO:0009152', 'GO:0009168', 'GO:0046040']"
GO:BP,GO:0007004,telomere maintenance via telomerase,0.023488511077507785,True,"""The maintenance of proper telomeric length by the addition of telomeric repeats by telomerase."" [GOC:elh]",59,7396,32,20972,0.004326663061114116,0.5423728813559322,query_1,"['GO:0006278', 'GO:0010833']"
GO:BP,GO:0010558,negative regulation of macromolecule biosynthetic process,0.023505389844485077,True,"""Any process that decreases the rate, frequency or extent of the chemical reactions and pathways resulting in the formation of a macromolecule, any molecule of high relative molecular mass, the structure of which essentially comprises the multiple repetition of units derived, actually or conceptually, from molecules of low relative molecular mass."" [GOC:dph, GOC:tb]",2733,7396,1031,20972,0.1393996755002704,0.37724112696670326,query_1,"['GO:0009059', 'GO:0009890', 'GO:0010556', 'GO:0010605']"
GO:BP,GO:0006873,intracellular monoatomic ion homeostasis,0.024193189678063484,True,"""A homeostatic process involved in the maintenance of a steady state level of monoatomic ions within a cell. Monatomic ions (also called simple ions) are ions consisting of exactly one atom."" [GOC:mah]",437,7396,183,20972,0.02474310438074635,0.41876430205949655,query_1,"['GO:0050801', 'GO:0055082']"
GO:BP,GO:0043243,positive regulation of protein-containing complex disassembly,0.02441399415756013,True,"""Any process that activates or increases the frequency, rate or extent of protein complex disassembly, the disaggregation of a protein complex into its constituent components."" [GOC:jl]",37,7396,22,20972,0.0029745808545159546,0.5945945945945946,query_1,"['GO:0032984', 'GO:0043244', 'GO:0051130']"
GO:BP,GO:0050858,negative regulation of antigen receptor-mediated signaling pathway,0.02441399415756013,True,"""Any process that stops, prevents, or reduces the frequency, rate or extent of signaling pathways initiated by the cross-linking of an antigen receptor on a B- or T cell."" [GOC:ai]",37,7396,22,20972,0.0029745808545159546,0.5945945945945946,query_1,"['GO:0002683', 'GO:0009968', 'GO:0050851', 'GO:0050854']"
GO:BP,GO:0031589,cell-substrate adhesion,0.02441399415756013,True,"""The attachment of a cell to the underlying substrate via adhesion molecules."" [GOC:mah, GOC:pf]",349,7396,149,20972,0.0201460248783126,0.4269340974212034,query_1,['GO:0007155']
GO:BP,GO:0008064,regulation of actin polymerization or depolymerization,0.02441399415756013,True,"""Any process that modulates the frequency, rate or extent of the assembly or disassembly of actin filaments by the addition or removal of actin monomers from a filament."" [GOC:mah]",147,7396,69,20972,0.009329367225527312,0.46938775510204084,query_1,"['GO:0008154', 'GO:0030832', 'GO:0110053']"
GO:BP,GO:0110053,regulation of actin filament organization,0.02441399415756013,True,"""Any process that modulates the frequency, rate or extent of actin filament organization."" [GOC:kmv]",262,7396,115,20972,0.015548945375878854,0.4389312977099237,query_1,"['GO:0007015', 'GO:0032956', 'GO:1902903']"
GO:BP,GO:0002820,negative regulation of adaptive immune response,0.024726391392594662,True,"""Any process that stops, prevents, or reduces the frequency, rate, or extent of an adaptive immune response."" [GOC:add]",66,7396,35,20972,0.004732287723093564,0.5303030303030303,query_1,"['GO:0002250', 'GO:0002819', 'GO:0050777']"
GO:BP,GO:1901524,regulation of mitophagy,0.025226408416116803,True,"""Any process that modulates the frequency, rate or extent of macromitophagy."" [GOC:TermGenie]",48,7396,27,20972,0.0036506219578150353,0.5625,query_1,"['GO:0000423', 'GO:0016241', 'GO:1903146']"
GO:BP,GO:0046777,protein autophosphorylation,0.025236230119755,True,"""The phosphorylation by a protein of one or more of its own amino acid residues (cis-autophosphorylation), or residues on an identical protein (trans-autophosphorylation)."" [ISBN:0198506732]",157,7396,73,20972,0.009870200108166577,0.46496815286624205,query_1,['GO:0006468']
GO:BP,GO:0034243,regulation of transcription elongation by RNA polymerase II,0.02526666063640489,True,"""Any process that modulates the frequency, rate or extent of transcription elongation, the extension of an RNA molecule after transcription initiation and promoter clearance by the addition of ribonucleotides, catalyzed by RNA polymerase II."" [GOC:mah, GOC:txnOH]",87,7396,44,20972,0.005949161709031909,0.5057471264367817,query_1,"['GO:0006368', 'GO:0032784']"
GO:BP,GO:0061515,myeloid cell development,0.02526666063640489,True,"""The process whose specific outcome is the progression of a myeloid cell over time, from its formation to the mature structure."" [GOC:dph]",87,7396,44,20972,0.005949161709031909,0.5057471264367817,query_1,"['GO:0030097', 'GO:0030099']"
GO:BP,GO:0046620,regulation of organ growth,0.02526666063640489,True,"""Any process that modulates the frequency, rate or extent of growth of an organ of an organism."" [GOC:bf, GOC:tb]",87,7396,44,20972,0.005949161709031909,0.5057471264367817,query_1,"['GO:0035265', 'GO:0048638', 'GO:0051239']"
GO:BP,GO:0045927,positive regulation of growth,0.025309112379402303,True,"""Any process that activates or increases the rate or extent of growth, the increase in size or mass of all or part of an organism."" [GOC:go_curators]",242,7396,107,20972,0.014467279610600325,0.44214876033057854,query_1,"['GO:0040007', 'GO:0040008', 'GO:0048518']"
GO:BP,GO:0030865,cortical cytoskeleton organization,0.025485579720869733,True,"""A process that is carried out at the cellular level which results in the assembly, arrangement of constituent parts, or disassembly of cytoskeletal structures in the cell cortex, i.e. just beneath the plasma membrane."" [GOC:dph, GOC:jl, GOC:mah]",57,7396,31,20972,0.0041914548404543,0.543859649122807,query_1,['GO:0007010']
GO:BP,GO:0072666,establishment of protein localization to vacuole,0.025485579720869733,True,"""The directed movement of a protein to a specific location in a vacuole."" [GOC:mah]",57,7396,31,20972,0.0041914548404543,0.543859649122807,query_1,['GO:0072594']
GO:BP,GO:0043094,metabolic compound salvage,0.025944994384343653,True,"""Any process which produces a useful metabolic compound from derivatives of it without de novo synthesis, as carried out by individual cells."" [GOC:mlg]",35,7396,21,20972,0.0028393726338561383,0.6,query_1,['GO:0009058']
GO:BP,GO:0060828,regulation of canonical Wnt signaling pathway,0.026587670606307918,True,"""Any process that modulates the rate, frequency, or extent of the Wnt signaling pathway through beta-catenin, the series of molecular signals initiated by binding of a Wnt protein to a frizzled family receptor on the surface of the target cell, followed by propagation of the signal via beta-catenin, and ending with a change in transcription of target genes."" [GOC:dph, GOC:sdb_2009, GOC:tb]",255,7396,112,20972,0.015143320713899405,0.4392156862745098,query_1,"['GO:0030111', 'GO:0060070']"
GO:BP,GO:0043470,regulation of carbohydrate catabolic process,0.027031288775739667,True,"""Any process that modulates the frequency, rate, or extent of the chemical reactions and pathways resulting in the breakdown of carbohydrates."" [GOC:mlg]",64,7396,34,20972,0.004597079502433748,0.53125,query_1,"['GO:0006109', 'GO:0009894', 'GO:0016052']"
GO:BP,GO:0030832,regulation of actin filament length,0.027068770489268448,True,"""Any process that controls the length of actin filaments in a cell."" [GOC:dph, GOC:mah]",150,7396,70,20972,0.009464575446187128,0.4666666666666667,query_1,"['GO:0032535', 'GO:0032956']"
GO:BP,GO:2000573,positive regulation of DNA biosynthetic process,0.027221804837519344,True,"""Any process that activates or increases the frequency, rate or extent of DNA biosynthetic process."" [GOC:obol]",46,7396,26,20972,0.003515413737155219,0.5652173913043478,query_1,"['GO:0010557', 'GO:0051054', 'GO:0071897', 'GO:2000278']"
GO:BP,GO:0031124,mRNA 3'-end processing,0.027221804837519344,True,"""Any process involved in forming the mature 3' end of an mRNA molecule."" [GOC:mah]",46,7396,26,20972,0.003515413737155219,0.5652173913043478,query_1,"['GO:0006397', 'GO:0031123']"
GO:BP,GO:0097028,dendritic cell differentiation,0.027221804837519344,True,"""The process in which a precursor cell type acquires the specialized features of a dendritic cell. A dendritic cell is a leukocyte of dendritic lineage specialized in the uptake, processing, and transport of antigens to lymph nodes for the purpose of stimulating an immune response via T cell activation."" [CL:0000451, GOC:pr]",46,7396,26,20972,0.003515413737155219,0.5652173913043478,query_1,['GO:1903131']
GO:BP,GO:0098876,vesicle-mediated transport to the plasma membrane,0.027418121045930555,True,"""The directed movement of substances to the plasma membrane in transport vesicles that fuse with the plasma membrane by exocytosis."" [GOC:dos]",155,7396,72,20972,0.009734991887506761,0.4645161290322581,query_1,"['GO:0016192', 'GO:0051668']"
GO:BP,GO:0050869,negative regulation of B cell activation,0.027446553643965532,True,"""Any process that stops, prevents, or reduces the frequency, rate or extent of B cell activation."" [GOC:ai]",33,7396,20,20972,0.0027041644131963224,0.6060606060606061,query_1,"['GO:0042113', 'GO:0050864', 'GO:0051250']"
GO:BP,GO:0002230,positive regulation of defense response to virus by host,0.027446553643965532,True,"""Any host process that results in the promotion of antiviral immune response mechanisms, thereby limiting viral replication."" [GOC:add, GOC:dph, GOC:tb, ISBN:0781735149]",33,7396,20,20972,0.0027041644131963224,0.6060606060606061,query_1,['GO:0050691']
GO:BP,GO:0009112,nucleobase metabolic process,0.027446553643965532,True,"""The chemical reactions and pathways involving a nucleobase, a nitrogenous base that is a constituent of a nucleic acid, e.g. the purines: adenine, guanine, hypoxanthine, xanthine and the pyrimidines: cytosine, uracil, thymine."" [GOC:ma]",33,7396,20,20972,0.0027041644131963224,0.6060606060606061,query_1,['GO:0055086']
GO:BP,GO:0036257,multivesicular body organization,0.027446553643965532,True,"""A process that is carried out at the cellular level which results in the assembly, arrangement of constituent parts, or disassembly of a multivesicular body. A multivesicular body is a type of late endosome in which regions of the limiting endosomal membrane invaginate to form internal vesicles; membrane proteins that enter the internal vesicles are sequestered from the cytoplasm."" [GOC:sart, PMID:11566881]",33,7396,20,20972,0.0027041644131963224,0.6060606060606061,query_1,['GO:0007032']
GO:BP,GO:1903900,regulation of viral life cycle,0.02754665940925873,True,"""Any process that modulates the frequency, rate or extent of viral life cycle."" [GO_REF:0000058, GOC:TermGenie, PMID:18005716]",116,7396,56,20972,0.0075716603569497025,0.4827586206896552,query_1,"['GO:0019058', 'GO:0050792']"
GO:BP,GO:0048488,synaptic vesicle endocytosis,0.027602201762307405,True,"""A vesicle-mediated transport process, in which the synaptic vesicle membrane constituents are retrieved from the presynaptic membrane on the axon terminal after neurotransmitter secretion by exocytosis. Synaptic vesicle endocytosis can occur via clathrin-dependent and clathrin-independent mechanisms."" [GOC:aruk, GOC:bc, GOC:jid, GOC:lmg, GOC:mah, PMID:20448150, PMID:26430111]",71,7396,37,20972,0.005002704164413196,0.5211267605633803,query_1,"['GO:0036465', 'GO:0140238']"
GO:BP,GO:0030811,regulation of nucleotide catabolic process,0.0276274410013826,True,"""Any process that modulates the frequency, rate or extent of the chemical reactions and pathways resulting in the breakdown of nucleotides."" [GOC:mah]",55,7396,30,20972,0.004056246619794483,0.5454545454545454,query_1,"['GO:0006140', 'GO:0009166', 'GO:0009894']"
GO:BP,GO:0033121,regulation of purine nucleotide catabolic process,0.0276274410013826,True,"""Any process that modulates the frequency, rate or extent of the chemical reactions and pathways resulting in the breakdown of purine nucleotides."" [GOC:mah]",55,7396,30,20972,0.004056246619794483,0.5454545454545454,query_1,"['GO:0006195', 'GO:0030811', 'GO:1900542']"
GO:BP,GO:0006110,regulation of glycolytic process,0.0276274410013826,True,"""Any process that modulates the frequency, rate or extent of glycolysis."" [GOC:go_curators]",55,7396,30,20972,0.004056246619794483,0.5454545454545454,query_1,"['GO:0006096', 'GO:0033121', 'GO:0043467', 'GO:0043470', 'GO:1903578']"
GO:BP,GO:0030003,intracellular monoatomic cation homeostasis,0.027843229248790447,True,"""A homeostatic process involved in the maintenance of a steady state level of monoatomic cations within a cell. Monatomic cations (also called simple cations) are cations consisting of exactly one atom."" [GOC:ceb, GOC:mah]",428,7396,179,20972,0.024202271498107084,0.4182242990654206,query_1,"['GO:0006873', 'GO:0055080']"
GO:BP,GO:0046341,CDP-diacylglycerol metabolic process,0.02796312745666125,True,"""The chemical reactions and pathways involving CDP-diacylglycerol, CDP-1,2-diacylglycerol, a substance composed of diacylglycerol in glycosidic linkage with cytidine diphosphate. It is a common intermediate in phospholipid biosynthesis."" [PMID:24533860]",13,7396,10,20972,0.0013520822065981612,0.7692307692307693,query_1,['GO:0006650']
GO:BP,GO:1905664,regulation of calcium ion import across plasma membrane,0.02796312745666125,True,"""Any process that modulates the frequency, rate or extent of calcium ion import across plasma membrane."" [GO_REF:0000058, GOC:bhm, GOC:TermGenie, PMID:17640527]",13,7396,10,20972,0.0013520822065981612,0.7692307692307693,query_1,"['GO:0090279', 'GO:0098703', 'GO:1903169']"
GO:BP,GO:0033540,fatty acid beta-oxidation using acyl-CoA oxidase,0.02796312745666125,True,"""A fatty acid beta-oxidation pathway in which the initial step, which converts an acyl-CoA to a trans-2-enoyl-CoA, is catalyzed by acyl-CoA oxidase; the electrons removed by oxidation pass directly to oxygen and produce hydrogen peroxide, which is cleaved by peroxisomal catalases. Fatty acid beta-oxidation begins with the addition of coenzyme A to a fatty acid, and ends when only two or three carbons remain (as acetyl-CoA or propionyl-CoA respectively)."" [GOC:mah, MetaCyc:PWY-5136]",13,7396,10,20972,0.0013520822065981612,0.7692307692307693,query_1,['GO:0006635']
GO:BP,GO:0010572,positive regulation of platelet activation,0.02796312745666125,True,"""Any process that increases the rate or frequency of platelet activation. Platelet activation is a series of progressive, overlapping events triggered by exposure of the platelets to subendothelial tissue."" [GOC:dph, GOC:sl, GOC:tb]",13,7396,10,20972,0.0013520822065981612,0.7692307692307693,query_1,"['GO:0010543', 'GO:0030168', 'GO:0050867']"
GO:BP,GO:0016024,CDP-diacylglycerol biosynthetic process,0.02796312745666125,True,"""The chemical reactions and pathways resulting in the formation of CDP-diacylglycerol, CDP-1,2-diacylglycerol, a substance composed of diacylglycerol in glycosidic linkage with cytidine diphosphate."" [PMID:24533860]",13,7396,10,20972,0.0013520822065981612,0.7692307692307693,query_1,"['GO:0046341', 'GO:0046474']"
GO:BP,GO:0032494,response to peptidoglycan,0.02796312745666125,True,"""Any process that results in a change in state or activity of an organism (in terms of movement, secretion, enzyme production, gene expression, etc.) as a result of a peptidoglycan stimulus. Peptidoglycan is a bacterial cell wall macromolecule."" [GOC:add, ISBN:0721601464]",13,7396,10,20972,0.0013520822065981612,0.7692307692307693,query_1,"['GO:0002237', 'GO:1901698', 'GO:1901700']"
GO:BP,GO:0051648,vesicle localization,0.02796312745666125,True,"""Any process in which a vesicle or vesicles are transported to, and/or maintained in, a specific location."" [GOC:ai]",220,7396,98,20972,0.01325040562466198,0.44545454545454544,query_1,['GO:0051640']
GO:BP,GO:0048284,organelle fusion,0.028105201477000505,True,"""The creation of a single organelle from two or more organelles."" [GOC:jid]",175,7396,80,20972,0.01081665765278529,0.45714285714285713,query_1,['GO:0006996']
GO:BP,GO:0032956,regulation of actin cytoskeleton organization,0.028112254200347884,True,"""Any process that modulates the frequency, rate or extent of the formation, arrangement of constituent parts, or disassembly of cytoskeletal structures comprising actin filaments and their associated proteins."" [GOC:mah]",340,7396,145,20972,0.019605191995673336,0.4264705882352941,query_1,"['GO:0030036', 'GO:0032970', 'GO:0051493']"
GO:BP,GO:0030278,regulation of ossification,0.02827619561251951,True,"""Any process that modulates the frequency, rate or extent of ossification, the formation of bone or of a bony substance or the conversion of fibrous tissue or of cartilage into bone or a bony substance."" [GOC:go_curators]",121,7396,58,20972,0.007842076798269334,0.4793388429752066,query_1,"['GO:0001503', 'GO:0051239']"
GO:BP,GO:0002532,production of molecular mediator involved in inflammatory response,0.02845455215747996,True,"""The synthesis or release of any molecular mediator of the inflammatory response following an inflammatory stimulus, resulting in an increase in its intracellular or extracellular levels."" [GOC:add, GOC:dph, GOC:tb, ISBN:0781735149]",97,7396,48,20972,0.006489994591671174,0.4948453608247423,query_1,"['GO:0006954', 'GO:0032501']"
GO:BP,GO:0031333,negative regulation of protein-containing complex assembly,0.028587896990912017,True,"""Any process that stops, prevents, or reduces the frequency, rate or extent of protein complex assembly."" [GOC:mah]",143,7396,67,20972,0.00905895078420768,0.46853146853146854,query_1,"['GO:0043254', 'GO:0051129', 'GO:0065003']"
GO:BP,GO:0070372,regulation of ERK1 and ERK2 cascade,0.028587896990912017,True,"""Any process that modulates the frequency, rate or extent of signal transduction mediated by the ERK1 and ERK2 cascade."" [GOC:add, ISBN:0121245462, ISBN:0896039986]",276,7396,120,20972,0.016224986479177934,0.43478260869565216,query_1,"['GO:0043408', 'GO:0070371']"
GO:BP,GO:0051150,regulation of smooth muscle cell differentiation,0.028685526392436246,True,"""Any process that modulates the frequency, rate or extent of smooth muscle cell differentiation."" [CL:0000192, GOC:ai]",31,7396,19,20972,0.002568956192536506,0.6129032258064516,query_1,"['GO:0051145', 'GO:0051147']"
GO:BP,GO:0017004,cytochrome complex assembly,0.02900165805309949,True,"""The aggregation, arrangement and bonding together of a cytochrome complex. A cytochrome complex is a protein complex in which at least one of the proteins is a cytochrome, i.e. a heme-containing protein involved in catalysis of redox reactions."" [GOC:jl, GOC:mah]",44,7396,25,20972,0.0033802055164954027,0.5681818181818182,query_1,['GO:0065003']
GO:BP,GO:0032480,negative regulation of type I interferon production,0.02900165805309949,True,"""Any process that stops, prevents, or reduces the frequency, rate, or extent of type I interferon production. Type I interferons include the interferon-alpha, beta, delta, episilon, zeta, kappa, tau, and omega gene families."" [GOC:add, GOC:mah]",44,7396,25,20972,0.0033802055164954027,0.5681818181818182,query_1,"['GO:0001818', 'GO:0032479', 'GO:0032606']"
GO:BP,GO:0009124,nucleoside monophosphate biosynthetic process,0.02900165805309949,True,"""The chemical reactions and pathways resulting in the formation of a nucleoside monophosphate, a compound consisting of a nucleobase linked to a deoxyribose or ribose sugar esterified with phosphate on the sugar."" [GOC:go_curators, ISBN:0198506732]",44,7396,25,20972,0.0033802055164954027,0.5681818181818182,query_1,"['GO:0009123', 'GO:1901293']"
GO:BP,GO:0002220,innate immune response activating cell surface receptor signaling pathway,0.02925113302093312,True,"""The series of molecular signals initiated by a ligand binding to a cell surface receptor that leads to the activation of an innate immune response."" [GOC:add, ISBN:0781735149, PMID:15199967]",90,7396,45,20972,0.006084369929691726,0.5,query_1,"['GO:0002429', 'GO:0002758']"
GO:BP,GO:0071824,protein-DNA complex organization,0.029349202155144076,True,"""Any process in which macromolecules aggregate, disaggregate, or are modified, resulting in the formation, disassembly, or alteration of a protein-DNA complex."" [GOC:mah]",233,7396,103,20972,0.01392644672796106,0.44206008583690987,query_1,['GO:0043933']
GO:BP,GO:0043393,regulation of protein binding,0.02987753987056705,True,"""Any process that modulates the frequency, rate or extent of protein binding."" [GOC:go_curators]",83,7396,42,20972,0.005678745267712277,0.5060240963855421,query_1,['GO:0051098']
GO:BP,GO:2000319,regulation of T-helper 17 cell differentiation,0.03007425039116533,True,"""Any process that modulates the frequency, rate or extent of T-helper 17 cell differentiation."" [GOC:BHF, GOC:mah]",29,7396,18,20972,0.0024337479718766902,0.6206896551724138,query_1,"['GO:0002697', 'GO:0045622', 'GO:0072539', 'GO:2000316']"
GO:BP,GO:2000108,positive regulation of leukocyte apoptotic process,0.03007425039116533,True,"""Any process that activates or increases the frequency, rate or extent of leukocyte apoptotic process."" [GOC:BHF, GOC:mtg_apoptosis]",29,7396,18,20972,0.0024337479718766902,0.6206896551724138,query_1,"['GO:0043065', 'GO:0071887', 'GO:2000106']"
GO:BP,GO:0032970,regulation of actin filament-based process,0.03007425039116533,True,"""Any process that modulates the frequency, rate or extent of any cellular process that depends upon or alters the actin cytoskeleton."" [GOC:mah]",382,7396,161,20972,0.021768523526230394,0.4214659685863874,query_1,"['GO:0030029', 'GO:0050794']"
GO:BP,GO:0046856,phosphatidylinositol dephosphorylation,0.03007425039116533,True,"""The process of removing one or more phosphate groups from a phosphatidylinositol."" [ISBN:0198506732]",29,7396,18,20972,0.0024337479718766902,0.6206896551724138,query_1,"['GO:0046488', 'GO:0046839']"
GO:BP,GO:1902903,regulation of supramolecular fiber organization,0.030737437784057145,True,"""Any process that modulates the frequency, rate or extent of supramolecular fiber organization."" [GO_REF:0000058, GOC:PARL, GOC:rl, GOC:TermGenie, PMID:23921388]",377,7396,159,20972,0.02149810708491076,0.4217506631299735,query_1,"['GO:0051128', 'GO:0097435']"
GO:BP,GO:0002688,regulation of leukocyte chemotaxis,0.030799881302059916,True,"""Any process that modulates the frequency, rate, or extent of leukocyte chemotaxis."" [GOC:add]",119,7396,57,20972,0.007706868577609519,0.4789915966386555,query_1,"['GO:0002685', 'GO:0030595', 'GO:0050920']"
GO:BP,GO:0002730,regulation of dendritic cell cytokine production,0.030880586939340034,True,"""Any process that modulates the frequency, rate, or extent of dendritic cell cytokine production."" [GOC:add]",15,7396,11,20972,0.0014872904272579773,0.7333333333333333,query_1,"['GO:0002371', 'GO:0002703', 'GO:0002718']"
GO:BP,GO:0002371,dendritic cell cytokine production,0.030880586939340034,True,"""Any process that contributes to cytokine production by a dendritic cell."" [GOC:add, ISBN:0781735149]",15,7396,11,20972,0.0014872904272579773,0.7333333333333333,query_1,"['GO:0002367', 'GO:0002443']"
GO:BP,GO:0043101,purine-containing compound salvage,0.030880586939340034,True,"""Any process that generates a purine-containing compound, any nucleobase, nucleoside, nucleotide or nucleic acid that contains a purine base, from derivatives of them without de novo synthesis."" [GOC:jl]",15,7396,11,20972,0.0014872904272579773,0.7333333333333333,query_1,"['GO:0043094', 'GO:0072522']"
GO:BP,GO:0060856,establishment of blood-brain barrier,0.030880586939340034,True,"""Establishment of the barrier between the blood and the brain. The cells in the brain are packed tightly together preventing the passage of most molecules from the blood into the brain. Only lipid soluble molecules or those that are actively transported can pass through the blood-brain barrier."" [GOC:aruk, GOC:dph, GOC:sart, PMID:20080302, PMID:30280653]",15,7396,11,20972,0.0014872904272579773,0.7333333333333333,query_1,"['GO:0007417', 'GO:0048468']"
GO:BP,GO:0060330,regulation of response to type II interferon,0.030880586939340034,True,"""Any process that modulates the rate, frequency or extent of a response to type II interferon (interferon-gamma). Response to interferon gamma is a change in state or activity of a cell or an organism (in terms of movement, secretion, enzyme production, gene expression, etc.) as a result of an interferon-gamma stimulus."" [GOC:dph]",15,7396,11,20972,0.0014872904272579773,0.7333333333333333,query_1,"['GO:0034341', 'GO:0045088', 'GO:0060759']"
GO:BP,GO:0045638,negative regulation of myeloid cell differentiation,0.030880586939340034,True,"""Any process that stops, prevents, or reduces the frequency, rate or extent of myeloid cell differentiation."" [GOC:go_curators]",95,7396,47,20972,0.006354786371011357,0.49473684210526314,query_1,"['GO:0030099', 'GO:0045596', 'GO:0045637']"
GO:BP,GO:0001667,ameboidal-type cell migration,0.030880586939340034,True,"""Cell migration that is accomplished by extension and retraction of a pseudopodium."" [GOC:dph]",241,7396,106,20972,0.014332071389940509,0.43983402489626555,query_1,['GO:0016477']
GO:BP,GO:0060334,regulation of type II interferon-mediated signaling pathway,0.030880586939340034,True,"""Any process that modulates the rate, frequency or extent of an interferon-gamma-mediated signaling pathway."" [GOC:dph]",15,7396,11,20972,0.0014872904272579773,0.7333333333333333,query_1,"['GO:0001959', 'GO:0060330', 'GO:0060333']"
GO:BP,GO:0010457,centriole-centriole cohesion,0.030880586939340034,True,"""The cell cycle process in which the two centrioles within a centrosome remain tightly paired."" [GOC:dph, GOC:tb]",15,7396,11,20972,0.0014872904272579773,0.7333333333333333,query_1,"['GO:0007098', 'GO:0022402']"
GO:BP,GO:0034405,response to fluid shear stress,0.03108340116120358,True,"""Any process that results in a change in state or activity of a cell or an organism (in terms of movement, secretion, enzyme production, gene expression, etc.) as a result of a fluid shear stress stimulus. Fluid shear stress is the force acting on an object in a system where the fluid is moving across a solid surface."" [GOC:sl]",42,7396,24,20972,0.003244997295835587,0.5714285714285714,query_1,['GO:0006950']
GO:BP,GO:0032735,positive regulation of interleukin-12 production,0.03108340116120358,True,"""Any process that activates or increases the frequency, rate, or extent of interleukin-12 production."" [GOC:mah]",42,7396,24,20972,0.003244997295835587,0.5714285714285714,query_1,"['GO:0001819', 'GO:0032615', 'GO:0032655']"
GO:BP,GO:0035020,regulation of Rac protein signal transduction,0.031214091089405423,True,"""Any process that modulates the frequency, rate or extent of Rac protein signal transduction."" [GOC:bf]",27,7396,17,20972,0.002298539751216874,0.6296296296296297,query_1,"['GO:0016601', 'GO:0051056']"
GO:BP,GO:1905517,macrophage migration,0.03145694500832213,True,"""The orderly movement of a macrophage from one site to another."" [GO_REF:0000091, GOC:TermGenie, PMID:25749876]",60,7396,32,20972,0.004326663061114116,0.5333333333333333,query_1,"['GO:0071674', 'GO:0097529']"
GO:BP,GO:0048514,blood vessel morphogenesis,0.031713031828496004,True,"""The process in which the anatomical structures of blood vessels are generated and organized. The blood vessel is the vasculature carrying blood."" [GOC:jid]",632,7396,256,20972,0.03461330448891293,0.4050632911392405,query_1,"['GO:0001568', 'GO:0035239']"
GO:BP,GO:0002685,regulation of leukocyte migration,0.031713031828496004,True,"""Any process that modulates the frequency, rate, or extent of leukocyte migration."" [GOC:add]",226,7396,100,20972,0.01352082206598161,0.4424778761061947,query_1,"['GO:0002682', 'GO:0030334', 'GO:0050900']"
GO:BP,GO:0022406,membrane docking,0.03173409576819096,True,"""The initial attachment of a membrane or protein to a target membrane. Docking requires only that the proteins come close enough to interact and adhere."" [GOC:isa_complete, PMID:27875684]",88,7396,44,20972,0.005949161709031909,0.5,query_1,['GO:0009987']
GO:BP,GO:0031102,neuron projection regeneration,0.032136425956703615,True,"""The regrowth of neuronal processes such as axons or dendrites in response to their loss or damage."" [GOC:dgh, GOC:dph, GOC:tb]",51,7396,28,20972,0.0037858301784748512,0.5490196078431373,query_1,"['GO:0031099', 'GO:0031175', 'GO:0033554']"
GO:BP,GO:0071616,acyl-CoA biosynthetic process,0.032136425956703615,True,"""The chemical reactions and pathways resulting in the formation of acyl-CoA, any derivative of coenzyme A in which the sulfhydryl group is in thiolester linkage with an acyl group."" [GOC:cjk]",51,7396,28,20972,0.0037858301784748512,0.5490196078431373,query_1,"['GO:0006637', 'GO:0044272', 'GO:0072522', 'GO:1901293']"
GO:BP,GO:0061462,protein localization to lysosome,0.032136425956703615,True,"""A process in which a protein is transported to, or maintained in, a location within a lysosome."" [GOC:dph]",51,7396,28,20972,0.0037858301784748512,0.5490196078431373,query_1,['GO:0072665']
GO:BP,GO:0006906,vesicle fusion,0.03219077986963286,True,"""Fusion of the membrane of a transport vesicle with its target membrane."" [GOC:jid]",129,7396,61,20972,0.008247701460248783,0.4728682170542636,query_1,"['GO:0016050', 'GO:0016192', 'GO:0090174']"
GO:BP,GO:0007041,lysosomal transport,0.03219077986963286,True,"""The directed movement of substances into, out of or within a lysosome."" [GOC:ai]",129,7396,61,20972,0.008247701460248783,0.4728682170542636,query_1,['GO:0007034']
GO:BP,GO:0006476,protein deacetylation,0.032232089700625764,True,"""The removal of an acetyl group from a protein amino acid. An acetyl group is CH3CO-, derived from acetic [ethanoic] acid."" [GOC:ai]",25,7396,16,20972,0.002163331530557058,0.64,query_1,['GO:0035601']
GO:BP,GO:0060390,regulation of SMAD protein signal transduction,0.03225920371104758,True,"""Any process that modulates the rate, frequency or extent of SMAD protein signal transduction."" [GOC:BHF, GOC:dph, GOC:tb]",67,7396,35,20972,0.004732287723093564,0.5223880597014925,query_1,"['GO:0060395', 'GO:1902531']"
GO:BP,GO:0045069,regulation of viral genome replication,0.03225920371104758,True,"""Any process that modulates the frequency, rate or extent of viral genome replication."" [GOC:ai]",81,7396,41,20972,0.005543537047052461,0.5061728395061729,query_1,"['GO:0019079', 'GO:1903900']"
GO:BP,GO:0043173,nucleotide salvage,0.032466299377338234,True,"""Any process which produces a nucleotide, a compound consisting of a nucleoside that is esterified with (ortho)phosphate or an oligophosphate at any hydroxyl group on the glycose moiety, from derivatives of it without de novo synthesis."" [GOC:jl]",17,7396,12,20972,0.0016224986479177934,0.7058823529411765,query_1,"['GO:0009165', 'GO:0043094']"
GO:BP,GO:0043217,myelin maintenance,0.032466299377338234,True,"""The process of preserving the structure and function of mature myelin. This includes maintaining the compact structure of myelin necessary for its electrical insulating characteristics as well as the structure of non-compact regions such as Schmidt-Lantermann clefts and paranodal loops. This does not include processes responsible for maintaining the nodes of Ranvier, which are not part of the myelin sheath."" [GOC:dgh]",17,7396,12,20972,0.0016224986479177934,0.7058823529411765,query_1,"['GO:0007009', 'GO:0042552']"
GO:BP,GO:0002756,MyD88-independent toll-like receptor signaling pathway,0.032466299377338234,True,"""A toll-like receptor signaling pathway not relying on the MyD88 adaptor molecule. Toll-like receptors directly bind pattern motifs from a variety of microbial sources to initiate innate an immune response."" [GOC:add, ISBN:0781735149, PMID:12467241, PMID:12524386, PMID:12855817, PMID:15585605, PMID:15728447]",17,7396,12,20972,0.0016224986479177934,0.7058823529411765,query_1,['GO:0002224']
GO:BP,GO:0032717,negative regulation of interleukin-8 production,0.032466299377338234,True,"""Any process that stops, prevents, or reduces the frequency, rate, or extent of interleukin-8 production."" [GOC:mah]",17,7396,12,20972,0.0016224986479177934,0.7058823529411765,query_1,"['GO:0001818', 'GO:0032637', 'GO:0032677']"
GO:BP,GO:0006457,protein folding,0.032584942334937174,True,"""The process of assisting in the covalent and noncovalent assembly of single chain polypeptides or multisubunit complexes into the correct tertiary structure."" [GOC:go_curators, GOC:rb]",196,7396,88,20972,0.011898323418063819,0.4489795918367347,query_1,"['GO:0009987', 'GO:0051604']"
GO:BP,GO:1900151,"regulation of nuclear-transcribed mRNA catabolic process, deadenylation-dependent decay",0.03292596799543152,True,"""Any process that modulates the frequency, rate or extent of nuclear-transcribed mRNA catabolic process, deadenylation-dependent decay."" [GOC:mcc, GOC:TermGenie]",23,7396,15,20972,0.0020281233098972417,0.6521739130434783,query_1,"['GO:0000288', 'GO:0043488']"
GO:BP,GO:0051560,mitochondrial calcium ion homeostasis,0.03292596799543152,True,"""Any process involved in the maintenance of an internal steady state of calcium ions within the cytoplasm of a cell or between mitochondria and their surroundings."" [GOC:ai, GOC:mah]",23,7396,15,20972,0.0020281233098972417,0.6521739130434783,query_1,['GO:0006874']
GO:BP,GO:0060907,positive regulation of macrophage cytokine production,0.03292596799543152,True,"""Any process that increases the rate, frequency or extent of macrophage cytokine production. Macrophage cytokine production is the appearance of a chemokine due to biosynthesis or secretion following a cellular stimulus, resulting in an increase in its intracellular or extracellular levels."" [GOC:dph, GOC:tb]",23,7396,15,20972,0.0020281233098972417,0.6521739130434783,query_1,"['GO:0010934', 'GO:0010935', 'GO:0061081']"
GO:BP,GO:0006275,regulation of DNA replication,0.03309203175979404,True,"""Any process that modulates the frequency, rate or extent of DNA replication."" [GOC:go_curators]",117,7396,56,20972,0.0075716603569497025,0.47863247863247865,query_1,"['GO:0006260', 'GO:0051052']"
GO:BP,GO:0043516,"regulation of DNA damage response, signal transduction by p53 class mediator",0.03316851213844298,True,"""Any process that modulates the frequency, rate or extent of the cascade of processes induced by the cell cycle regulator phosphoprotein p53, or an equivalent protein, in response to the detection of DNA damage."" [GOC:jl]",40,7396,23,20972,0.0031097890751757705,0.575,query_1,"['GO:0030330', 'GO:0080135', 'GO:1901796']"
GO:BP,GO:0120033,negative regulation of plasma membrane bounded cell projection assembly,0.03316851213844298,True,"""Any process that stops, prevents or reduces the frequency, rate or extent of plasma membrane bounded cell projection assembly."" [GOC:krc]",40,7396,23,20972,0.0031097890751757705,0.575,query_1,"['GO:0031345', 'GO:0120031', 'GO:0120032']"
GO:BP,GO:0097320,plasma membrane tubulation,0.033186601678526904,True,"""A membrane tubulation process occurring in a plasma membrane."" [GOC:BHF, GOC:pr, PMID:15252009, PMID:20730103]",19,7396,13,20972,0.0017577068685776095,0.6842105263157895,query_1,['GO:0007009']
GO:BP,GO:2000811,negative regulation of anoikis,0.033186601678526904,True,"""Any process that stops, prevents or reduces the frequency, rate or extent of anoikis."" [GOC:obol]",19,7396,13,20972,0.0017577068685776095,0.6842105263157895,query_1,"['GO:0043066', 'GO:0043276', 'GO:2000209']"
GO:BP,GO:0046328,regulation of JNK cascade,0.03320657119983315,True,"""Any process that modulates the frequency, rate or extent of signal transduction mediated by the JNK cascade."" [GOC:bf]",139,7396,65,20972,0.008788534342888048,0.4676258992805755,query_1,"['GO:0007254', 'GO:0043408']"
GO:BP,GO:0006400,tRNA modification,0.033290437863817704,True,"""The covalent alteration of one or more nucleotides within a tRNA molecule to produce a tRNA molecule with a sequence that differs from that coded genetically."" [GOC:curators]",93,7396,46,20972,0.006219578150351541,0.4946236559139785,query_1,"['GO:0008033', 'GO:0009451']"
GO:BP,GO:0051960,regulation of nervous system development,0.033290437863817704,True,"""Any process that modulates the frequency, rate or extent of nervous system development, the origin and formation of nervous tissue."" [GOC:ai]",430,7396,179,20972,0.024202271498107084,0.41627906976744183,query_1,"['GO:0007399', 'GO:2000026']"
GO:BP,GO:0006887,exocytosis,0.033311364140488714,True,"""A process of secretion by a cell that results in the release of intracellular molecules (e.g. hormones, matrix proteins) contained within a membrane-bounded vesicle. Exocytosis can occur either by full fusion, when the vesicle collapses into the plasma membrane, or by a kiss-and-run mechanism that involves the formation of a transient contact, a pore, between a granule (for example of chromaffin cells) and the plasma membrane. The latter process most of the time leads to only partial secretion of the granule content. Exocytosis begins with steps that prepare vesicles for fusion with the membrane (tethering and docking) and ends when molecules are secreted from the cell."" [GOC:mah, ISBN:0716731363, PMID:22323285]",352,7396,149,20972,0.0201460248783126,0.42329545454545453,query_1,"['GO:0016192', 'GO:0032940']"
GO:BP,GO:0060429,epithelium development,0.033819394274487616,True,"""The process whose specific outcome is the progression of an epithelium over time, from its formation to the mature structure. An epithelium is a tissue that covers the internal or external surfaces of an anatomical structure."" [GOC:dph, GOC:mtg_lung]",1234,7396,480,20972,0.06489994591671173,0.3889789303079417,query_1,['GO:0009888']
GO:BP,GO:0007224,smoothened signaling pathway,0.03413484149851174,True,"""The series of molecular signals generated as a consequence of activation of the transmembrane protein Smoothened."" [GOC:mah, PMID:15057936, PMID:15205520]",149,7396,69,20972,0.009329367225527312,0.46308724832214765,query_1,['GO:0007166']
GO:BP,GO:0071763,nuclear membrane organization,0.03449216856940242,True,"""A process that is carried out at the cellular level which results in the assembly, arrangement of constituent parts, or disassembly of the nuclear inner or outer membrane."" [GOC:mah]",49,7396,27,20972,0.0036506219578150353,0.5510204081632653,query_1,"['GO:0006998', 'GO:0061024']"
GO:BP,GO:0042149,cellular response to glucose starvation,0.03449216856940242,True,"""Any process that results in a change in state or activity of a cell (in terms of movement, secretion, enzyme production, gene expression, etc.) as a result of deprivation of glucose."" [GOC:jl]",49,7396,27,20972,0.0036506219578150353,0.5510204081632653,query_1,['GO:0009267']
GO:BP,GO:0051402,neuron apoptotic process,0.03449216856940242,True,"""Any apoptotic process in a neuron, the basic cellular unit of nervous tissue. Each neuron consists of a body, an axon, and dendrites. Their purpose is to receive, conduct, and transmit impulses in the nervous system."" [CL:0000540, GOC:mtg_apoptosis]",293,7396,126,20972,0.01703623580313683,0.4300341296928328,query_1,['GO:0006915']
GO:BP,GO:0010824,regulation of centrosome duplication,0.03449216856940242,True,"""Any process that modulates the frequency, rate or extent of centrosome duplication. Centrosome duplication is the replication of a centrosome, a structure comprised of a pair of centrioles and peri-centriolar material from which a microtubule spindle apparatus is organized."" [GOC:dph, GOC:tb]",49,7396,27,20972,0.0036506219578150353,0.5510204081632653,query_1,"['GO:0046605', 'GO:0051298']"
GO:BP,GO:0031670,cellular response to nutrient,0.03449216856940242,True,"""Any process that results in a change in state or activity of a cell (in terms of movement, secretion, enzyme production, gene expression, etc.) as a result of a nutrient stimulus."" [GOC:mah]",49,7396,27,20972,0.0036506219578150353,0.5510204081632653,query_1,"['GO:0007584', 'GO:0031669', 'GO:0070887']"
GO:BP,GO:0001525,angiogenesis,0.03484218703342889,True,"""Blood vessel formation when new vessels emerge from the proliferation of pre-existing blood vessels."" [ISBN:0878932453]",546,7396,223,20972,0.030151433207138995,0.4084249084249084,query_1,"['GO:0048514', 'GO:0048646']"
GO:BP,GO:0010632,regulation of epithelial cell migration,0.03486582694395432,True,"""Any process that modulates the frequency, rate or extent of epithelial cell migration."" [GOC:BHF, GOC:dph, GOC:tb]",65,7396,34,20972,0.004597079502433748,0.5230769230769231,query_1,"['GO:0010631', 'GO:0030334', 'GO:0051239']"
GO:BP,GO:0006903,vesicle targeting,0.03486582694395432,True,"""The process in which vesicles are directed to specific destination membranes. Targeting involves coordinated interactions among cytoskeletal elements (microtubules or actin filaments), motor proteins, molecules at the vesicle membrane and target membrane surfaces, and vesicle cargo."" [GOC:mah, PMID:17335816]",65,7396,34,20972,0.004597079502433748,0.5230769230769231,query_1,"['GO:0009987', 'GO:0016192', 'GO:0051650']"
GO:BP,GO:0050688,regulation of defense response to virus,0.03486582694395432,True,"""Any process that modulates the frequency, rate or extent of the antiviral response of a cell or organism."" [GOC:ai]",65,7396,34,20972,0.004597079502433748,0.5230769230769231,query_1,"['GO:0002831', 'GO:0031347', 'GO:0032101', 'GO:0051607']"
GO:BP,GO:0000910,cytokinesis,0.03494699914814612,True,"""The division of the cytoplasm and the plasma membrane of a cell and its partitioning into two daughter cells."" [GOC:mtg_cell_cycle]",194,7396,87,20972,0.011763115197404002,0.4484536082474227,query_1,"['GO:0022402', 'GO:0051301']"
GO:BP,GO:0030330,"DNA damage response, signal transduction by p53 class mediator",0.0351665572906748,True,"""A cascade of processes induced by the cell cycle regulator phosphoprotein p53, or an equivalent protein, in response to the detection of DNA damage."" [GOC:go_curators]",72,7396,37,20972,0.005002704164413196,0.5138888888888888,query_1,"['GO:0042770', 'GO:0072331']"
GO:BP,GO:0044794,host-mediated activation of viral process,0.03540519168373527,True,"""A process in which a host organism initiates, promotes, or enhances the normal execution of a biological process being mediated by a virus with which it is infected."" [GOC:jl]",38,7396,22,20972,0.0029745808545159546,0.5789473684210527,query_1,['GO:0044788']
GO:BP,GO:0045191,regulation of isotype switching,0.03540519168373527,True,"""Any process that modulates the frequency, rate or extent of isotype switching."" [GOC:ai]",38,7396,22,20972,0.0029745808545159546,0.5789473684210527,query_1,"['GO:0000018', 'GO:0002637', 'GO:0002889', 'GO:0045190', 'GO:0050864']"
GO:BP,GO:0002478,antigen processing and presentation of exogenous peptide antigen,0.03540519168373527,True,"""The process in which an antigen-presenting cell expresses a peptide antigen of exogenous origin on its cell surface in association with an MHC protein complex. The peptide is typically a fragment of a larger exogenous protein which has been degraded within the cell."" [GOC:add, ISBN:0781735149]",38,7396,22,20972,0.0029745808545159546,0.5789473684210527,query_1,"['GO:0019884', 'GO:0048002']"
GO:BP,GO:0002444,myeloid leukocyte mediated immunity,0.035811479292337925,True,"""Any process involved in the carrying out of an immune response by a myeloid leukocyte."" [GO_REF:0000022, GOC:add, ISBN:0781735149]",115,7396,55,20972,0.007436452136289886,0.4782608695652174,query_1,['GO:0002443']
GO:BP,GO:0034762,regulation of transmembrane transport,0.03631132960500737,True,"""Any process that modulates the frequency, rate or extent of the directed movement of a solute from one side of a membrane to the other."" [GOC:mah]",410,7396,171,20972,0.023120605732828557,0.4170731707317073,query_1,"['GO:0050794', 'GO:0051049', 'GO:0055085']"
GO:BP,GO:0008637,apoptotic mitochondrial changes,0.036470379641789334,True,"""The morphological and physiological alterations undergone by mitochondria during apoptosis."" [GOC:mah, GOC:mtg_apoptosis]",103,7396,50,20972,0.006760411032990805,0.4854368932038835,query_1,"['GO:0006915', 'GO:0007005']"
GO:BP,GO:0032825,positive regulation of natural killer cell differentiation,0.036470379641789334,True,"""Any process that activates or increases the frequency, rate or extent of natural killer cell differentiation."" [GOC:mah]",8,7396,7,20972,0.0009464575446187128,0.875,query_1,"['GO:0001779', 'GO:0032816', 'GO:0032823', 'GO:0045621']"
GO:BP,GO:0043376,"regulation of CD8-positive, alpha-beta T cell differentiation",0.036470379641789334,True,"""Any process that modulates the frequency, rate, or extent of CD8-positive, alpha-beta T cell differentiation."" [GOC:add, ISBN:0781735149]",8,7396,7,20972,0.0009464575446187128,0.875,query_1,"['GO:0043374', 'GO:0046637', 'GO:2001185']"
GO:BP,GO:1902913,positive regulation of neuroepithelial cell differentiation,0.036470379641789334,True,"""Any process that activates or increases the frequency, rate or extent of neuroepithelial cell differentiation."" [GO_REF:0000058, GOC:mr, GOC:TermGenie, PMID:16916506]",8,7396,7,20972,0.0009464575446187128,0.875,query_1,"['GO:0030858', 'GO:0060563']"
GO:BP,GO:0009100,glycoprotein metabolic process,0.036470379641789334,True,"""The chemical reactions and pathways involving glycoproteins, a protein that contains covalently bound glycose (i.e. monosaccharide) residues; the glycose occurs most commonly as oligosaccharide or fairly small polysaccharide but occasionally as monosaccharide."" [GOC:go_curators, ISBN:0198506732]",327,7396,139,20972,0.01879394267171444,0.42507645259938837,query_1,"['GO:0019538', 'GO:1901135']"
GO:BP,GO:0046719,regulation by virus of viral protein levels in host cell,0.036470379641789334,True,"""Any virus-mediated process that modulates the levels of viral proteins in a cell."" [GOC:ai]",8,7396,7,20972,0.0009464575446187128,0.875,query_1,"['GO:0050792', 'GO:0065008']"
GO:BP,GO:0003149,membranous septum morphogenesis,0.036470379641789334,True,"""The process in which the membranous septum is generated and organized. The membranous septum is the upper part of ventricular septum."" [GOC:mtg_heart]",8,7396,7,20972,0.0009464575446187128,0.875,query_1,"['GO:0009653', 'GO:0060412']"
GO:BP,GO:1905323,telomerase holoenzyme complex assembly,0.036470379641789334,True,"""The aggregation, arrangement and bonding together of a set of components to form a telomerase holoenzyme complex."" [GO_REF:0000079, GOC:TermGenie, PMID:26305931]",8,7396,7,20972,0.0009464575446187128,0.875,query_1,['GO:0022618']
GO:BP,GO:0006220,pyrimidine nucleotide metabolic process,0.03662108616572399,True,"""The chemical reactions and pathways involving a pyrimidine nucleotide, a compound consisting of nucleoside (a pyrimidine base linked to a deoxyribose or ribose sugar) esterified with a phosphate group at either the 3' or 5'-hydroxyl group of the sugar."" [GOC:go_curators, ISBN:0198506732]",56,7396,30,20972,0.004056246619794483,0.5357142857142857,query_1,"['GO:0009117', 'GO:0072527']"
GO:BP,GO:0046605,regulation of centrosome cycle,0.03662108616572399,True,"""Any process that modulates the frequency, rate or extent of the centrosome cycle, the processes of centrosome duplication and separation."" [GOC:ai]",56,7396,30,20972,0.004056246619794483,0.5357142857142857,query_1,"['GO:0007098', 'GO:0010564', 'GO:0032886', 'GO:0051128']"
GO:BP,GO:0001890,placenta development,0.036734883827950406,True,"""The process whose specific outcome is the progression of the placenta over time, from its formation to the mature structure. The placenta is an organ of metabolic interchange between fetus and mother, partly of embryonic origin and partly of maternal origin."" [GOC:add, ISBN:068340007X]",147,7396,68,20972,0.009194159004867496,0.46258503401360546,query_1,['GO:0048513']
GO:BP,GO:0043549,regulation of kinase activity,0.03692539040779775,True,"""Any process that modulates the frequency, rate or extent of kinase activity, the catalysis of the transfer of a phosphate group, usually from ATP, to a substrate molecule."" [GOC:bf]",353,7396,149,20972,0.0201460248783126,0.42209631728045327,query_1,"['GO:0042325', 'GO:0051338']"
GO:BP,GO:0033173,calcineurin-NFAT signaling cascade,0.03709038583831174,True,"""Any intracellular signal transduction in which the signal is passed on within the cell by activation of a member of the NFAT protein family as a consequence of NFAT dephosphorylation by Ca(2+)-activated calcineurin. The cascade begins with calcium-dependent activation of the phosphatase calcineurin. Calcineurin dephosphorylates multiple phosphoserine residues on NFAT, resulting in the translocation of NFAT to the nucleus. The cascade ends with regulation of transcription by NFAT. The calcineurin-NFAT cascade lies downstream of many cell surface receptors, including G protein-coupled receptors (GPCRs) and receptor tyrosine kinases (RTKs) that signal to mobilize calcium ions (Ca2+)."" [GOC:lm, GOC:mah, PMID:12975316, PMID:15928679]",47,7396,26,20972,0.003515413737155219,0.5531914893617021,query_1,['GO:0097720']
GO:BP,GO:0021762,substantia nigra development,0.03709038583831174,True,"""The progression of the substantia nigra over time from its initial formation until its mature state. The substantia nigra is the layer of gray substance that separates the posterior parts of the cerebral peduncles (tegmentum mesencephali) from the anterior parts; it normally includes a posterior compact part with many pigmented cells (pars compacta) and an anterior reticular part whose cells contain little pigment (pars reticularis)."" [GO_REF:0000021, GOC:cls, GOC:dgh, GOC:dph, GOC:jid, ISBN:0838580343, ISBN:0878937420]",47,7396,26,20972,0.003515413737155219,0.5531914893617021,query_1,"['GO:0030901', 'GO:0048857']"
GO:BP,GO:0030890,positive regulation of B cell proliferation,0.03709038583831174,True,"""Any process that activates or increases the rate or extent of B cell proliferation."" [GOC:mah]",47,7396,26,20972,0.003515413737155219,0.5531914893617021,query_1,"['GO:0030888', 'GO:0042100', 'GO:0050671', 'GO:0050871']"
GO:BP,GO:0072332,intrinsic apoptotic signaling pathway by p53 class mediator,0.03709038583831174,True,"""The series of molecular signals in which an intracellular signal is conveyed to trigger the apoptotic death of a cell. The pathway is induced by the cell cycle regulator phosphoprotein p53, or an equivalent protein, and ends when the execution phase of apoptosis is triggered."" [GOC:mah, GOC:mtg_apoptosis]",84,7396,42,20972,0.005678745267712277,0.5,query_1,"['GO:0072331', 'GO:0097193']"
GO:BP,GO:1903828,negative regulation of protein localization,0.03710972202961204,True,"""Any process that stops, prevents or reduces the frequency, rate or extent of a protein localization."" [GO_REF:0000058, GOC:TermGenie, GOC:vw]",202,7396,90,20972,0.012168739859383451,0.44554455445544555,query_1,"['GO:0008104', 'GO:0032880', 'GO:0048519']"
GO:BP,GO:0009636,response to toxic substance,0.037192037236068974,True,"""Any process that results in a change in state or activity of a cell or an organism (in terms of movement, secretion, enzyme production, gene expression, etc.) as a result of a toxic stimulus."" [GOC:lr]",240,7396,105,20972,0.014196863169280692,0.4375,query_1,['GO:0042221']
GO:BP,GO:0030282,bone mineralization,0.037389129520406704,True,"""The deposition of hydroxyapatite, a form of calcium phosphate with the formula Ca10(PO4)6(OH)2, in bone tissue."" [GOC:mah, PMID:22936354]",125,7396,59,20972,0.00797728501892915,0.472,query_1,"['GO:0001503', 'GO:0031214']"
GO:BP,GO:0035966,response to topologically incorrect protein,0.03740138457658261,True,"""Any process that results in a change in state or activity of a cell or an organism (in terms of movement, secretion, enzyme production, gene expression, etc.) as a result of a protein that is not folded in its correct three-dimensional structure."" [GOC:bf]",162,7396,74,20972,0.010005408328826392,0.4567901234567901,query_1,['GO:0006950']
GO:BP,GO:0051897,positive regulation of phosphatidylinositol 3-kinase/protein kinase B signal transduction,0.03740138457658261,True,"""Any process that activates or increases the frequency, rate or extent of phosphatidylinositol 3-kinase/protein kinase B signal transduction."" [GOC:ai]",192,7396,86,20972,0.011627906976744186,0.4479166666666667,query_1,"['GO:0043491', 'GO:0051896', 'GO:1902533']"
GO:BP,GO:0010935,regulation of macrophage cytokine production,0.03743330372564871,True,"""Any process that modulates the rate, frequency or extent of macrophage cytokine production. Macrophage cytokine production is the appearance of a chemokine due to biosynthesis or secretion following a cellular stimulus, resulting in an increase in its intracellular or extracellular levels."" [GOC:BHF, GOC:rl]",36,7396,21,20972,0.0028393726338561383,0.5833333333333334,query_1,"['GO:0002718', 'GO:0010934']"
GO:BP,GO:0090169,regulation of spindle assembly,0.03743330372564871,True,"""Any process that modulates the rate, frequency or extent of spindle assembly. Spindle assembly is the aggregation, arrangement and bonding together of a set of components to form the spindle, the array of microtubules and associated molecules that serves to move duplicated chromosomes apart."" [GOC:ascb_2009, GOC:dph, GOC:tb]",36,7396,21,20972,0.0028393726338561383,0.5833333333333334,query_1,"['GO:0051225', 'GO:0090224', 'GO:1902115']"
GO:BP,GO:0097553,calcium ion transmembrane import into cytosol,0.03743330372564871,True,"""A process in which a calcium ion is transported from one side of a membrane to the other into the cytosol by means of some agent such as a transporter or pore."" [GOC:vw]",182,7396,82,20972,0.011087074094104922,0.45054945054945056,query_1,['GO:0070588']
GO:BP,GO:0032008,positive regulation of TOR signaling,0.03743330372564871,True,"""Any process that activates or increases the frequency, rate or extent of TOR signaling."" [GOC:mah]",77,7396,39,20972,0.0052731206057328285,0.5064935064935064,query_1,"['GO:0031929', 'GO:0032006', 'GO:1902533']"
GO:BP,GO:0031123,RNA 3'-end processing,0.03743330372564871,True,"""Any process involved in forming the mature 3' end of an RNA molecule."" [GOC:mah]",96,7396,47,20972,0.006354786371011357,0.4895833333333333,query_1,['GO:0006396']
GO:BP,GO:0071353,cellular response to interleukin-4,0.03743330372564871,True,"""Any process that results in a change in state or activity of a cell (in terms of movement, secretion, enzyme production, gene expression, etc.) as a result of an interleukin-4 stimulus."" [GOC:mah]",36,7396,21,20972,0.0028393726338561383,0.5833333333333334,query_1,"['GO:0070670', 'GO:0071345']"
GO:BP,GO:1905818,regulation of chromosome separation,0.03743330372564871,True,"""Any process that modulates the frequency, rate or extent of chromosome separation."" [GO_REF:0000058, GOC:bhm, GOC:TermGenie, PMID:21795393]",77,7396,39,20972,0.0052731206057328285,0.5064935064935064,query_1,"['GO:0051304', 'GO:0051983']"
GO:BP,GO:0035456,response to interferon-beta,0.03743330372564871,True,"""Any process that results in a change in state or activity of a cell or an organism (in terms of movement, secretion, enzyme production, gene expression, etc.) as a result of an interferon-beta stimulus. Interferon-beta is a type I interferon."" [GOC:sl, PMID:9561374]",36,7396,21,20972,0.0028393726338561383,0.5833333333333334,query_1,['GO:0034097']
GO:BP,GO:0006278,RNA-templated DNA biosynthetic process,0.03743330372564871,True,"""A DNA biosynthetic process that uses RNA as a template for RNA-dependent DNA polymerases (e.g. reverse transcriptase) that synthesize the new strand."" [GOC:mah, ISBN:0198506732]",63,7396,33,20972,0.0044618712817739315,0.5238095238095238,query_1,['GO:0071897']
GO:BP,GO:0048525,negative regulation of viral process,0.03743330372564871,True,"""Any process that stops, prevents, or reduces the frequency, rate or extent of a multi-organism process in which a virus is a participant."" [GOC:bf, GOC:jl]",77,7396,39,20972,0.0052731206057328285,0.5064935064935064,query_1,"['GO:0016032', 'GO:0048519', 'GO:0050792']"
GO:BP,GO:0010934,macrophage cytokine production,0.03743330372564871,True,"""The appearance of a macrophage cytokine due to biosynthesis or secretion following a cellular stimulus, resulting in an increase in its intracellular or extracellular levels."" [GOC:BHF, GOC:dph, GOC:rl, GOC:tb]",36,7396,21,20972,0.0028393726338561383,0.5833333333333334,query_1,['GO:0061082']
GO:BP,GO:0016447,somatic recombination of immunoglobulin gene segments,0.03743330372564871,True,"""The process in which immunoglobulin genes are formed through recombination of the germline genetic elements, as known as immunoglobulin gene segments, within a single locus."" [GOC:add, ISBN:0781735149]",63,7396,33,20972,0.0044618712817739315,0.5238095238095238,query_1,"['GO:0002562', 'GO:0016445']"
GO:BP,GO:0071478,cellular response to radiation,0.03743330372564871,True,"""Any process that results in a change in state or activity of a cell (in terms of movement, secretion, enzyme production, gene expression, etc.) as a result of an electromagnetic radiation stimulus. Electromagnetic radiation is a propagating wave in space with electric and magnetic components. These components oscillate at right angles to each other and to the direction of propagation."" [GOC:mah]",177,7396,80,20972,0.01081665765278529,0.4519774011299435,query_1,"['GO:0009314', 'GO:0071214']"
GO:BP,GO:0071456,cellular response to hypoxia,0.03851572496181903,True,"""Any process that results in a change in state or activity of a cell (in terms of movement, secretion, enzyme production, gene expression, etc.) as a result of a stimulus indicating lowered oxygen tension. Hypoxia, defined as a decline in O2 levels below normoxic levels of 20.8 - 20.95%, results in metabolic adaptation at both the cellular and organismal level."" [GOC:mah]",135,7396,63,20972,0.008518117901568416,0.4666666666666667,query_1,"['GO:0001666', 'GO:0033554', 'GO:0036294']"
GO:BP,GO:0071346,cellular response to type II interferon,0.03924301040993696,True,"""Any process that results in a change in state or activity of a cell (in terms of movement, secretion, enzyme production, gene expression, etc.) as a result of an interferon-gamma stimulus. Interferon gamma is the only member of the type II interferon found so far."" [GOC:mah]",101,7396,49,20972,0.00662520281233099,0.48514851485148514,query_1,"['GO:0034341', 'GO:0071345']"
GO:BP,GO:0050873,brown fat cell differentiation,0.03947928957922176,True,"""The process in which a relatively unspecialized cell acquires specialized features of a brown adipocyte, an animal connective tissue cell involved in adaptive thermogenesis. Brown adipocytes contain multiple small droplets of triglycerides and a high number of mitochondria."" [PMID:12588810]",54,7396,29,20972,0.003921038399134667,0.5370370370370371,query_1,['GO:0045444']
GO:BP,GO:0071470,cellular response to osmotic stress,0.03947928957922176,True,"""Any process that results in a change in state or activity of a cell (in terms of movement, secretion, enzyme production, gene expression, etc.) as a result of a stimulus indicating an increase or decrease in the concentration of solutes outside the organism or cell."" [GOC:mah]",54,7396,29,20972,0.003921038399134667,0.5370370370370371,query_1,"['GO:0006970', 'GO:0062197', 'GO:0071214']"
GO:BP,GO:0045778,positive regulation of ossification,0.03947928957922176,True,"""Any process that activates or increases the frequency, rate or extent of ossification, the formation of bone or of a bony substance or the conversion of fibrous tissue or of cartilage into bone or a bony substance."" [GOC:go_curators]",54,7396,29,20972,0.003921038399134667,0.5370370370370371,query_1,"['GO:0001503', 'GO:0030278', 'GO:0051240']"
GO:BP,GO:0098771,inorganic ion homeostasis,0.03947928957922176,True,"""Any process involved in the maintenance of an internal steady state of inorganic ions within an organism or cell."" [GOC:dos]",445,7396,184,20972,0.024878312601406164,0.4134831460674157,query_1,['GO:0048878']
GO:BP,GO:0051650,establishment of vesicle localization,0.03977389256247437,True,"""The directed movement of a vesicle to a specific location."" [GOC:ai]",200,7396,89,20972,0.012033531638723635,0.445,query_1,"['GO:0051648', 'GO:0051649', 'GO:0051656']"
GO:BP,GO:0006623,protein targeting to vacuole,0.03980334388150727,True,"""The process of directing proteins towards the vacuole, usually using signals contained within the protein."" [GOC:curators]",45,7396,25,20972,0.0033802055164954027,0.5555555555555556,query_1,"['GO:0006605', 'GO:0006886', 'GO:0007034', 'GO:0072665', 'GO:0072666']"
GO:BP,GO:2000516,"positive regulation of CD4-positive, alpha-beta T cell activation",0.03980334388150727,True,"""Any process that activates or increases the frequency, rate or extent of CD4-positive, alpha-beta T cell activation."" [GOC:obol]",45,7396,25,20972,0.0033802055164954027,0.5555555555555556,query_1,"['GO:0035710', 'GO:0046635', 'GO:2000514']"
GO:BP,GO:0072528,pyrimidine-containing compound biosynthetic process,0.03980334388150727,True,"""The chemical reactions and pathways resulting in the formation of a pyrimidine-containing compound, i.e. any compound that contains pyrimidine or a formal derivative thereof."" [GOC:mah]",45,7396,25,20972,0.0033802055164954027,0.5555555555555556,query_1,"['GO:0009058', 'GO:0072527']"
GO:BP,GO:0120161,regulation of cold-induced thermogenesis,0.03980334388150727,True,"""Any process that modulates the frequency, rate or extent of cold-induced thermogenesis."" [PMID:27876809]",150,7396,69,20972,0.009329367225527312,0.46,query_1,"['GO:0051239', 'GO:0106106']"
GO:BP,GO:0030178,negative regulation of Wnt signaling pathway,0.04045567706952779,True,"""Any process that stops, prevents, or reduces the frequency, rate or extent of the Wnt signaling pathway."" [GOC:dph, GOC:go_curators, GOC:tb]",170,7396,77,20972,0.01041103299080584,0.45294117647058824,query_1,"['GO:0009968', 'GO:0016055', 'GO:0030111']"
GO:BP,GO:0034113,heterotypic cell-cell adhesion,0.04088934337894158,True,"""The attachment of a cell to a cell of a different type via adhesion molecules."" [GOC:add]",61,7396,32,20972,0.004326663061114116,0.5245901639344263,query_1,['GO:0098609']
GO:BP,GO:0043112,receptor metabolic process,0.04101824891324636,True,"""The chemical reactions and pathways involving a receptor molecule, a macromolecule that undergoes combination with a hormone, neurotransmitter, drug or intracellular messenger to initiate a change in cell function."" [GOC:jl]",75,7396,38,20972,0.005137912385073012,0.5066666666666667,query_1,['GO:0043170']
GO:BP,GO:0099003,vesicle-mediated transport in synapse,0.0416678424008922,True,"""Any vesicle-mediated transport that occurs in a synapse."" [GOC:dos]",246,7396,107,20972,0.014467279610600325,0.4349593495934959,query_1,['GO:0016192']
GO:BP,GO:0018205,peptidyl-lysine modification,0.04192608859577532,True,"""The modification of peptidyl-lysine."" [GOC:go_curators]",133,7396,62,20972,0.0083829096809086,0.46616541353383456,query_1,['GO:0018193']
GO:BP,GO:0099022,vesicle tethering,0.04269796963388663,True,"""The initial, indirect interaction between a vesicle membrane and a membrane to which it is targeted for fusion. This interaction is mediated by tethering factors (or complexes), which interact with both membranes. Interaction can occur via direct binding to membrane phospholipids or membrane proteins, or via binding to vesicle coat proteins. This process is distinct from and prior to interaction between factors involved in fusion."" [PMID:27243008]",32,7396,19,20972,0.002568956192536506,0.59375,query_1,"['GO:0006903', 'GO:0016043']"
GO:BP,GO:0032647,regulation of interferon-alpha production,0.04269796963388663,True,"""Any process that modulates the frequency, rate, or extent of interferon-alpha production."" [GOC:mah, PMID:15546383]",32,7396,19,20972,0.002568956192536506,0.59375,query_1,"['GO:0032479', 'GO:0032607']"
GO:BP,GO:0032607,interferon-alpha production,0.04269796963388663,True,"""The appearance of interferon-alpha due to biosynthesis or secretion following a cellular stimulus, resulting in an increase in its intracellular or extracellular levels."" [GOC:mah, PMID:15546383]",32,7396,19,20972,0.002568956192536506,0.59375,query_1,['GO:0032606']
GO:BP,GO:0034067,protein localization to Golgi apparatus,0.04269796963388663,True,"""A process in which a protein is transported to, or maintained in, a location within the Golgi apparatus."" [GOC:mah]",32,7396,19,20972,0.002568956192536506,0.59375,query_1,['GO:0033365']
GO:BP,GO:0090630,activation of GTPase activity,0.04269796963388663,True,"""Any process that initiates the activity of an inactive GTPase through the replacement of GDP by GTP."" [GOC:dph, GOC:mah, GOC:tb]",32,7396,19,20972,0.002568956192536506,0.59375,query_1,['GO:0043547']
GO:BP,GO:0036258,multivesicular body assembly,0.04269796963388663,True,"""The aggregation, arrangement and bonding together of a set of components to form a multivesicular body, a type of late endosome in which regions of the limiting endosomal membrane invaginate to form internal vesicles; membrane proteins that enter the internal vesicles are sequestered from the cytoplasm."" [GOC:sart, PMID:11566881, PMID:19571114]",32,7396,19,20972,0.002568956192536506,0.59375,query_1,"['GO:0036257', 'GO:0070925']"
GO:BP,GO:0062012,regulation of small molecule metabolic process,0.04269796963388663,True,"""Any process that modulates the rate, frequency or extent of a small molecule metabolic process."" [GOC:vw]",313,7396,133,20972,0.017982693347755544,0.4249201277955272,query_1,"['GO:0019222', 'GO:0044281']"
GO:BP,GO:0060491,regulation of cell projection assembly,0.04269796963388663,True,"""Any process that modulates the rate, frequency, or extent of cell projection assembly."" [GOC:dph, GOC:tb]",203,7396,90,20972,0.012168739859383451,0.4433497536945813,query_1,"['GO:0030031', 'GO:0031344', 'GO:0044087']"
GO:BP,GO:1905820,positive regulation of chromosome separation,0.04269796963388663,True,"""Any process that activates or increases the frequency, rate or extent of chromosome separation."" [GO_REF:0000058, GOC:bhm, GOC:TermGenie, PMID:21795393]",32,7396,19,20972,0.002568956192536506,0.59375,query_1,"['GO:0051304', 'GO:0090068', 'GO:1905818']"
GO:BP,GO:0048013,ephrin receptor signaling pathway,0.04269796963388663,True,"""The series of molecular signals initiated by ephrin binding to its receptor, and ending with the regulation of a downstream cellular process, e.g. transcription."" [GOC:ceb]",87,7396,43,20972,0.005813953488372093,0.4942528735632184,query_1,['GO:0007169']
GO:BP,GO:0051051,negative regulation of transport,0.04281554000307326,True,"""Any process that stops, prevents, or reduces the frequency, rate or extent of the directed movement of substances (such as macromolecules, small molecules, ions) into, out of or within a cell, or between cells, by means of some agent such as a transporter or pore."" [GOC:ai]",404,7396,168,20972,0.022714981070849107,0.4158415841584158,query_1,"['GO:0006810', 'GO:0048519', 'GO:0051049']"
GO:BP,GO:0090114,COPII-coated vesicle budding,0.04301055938283309,True,"""The evagination of an endoplasmic reticulum membrane, resulting in formation of a COPII-coated vesicle."" [GOC:ascb_2009, GOC:dph, GOC:tb]",43,7396,24,20972,0.003244997295835587,0.5581395348837209,query_1,"['GO:0006888', 'GO:0006900']"
GO:BP,GO:0050922,negative regulation of chemotaxis,0.04301055938283309,True,"""Any process that stops, prevents, or reduces the frequency, rate or extent of the directed movement of a motile cell or organism in response to a specific chemical concentration gradient."" [GOC:ai]",43,7396,24,20972,0.003244997295835587,0.5581395348837209,query_1,"['GO:0006935', 'GO:0032102', 'GO:0040013', 'GO:0050920']"
GO:BP,GO:1902175,regulation of oxidative stress-induced intrinsic apoptotic signaling pathway,0.04301055938283309,True,"""Any process that modulates the frequency, rate or extent of an oxidative stress-induced intrinsic apoptotic signaling pathway."" [GOC:BHF, GOC:mtg_apoptosis, GOC:TermGenie, PMID:11672522]",43,7396,24,20972,0.003244997295835587,0.5581395348837209,query_1,"['GO:0008631', 'GO:2001242']"
GO:BP,GO:0002251,organ or tissue specific immune response,0.04301055938283309,True,"""An immune response taking place in an organ or tissues such as the liver, brain, mucosa, or nervous system tissues."" [GO_REF:0000022, GOC:jal]",43,7396,24,20972,0.003244997295835587,0.5581395348837209,query_1,['GO:0006955']
GO:BP,GO:2000146,negative regulation of cell motility,0.043374305767072095,True,"""Any process that stops, prevents, or reduces the frequency, rate or extent of cell motility."" [GOC:mah]",308,7396,131,20972,0.01771227690643591,0.4253246753246753,query_1,"['GO:0040013', 'GO:0048523', 'GO:0048870', 'GO:2000145']"
GO:BP,GO:2001252,positive regulation of chromosome organization,0.044176953474548634,True,"""Any process that activates or increases the frequency, rate or extent of chromosome organization."" [GOC:obol]",104,7396,50,20972,0.006760411032990805,0.4807692307692308,query_1,"['GO:0010638', 'GO:0033044', 'GO:0051276']"
GO:BP,GO:0032507,maintenance of protein location in cell,0.044486875535524724,True,"""Any process in which a protein is maintained in a specific location within, or in the membrane of, a cell, and is prevented from moving elsewhere."" [GOC:isa_complete, GOC:mah]",59,7396,31,20972,0.0041914548404543,0.5254237288135594,query_1,"['GO:0045185', 'GO:0051651']"
GO:BP,GO:0045185,maintenance of protein location,0.044486875535524724,True,"""Any process in which a protein is maintained in a location and prevented from moving elsewhere. These include sequestration, stabilization to prevent transport elsewhere and the active retrieval of proteins that do move away."" [GOC:bf]",59,7396,31,20972,0.0041914548404543,0.5254237288135594,query_1,"['GO:0008104', 'GO:0051235']"
GO:BP,GO:0048640,negative regulation of developmental growth,0.04457880041632225,True,"""Any process that stops, prevents, or reduces the frequency, rate or extent of developmental growth."" [GOC:go_curators]",92,7396,45,20972,0.006084369929691726,0.4891304347826087,query_1,"['GO:0045926', 'GO:0048589', 'GO:0048638', 'GO:0051093']"
GO:BP,GO:0034330,cell junction organization,0.04460675104192207,True,"""A process that is carried out at the cellular level which results in the assembly, arrangement of constituent parts, or disassembly of a cell junction. A cell junction is a specialized region of connection between two cells or between a cell and the extracellular matrix."" [GOC:dph, GOC:jl, GOC:mah]",829,7396,328,20972,0.04434829637641969,0.3956574185765983,query_1,['GO:0016043']
GO:BP,GO:0097194,execution phase of apoptosis,0.04462206080173018,True,"""A stage of the apoptotic process that starts with the controlled breakdown of the cell through the action of effector caspases or other effector molecules (e.g. cathepsins, calpains etc.). Key steps of the execution phase are rounding-up of the cell, retraction of pseudopodes, reduction of cellular volume (pyknosis), chromatin condensation, nuclear fragmentation (karyorrhexis), plasma membrane blebbing and fragmentation of the cell into apoptotic bodies. When the execution phase is completed, the cell has died."" [GOC:mtg_apoptosis, PMID:21760595]",73,7396,37,20972,0.005002704164413196,0.5068493150684932,query_1,"['GO:0006915', 'GO:0009987']"
GO:BP,GO:0090174,organelle membrane fusion,0.04536921480618498,True,"""The joining of two lipid bilayers to form a single organelle membrane."" [GOC:ascb_2009, GOC:dph, GOC:tb]",131,7396,61,20972,0.008247701460248783,0.46564885496183206,query_1,"['GO:0048284', 'GO:0061025']"
GO:BP,GO:0001562,response to protozoan,0.0454241871354286,True,"""Any process that results in a change in state or activity of a cell or an organism (in terms of movement, secretion, enzyme production, gene expression, etc.) as a result of a stimulus from a protozoan."" [GOC:ai]",30,7396,18,20972,0.0024337479718766902,0.6,query_1,['GO:0051707']
GO:BP,GO:0120032,regulation of plasma membrane bounded cell projection assembly,0.045797072427641944,True,"""Any process that modulates the rate, frequency, or extent of plasma membrane bounded cell projection assembly."" [GOC:krc]",201,7396,89,20972,0.012033531638723635,0.4427860696517413,query_1,"['GO:0060491', 'GO:0120031', 'GO:0120035']"
GO:BP,GO:0032823,regulation of natural killer cell differentiation,0.04634959432638636,True,"""Any process that modulates the frequency, rate or extent of natural killer cell differentiation."" [GOC:mah]",10,7396,8,20972,0.001081665765278529,0.8,query_1,"['GO:0001779', 'GO:0032814', 'GO:0045619']"
GO:BP,GO:0090042,tubulin deacetylation,0.04634959432638636,True,"""The removal of an acetyl group from tubulin. An acetyl group is CH3CO-, derived from acetic [ethanoic] acid."" [GOC:BHF, GOC:dph, GOC:tb]",10,7396,8,20972,0.001081665765278529,0.8,query_1,['GO:0006476']
GO:BP,GO:0030521,androgen receptor signaling pathway,0.04634959432638636,True,"""A nuclear receptor-mediated signaling pathway initiated by an androgen binding to an intracellular receptor of the nuclear receptor protein family, and ending with regulation of a downstream cellular process, e.g. transcription."" [GOC:mah]",50,7396,27,20972,0.0036506219578150353,0.54,query_1,['GO:0030518']
GO:BP,GO:0042307,positive regulation of protein import into nucleus,0.04634959432638636,True,"""Any process that activates or increases the frequency, rate or extent of movement of proteins from the cytoplasm into the nucleus."" [GOC:jl]",41,7396,23,20972,0.0031097890751757705,0.5609756097560976,query_1,"['GO:0006606', 'GO:0042306', 'GO:0046824', 'GO:0090316', 'GO:1900182']"
GO:BP,GO:0035457,cellular response to interferon-alpha,0.04634959432638636,True,"""Any process that results in a change in state or activity of a cell (in terms of movement, secretion, enzyme production, gene expression, etc.) as a result of an interferon-alpha stimulus. Interferon-alpha is a type I interferon."" [GOC:sl]",10,7396,8,20972,0.001081665765278529,0.8,query_1,"['GO:0035455', 'GO:0071345']"
GO:BP,GO:0036109,alpha-linolenic acid metabolic process,0.04634959432638636,True,"""The chemical reactions and pathways involving alpha-linolenic acid, an unsaturated omega-6 fatty acid that has the molecular formula C18H32O2."" [PMID:15538555]",10,7396,8,20972,0.001081665765278529,0.8,query_1,"['GO:0001676', 'GO:0033559', 'GO:0120254']"
GO:BP,GO:0032968,positive regulation of transcription elongation by RNA polymerase II,0.04634959432638636,True,"""Any process that activates or increases the frequency, rate or extent of transcription elongation, the extension of an RNA molecule after transcription initiation and promoter clearance by the addition of ribonucleotides, catalyzed by RNA polymerase II."" [GOC:mah, GOC:txnOH]",50,7396,27,20972,0.0036506219578150353,0.54,query_1,"['GO:0006368', 'GO:0032786', 'GO:0034243', 'GO:0045944']"
GO:BP,GO:0042088,T-helper 1 type immune response,0.04634959432638636,True,"""An immune response which is associated with resistance to intracellular bacteria, fungi, and protozoa, and pathological conditions such as arthritis, and which is typically orchestrated by the production of particular cytokines by T-helper 1 cells, most notably interferon-gamma, IL-2, and lymphotoxin."" [GOC:add, ISBN:0781735149]",50,7396,27,20972,0.0036506219578150353,0.54,query_1,['GO:0002460']
GO:BP,GO:0045454,cell redox homeostasis,0.04634959432638636,True,"""Any process that maintains the redox environment of a cell or compartment within a cell."" [GOC:ai, GOC:dph, GOC:tb, PMID:38689066]",41,7396,23,20972,0.0031097890751757705,0.5609756097560976,query_1,['GO:0019725']
GO:BP,GO:0061157,mRNA destabilization,0.04634959432638636,True,"""Any process that decreases the stability of an mRNA molecule, making it more vulnerable to degradative processes. Messenger RNA is the intermediate molecule between DNA and protein. It includes UTR and coding sequences. It does not contain introns."" [GOC:dph, GOC:jh]",97,7396,47,20972,0.006354786371011357,0.4845360824742268,query_1,"['GO:0010629', 'GO:0043488', 'GO:0050779', 'GO:0061014']"
GO:BP,GO:0048873,homeostasis of number of cells within a tissue,0.04634959432638636,True,"""Any biological process involved in the maintenance of the steady-state number of cells within a population of cells in a tissue."" [GOC:isa_complete]",41,7396,23,20972,0.0031097890751757705,0.5609756097560976,query_1,"['GO:0001894', 'GO:0048872']"
GO:BP,GO:2001251,negative regulation of chromosome organization,0.04634959432638636,True,"""Any process that stops, prevents or reduces the frequency, rate or extent of chromosome organization."" [GOC:obol]",97,7396,47,20972,0.006354786371011357,0.4845360824742268,query_1,"['GO:0010639', 'GO:0033044', 'GO:0051276']"
GO:BP,GO:1905665,positive regulation of calcium ion import across plasma membrane,0.04634959432638636,True,"""Any process that activates or increases the frequency, rate or extent of calcium ion import across plasma membrane."" [GO_REF:0000058, GOC:bhm, GOC:TermGenie, PMID:17640527]",10,7396,8,20972,0.001081665765278529,0.8,query_1,"['GO:0090280', 'GO:0098703', 'GO:1904427', 'GO:1905664']"
GO:BP,GO:2000008,regulation of protein localization to cell surface,0.04634959432638636,True,"""Any process that modulates the frequency, rate or extent of protein localization to the cell surface."" [GOC:obol]",41,7396,23,20972,0.0031097890751757705,0.5609756097560976,query_1,"['GO:0032880', 'GO:0034394']"
GO:BP,GO:1990144,intrinsic apoptotic signaling pathway in response to hypoxia,0.04634959432638636,True,"""The series of molecular signals in which an intracellular signal is conveyed to trigger the apoptotic death of a cell. The pathway is induced in response to hypoxia (lowered oxygen tension). Hypoxia, defined as a decline in O2 levels below normoxic levels of 20.8 - 20.95%, results in metabolic adaptation at both the cellular and organismal level. The pathway ends when the execution phase of apoptosis is triggered."" [GOC:BHF, GOC:mtg_apoptosis, GOC:rl, PMID:20436456]",10,7396,8,20972,0.001081665765278529,0.8,query_1,"['GO:0071456', 'GO:0097193']"
GO:BP,GO:0009416,response to light stimulus,0.04634959432638636,True,"""Any process that results in a change in state or activity of a cell or an organism (in terms of movement, secretion, enzyme production, gene expression, etc.) as a result of a light stimulus, electromagnetic radiation of wavelengths classified as infrared, visible or ultraviolet light."" [GOC:go_curators, ISBN:0582227089]",319,7396,135,20972,0.018253109789075177,0.4231974921630094,query_1,['GO:0009314']
GO:BP,GO:0044829,host-mediated activation of viral genome replication,0.04634959432638636,True,"""A process in which a host organism initiates, promotes, or enhances the normal execution of viral genome replication."" [GOC:jl]",10,7396,8,20972,0.001081665765278529,0.8,query_1,"['GO:0044794', 'GO:0044827']"
GO:BP,GO:0106106,cold-induced thermogenesis,0.04656729702444958,True,"""The process by which heat is generated by increasing metabolism in response to cold ambient temperatures in order to maintain a stable core body temperature."" [PMID:27876809]",151,7396,69,20972,0.009329367225527312,0.45695364238410596,query_1,['GO:1990845']
GO:BP,GO:0007173,epidermal growth factor receptor signaling pathway,0.04681249028276382,True,"""The series of molecular signals initiated by binding of a ligand to the tyrosine kinase receptor EGFR (ERBB1) on the surface of a cell. The pathway ends with regulation of a downstream cellular process, e.g. transcription."" [GOC:ceb]",161,7396,73,20972,0.009870200108166577,0.453416149068323,query_1,['GO:0038127']
GO:BP,GO:0030162,regulation of proteolysis,0.04681249028276382,True,"""Any process that modulates the frequency, rate or extent of the hydrolysis of a peptide bond or bonds within a protein."" [GOC:mah]",166,7396,75,20972,0.010140616549486208,0.45180722891566266,query_1,"['GO:0006508', 'GO:0051246']"
GO:BP,GO:0140014,mitotic nuclear division,0.0471305525433989,True,"""A mitotic cell cycle process comprising the steps by which the nucleus of a eukaryotic cell divides; the process involves condensation of chromosomal DNA into a highly compacted form. Canonically, mitosis produces two daughter nuclei whose chromosome complement is identical to that of the mother cell."" [ISBN:0198547684]",283,7396,121,20972,0.016360194699837752,0.4275618374558304,query_1,"['GO:0000280', 'GO:1903047']"
GO:BP,GO:0045980,negative regulation of nucleotide metabolic process,0.047735367488307194,True,"""Any process that stops, prevents, or reduces the frequency, rate or extent of the chemical reactions and pathways involving nucleotides."" [GOC:go_curators]",28,7396,17,20972,0.002298539751216874,0.6071428571428571,query_1,"['GO:0006140', 'GO:0009117', 'GO:0045934', 'GO:0045936', 'GO:0062014']"
GO:BP,GO:0032740,positive regulation of interleukin-17 production,0.047735367488307194,True,"""Any process that activates or increases the frequency, rate, or extent of production of any member of the interleukin-17 family of cytokines."" [GOC:add, GOC:mah, PMID:16482511]",28,7396,17,20972,0.002298539751216874,0.6071428571428571,query_1,"['GO:0001819', 'GO:0032620', 'GO:0032660']"
GO:BP,GO:0061014,positive regulation of mRNA catabolic process,0.047735367488307194,True,"""Any process that increases the rate, frequency, or extent of a mRNA catabolic process, the chemical reactions and pathways resulting in the breakdown of RNA, ribonucleic acid, one of the two main type of nucleic acid, consisting of a long, unbranched macromolecule formed from ribonucleotides joined in 3',5'-phosphodiester linkage."" [GOC:ascb_2009, GOC:dph, GOC:tb]",102,7396,49,20972,0.00662520281233099,0.4803921568627451,query_1,"['GO:0006402', 'GO:0009896', 'GO:0061013', 'GO:1903313']"
GO:BP,GO:0001666,response to hypoxia,0.047956644358541495,True,"""Any process that results in a change in state or activity of a cell or an organism (in terms of movement, secretion, enzyme production, gene expression, etc.) as a result of a stimulus indicating lowered oxygen tension. Hypoxia, defined as a decline in O2 levels below normoxic levels of 20.8 - 20.95%, results in metabolic adaptation at both the cellular and organismal level."" [GOC:hjd]",278,7396,119,20972,0.01608977825851812,0.42805755395683454,query_1,"['GO:0006950', 'GO:0036293']"
GO:BP,GO:0043030,regulation of macrophage activation,0.04806296418877345,True,"""Any process that modulates the frequency or rate of macrophage activation."" [GOC:jl]",57,7396,30,20972,0.004056246619794483,0.5263157894736842,query_1,"['GO:0002694', 'GO:0042116']"
GO:BP,GO:0006406,mRNA export from nucleus,0.04831893417832912,True,"""The directed movement of mRNA from the nucleus to the cytoplasm."" [GOC:ma]",71,7396,36,20972,0.0048674959437533805,0.5070422535211268,query_1,"['GO:0006405', 'GO:0010467', 'GO:0051028']"
GO:BP,GO:0032732,positive regulation of interleukin-1 production,0.04831893417832912,True,"""Any process that activates or increases the frequency, rate, or extent of interleukin-1 production."" [GOC:mah]",71,7396,36,20972,0.0048674959437533805,0.5070422535211268,query_1,"['GO:0001819', 'GO:0032612', 'GO:0032652']"
GO:BP,GO:0006811,monoatomic ion transport,0.04875134979858257,True,"""The directed movement of a monoatomic ion into, out of or within a cell, or between cells, by means of some agent such as a transporter or pore. Monatomic ions (also called simple ions) are ions consisting of exactly one atom."" [GOC:ai]",1260,7396,487,20972,0.06584640346133044,0.3865079365079365,query_1,['GO:0006810']
GO:BP,GO:0006003,"fructose 2,6-bisphosphate metabolic process",0.0489311821602363,True,"""The chemical reactions and pathways involving fructose 2,6-bisphosphate. The D enantiomer is an important regulator of the glycolytic and gluconeogenic pathways. It inhibits fructose 1,6-bisphosphatase and activates phosphofructokinase."" [ISBN:0198506732]",5,7396,5,20972,0.0006760411032990806,1.0,query_1,"['GO:0006796', 'GO:0019637', 'GO:1901135']"
GO:BP,GO:0070555,response to interleukin-1,0.0489311821602363,True,"""Any process that results in a change in state or activity of a cell or an organism (in terms of movement, secretion, enzyme production, gene expression, etc.) as a result of an interleukin-1 stimulus."" [GOC:BHF, GOC:mah]",107,7396,51,20972,0.006895619253650622,0.4766355140186916,query_1,['GO:0034097']
GO:BP,GO:0071393,cellular response to progesterone stimulus,0.0489311821602363,True,"""Any process that results in a change in state or activity of a cell (in terms of movement, secretion, enzyme production, gene expression, etc.) as a result of a progesterone stimulus."" [GOC:mah]",5,7396,5,20972,0.0006760411032990806,1.0,query_1,"['GO:0032570', 'GO:0071383', 'GO:1901655']"
GO:BP,GO:0045053,protein retention in Golgi apparatus,0.0489311821602363,True,"""The retention of proteins within the Golgi apparatus. Golgi-localized carbohydrate-modifying enzymes have a short N-terminal domain that faces the cytosol, a single transmembrane alpha helix, and a large C-terminal domain that faces the Golgi lumen and that contains the catalytic site. How the membrane-spanning alpha helix in a Golgi enzyme causes its localization and prevents its movement to the plasma membrane is not known."" [ISBN:0716731363]",5,7396,5,20972,0.0006760411032990806,1.0,query_1,"['GO:0032507', 'GO:0034067']"
GO:BP,GO:0120262,negative regulation of heterochromatin organization,0.0489311821602363,True,"""Any process that stops, prevents, or reduces the frequency, rate or extent of heterochromatin organization."" [GOC:krc]",5,7396,5,20972,0.0006760411032990806,1.0,query_1,"['GO:0070828', 'GO:0120261', 'GO:1905268']"
GO:BP,GO:0031452,negative regulation of heterochromatin formation,0.0489311821602363,True,"""Any process that stops, prevents, or reduces the frequency, rate or extent of heterochromatin formation."" [PMID:16855380]",5,7396,5,20972,0.0006760411032990806,1.0,query_1,"['GO:0010628', 'GO:0031445', 'GO:0031507', 'GO:0120262']"
GO:BP,GO:0003062,regulation of heart rate by chemical signal,0.0489311821602363,True,"""The regulation of the rate of heart contraction mediated by chemical signaling, hormonal, autocrine or paracrine."" [GOC:dph, GOC:mtg_cardio, GOC:rl, GOC:tb]",5,7396,5,20972,0.0006760411032990806,1.0,query_1,['GO:0002027']
GO:BP,GO:0048008,platelet-derived growth factor receptor signaling pathway,0.0489311821602363,True,"""The series of molecular signals initiated by a ligand binding to a platelet-derived growth factor receptor on the surface of a target cell, and ending with the regulation of a downstream cellular process, e.g. transcription."" [GOC:ceb]",107,7396,51,20972,0.006895619253650622,0.4766355140186916,query_1,['GO:0007169']
GO:BP,GO:1902956,"regulation of mitochondrial electron transport, NADH to ubiquinone",0.0489311821602363,True,"""Any process that modulates the frequency, rate or extent of mitochondrial electron transport, NADH to ubiquinone."" [GO_REF:0000058, GOC:dph, GOC:TermGenie, PMID:23530063]",5,7396,5,20972,0.0006760411032990806,1.0,query_1,"['GO:0006120', 'GO:1903715']"
GO:BP,GO:0034124,regulation of MyD88-dependent toll-like receptor signaling pathway,0.0489311821602363,True,"""Any process that modulates the frequency, rate, or extent of MyD88-dependent toll-like receptor signaling pathway."" [GOC:add, PMID:16551253, PMID:17328678]",5,7396,5,20972,0.0006760411032990806,1.0,query_1,"['GO:0002755', 'GO:0034121']"
GO:BP,GO:0045859,regulation of protein kinase activity,0.049372406370053544,True,"""Any process that modulates the frequency, rate or extent of protein kinase activity."" [GOC:go_curators]",330,7396,139,20972,0.01879394267171444,0.4212121212121212,query_1,"['GO:0001932', 'GO:0043549']"
GO:BP,GO:0002385,mucosal immune response,0.04962514747861048,True,"""An immune response taking place in mucosal tissues, including those of the intestinal tract, nasal and upper respiratory tract, and genital tract."" [GO_REF:0000022, GOC:jal, ISBN:0781735149]",39,7396,22,20972,0.0029745808545159546,0.5641025641025641,query_1,['GO:0002251']
GO:BP,GO:1900181,negative regulation of protein localization to nucleus,0.04962514747861048,True,"""Any process that stops, prevents or reduces the frequency, rate or extent of protein localization to nucleus."" [GOC:TermGenie]",39,7396,22,20972,0.0029745808545159546,0.5641025641025641,query_1,"['GO:0034504', 'GO:1900180', 'GO:1903828']"
GO:BP,GO:0070979,protein K11-linked ubiquitination,0.04962514747861048,True,"""A protein ubiquitination process in which ubiquitin monomers are attached to a protein, and then ubiquitin polymers are formed by linkages between lysine residues at position 11 of the ubiquitin monomers. K11-linked polyubiquitination targets the substrate protein for degradation. The anaphase-promoting complex promotes the degradation of mitotic regulators by assembling K11-linked polyubiquitin chains."" [GOC:jsg, GOC:pr, GOC:sp, PMID:18485873, PMID:20655260, PMID:21113135]",39,7396,22,20972,0.0029745808545159546,0.5641025641025641,query_1,['GO:0000209']
GO:BP,GO:0070670,response to interleukin-4,0.04962514747861048,True,"""Any process that results in a change in state or activity of a cell or an organism (in terms of movement, secretion, enzyme production, gene expression, etc.) as a result of an interleukin-4 stimulus."" [GOC:mah]",39,7396,22,20972,0.0029745808545159546,0.5641025641025641,query_1,['GO:0034097']
GO:BP,GO:0006509,membrane protein ectodomain proteolysis,0.04992229209262338,True,"""The proteolytic cleavage of transmembrane proteins and release of their ectodomain (extracellular domain)."" [GOC:jl, PMID:24227200]",48,7396,26,20972,0.003515413737155219,0.5416666666666666,query_1,['GO:0033619']
GO:BP,GO:0045622,regulation of T-helper cell differentiation,0.04992229209262338,True,"""Any process that modulates the frequency, rate or extent of T-helper cell differentiation."" [GOC:go_curators]",48,7396,26,20972,0.003515413737155219,0.5416666666666666,query_1,"['GO:0042093', 'GO:0043370', 'GO:0050776']"
GO:BP,GO:0042752,regulation of circadian rhythm,0.04995228314960766,True,"""Any process that modulates the frequency, rate or extent of a circadian rhythm. A circadian rhythm is a biological process in an organism that recurs with a regularity of approximately 24 hours."" [GOC:dph, GOC:jl, GOC:tb]",112,7396,53,20972,0.007166035694970254,0.4732142857142857,query_1,"['GO:0007623', 'GO:0050789']"
GO:BP,GO:0031167,rRNA methylation,0.049956228933684704,True,"""The posttranscriptional addition of methyl groups to specific residues in an rRNA molecule."" [GOC:mah]",26,7396,16,20972,0.002163331530557058,0.6153846153846154,query_1,"['GO:0000154', 'GO:0001510']"
GO:BP,GO:0090101,negative regulation of transmembrane receptor protein serine/threonine kinase signaling pathway,0.0499770505331433,True,"""Any process that decreases the rate, frequency, or extent of the series of molecular signals generated as a consequence of a transmembrane receptor serine/threonine kinase binding to its physiological ligand."" [GOC:dph, GOC:tb]",149,7396,68,20972,0.009194159004867496,0.4563758389261745,query_1,"['GO:0007178', 'GO:0009968', 'GO:0090092']"
