go_term,number_of_genes,statistic,p_value
GO:0005634,6535,-15.1539510404696,7.134541160486106e-52
GO:0019814,183,-14.623536038111855,1.9880115499455412e-48
GO:0005654,3644,-14.02747150813633,1.0585897050586642e-44
GO:0003723,1565,-13.583157249614674,5.04058975636277e-42
GO:0002250,490,-12.661100865671298,9.71276893582959e-37
GO:0003677,2302,-12.56768370763734,3.1790179821664116e-36
GO:0006355,1493,-11.889339684505602,1.3446543906485898e-32
GO:0006357,1521,-11.570701257955463,5.800660915045762e-31
GO:0008270,2163,-11.106521611284975,1.1661398453925869e-28
GO:0003823,121,-10.73706536280285,6.817715039246861e-27
GO:0002181,92,-10.416659606929375,2.081352946234556e-25
GO:0000978,1101,-10.27820177367721,8.836077198871702e-25
GO:0003676,622,-9.66296964424107,4.331229370250489e-22
GO:0000981,1211,-9.29030296674199,1.5384976869428507e-20
GO:0003682,489,-9.242637040346038,2.4049565510742077e-20
GO:0000122,936,-9.223924654161404,2.864203225999543e-20
GO:0042742,180,9.079788903825332,1.0878563162728774e-19
GO:0000785,1151,-9.009460569494886,2.070724988728924e-19
GO:0045892,631,-8.968544416004379,3.0045858252306487e-19
GO:0022626,101,-8.713980265514783,2.93387473659764e-18
GO:0042101,137,-8.6361928525902,5.811736961688599e-18
GO:0006397,425,-8.51106776130609,1.7233887993246878e-17
GO:1901740,47,-8.35614587435823,6.480057151118938e-17
GO:0006338,355,-8.254329743993422,1.5275706785747353e-16
GO:0000381,69,-8.012184253326692,1.1268886673226795e-15
GO:0005615,1813,7.986441490606434,1.3888963832110374e-15
GO:0003729,274,-7.907467519391263,2.6267763914168328e-15
GO:0016064,82,-7.886231152989439,3.114494775561444e-15
GO:0035580,61,7.855177778447024,3.992055088105498e-15
GO:0008380,327,-7.718916026311665,1.1732316248777258e-14
GO:0022625,55,-7.610252724092356,2.7356047575263116e-14
GO:0005743,511,7.601231672349402,2.933254489747728e-14
GO:1904724,55,7.573562522517676,3.631258211832406e-14
GO:0005515,14369,-7.504172682819482,6.181776917470326e-14
GO:0045087,584,7.455231852093802,8.970993194949563e-14
GO:0045893,755,-7.398260912009031,1.3797954555040636e-13
GO:0016887,404,-7.332148440252213,2.2649202080843618e-13
GO:0005739,1619,7.254156265975376,4.041732881521945e-13
GO:0050830,103,7.232878874190369,4.728611247995496e-13
GO:0032760,113,7.19426694132162,6.279723088771795e-13
GO:0005764,344,7.1910035323018535,6.431681808725619e-13
GO:1990904,414,-7.173333214356121,7.319340985843102e-13
GO:0006941,65,-7.062552987006847,1.6347094787546406e-12
GO:0030527,94,7.0329539547998925,2.0220611219249086e-12
GO:0042274,75,-6.978242078381356,2.988963234109958e-12
GO:0003713,299,-6.9674978513581465,3.2262737840403222e-12
GO:0032040,73,-6.863748738465168,6.707656944175064e-12
GO:0045944,1112,-6.815850574050745,9.370765824289067e-12
GO:0005839,23,6.8084433979112156,9.866039040045928e-12
GO:0007399,618,-6.765471875419709,1.3287540656577455e-11
GO:0006364,167,-6.725524944457101,1.7496051479009048e-11
GO:0006325,470,-6.702736552089195,2.0455205772262577e-11
GO:0071357,36,6.455073760602667,1.0816620628121208e-10
GO:0051607,225,6.454269691201348,1.0874201045142766e-10
GO:0042254,122,-6.4441144245100315,1.1627733769626856e-10
GO:1904813,124,6.343625024064417,2.244206841132677e-10
GO:0000786,111,6.338788086793487,2.3157949681795358e-10
GO:0005730,1773,-6.274361025490728,3.51073046157139e-10
GO:0022627,37,-6.243237590178531,4.2860508990557566e-10
GO:0003700,731,-6.239946419685702,4.377208018481327e-10
GO:0034341,43,6.207100464483859,5.397109846119267e-10
GO:0048511,147,-6.188881431002497,6.059263699241716e-10
GO:0046872,4141,-6.168925721386243,6.875551501462394e-10
GO:0001227,298,-6.1071670940481875,1.0141505097219753e-09
GO:0005813,592,-6.0365465861597425,1.5744731197278302e-09
GO:0005765,421,5.996448806371285,2.016791490423735e-09
GO:0006979,153,5.971380568483568,2.3525424896323517e-09
GO:0032731,63,5.963979357462589,2.461678516003538e-09
GO:0016607,412,-5.960732417692539,2.5110986909009795e-09
GO:0004386,135,-5.9589921640566255,2.53798266760406e-09
GO:0051603,21,5.9208246017460535,3.203313602133958e-09
GO:0000976,326,-5.910158960694964,3.41777752889141e-09
GO:0042776,64,5.708376431738916,1.1405893973387097e-08
GO:0035578,92,5.703979079900411,1.17042448185137e-08
GO:0061136,50,5.69985682367364,1.1990809212787655e-08
GO:0005762,51,5.6846514910971235,1.310796858360669e-08
GO:0006952,165,5.67718420949395,1.369299930092687e-08
GO:0009060,65,5.674088625415727,1.3942893888766504e-08
GO:0000977,385,-5.663017980812661,1.4873356747679713e-08
GO:0061629,193,-5.599256625625219,2.1527292133665232e-08
GO:0045296,314,-5.5449711609774965,2.940026241329614e-08
GO:0034774,120,5.518208565252396,3.424728372761383e-08
GO:0005524,1509,-5.487926272301174,4.0667972838739795e-08
GO:0160165,15,5.4875159707765375,4.076251729599347e-08
GO:0000502,64,5.478766664021081,4.283007286389523e-08
GO:0008021,168,5.445897783565105,5.154473201681658e-08
GO:0045071,43,5.444751196814031,5.187784647143583e-08
GO:0043374,15,5.410339751141596,6.29052911693917e-08
GO:0032543,92,5.406523648133465,6.425974645399525e-08
GO:0050729,116,5.393318577664994,6.91681593826523e-08
GO:0034515,19,5.336007395005711,9.50155281887174e-08
GO:0002227,33,5.305701388359825,1.1224057134906018e-07
GO:0045061,15,5.29456510677076,1.192999805146849e-07
GO:0005694,569,-5.252245260742553,1.5025619682592239e-07
GO:0061844,103,5.215533301974593,1.832891253774677e-07
GO:1990837,621,-5.211528834600652,1.8729072497109684e-07
GO:0019774,11,5.209610552989246,1.8923742323415108e-07
GO:0071222,168,5.12836023081913,2.9227677193267487e-07
GO:0005737,6627,-5.127432761544664,2.9371982818489255e-07
GO:0043202,99,5.066461331361047,4.052790315805747e-07
GO:0006120,46,5.062192480507251,4.144622624101853e-07
GO:1902600,190,5.058564460595936,4.2242445640050117e-07
GO:0015935,25,-5.058175111930957,4.2328765273411407e-07
GO:0070821,72,5.054299836977372,4.319725232783564e-07
GO:0010499,19,5.047735082398194,4.4707848763620324e-07
GO:0035579,90,4.996799672326617,5.828956498864694e-07
GO:0032212,23,-4.978612794948136,6.404161738567988e-07
GO:0051707,25,4.962253270086877,6.96800519308969e-07
GO:0001650,108,-4.9488950392524815,7.4635979723879e-07
GO:0140658,31,-4.945964250324588,7.576786441888659e-07
GO:0043565,507,-4.941180996599675,7.765078171171327e-07
GO:0016514,26,-4.940980824035838,7.773055380092128e-07
GO:0016604,316,-4.911341839836177,9.045523317302154e-07
GO:0006629,817,4.909469402412675,9.132314671422499e-07
GO:0045271,48,4.860843656738741,1.1688654116419577e-06
GO:0034063,27,-4.846951425390688,1.2537310883463525e-06
GO:0050821,230,-4.838650618787322,1.3072361086468092e-06
GO:0000380,22,-4.823119593295057,1.413301723409779e-06
GO:0031965,218,-4.817944807846699,1.4504447687102474e-06
GO:0045590,21,4.791822112845746,1.6527341084497145e-06
GO:0003714,218,-4.7821833226162385,1.7340142833905784e-06
GO:0030154,1030,-4.749458973889403,2.03961567326941e-06
GO:0000398,216,-4.7073304149674895,2.5098192096323594e-06
GO:0044295,24,-4.695662894029453,2.6574349434045065e-06
GO:0003697,109,-4.69454514135987,2.6720060352716604e-06
GO:0042393,169,-4.690119668512345,2.7304531187158038e-06
GO:0038187,43,4.689775924810506,2.7350439227927334e-06
GO:0010468,316,-4.687749886258862,2.7622531577545166e-06
GO:0006275,45,-4.681537751585405,2.847309476821402e-06
GO:0019731,65,4.675391435368296,2.9339345689379535e-06
GO:0045597,77,-4.6708195782953625,3.0000035456694607e-06
GO:0022904,81,4.670405016934213,3.00606454964107e-06
GO:0072539,19,4.666744891298447,3.0600887572720995e-06
GO:0051028,108,-4.655979857956201,3.22443458697351e-06
GO:0003678,45,-4.635653989585208,3.5581072419578725e-06
GO:0036002,19,-4.635014039643633,3.569132551743414e-06
GO:0006913,48,-4.630591771172711,3.6462212968794088e-06
GO:0003712,148,-4.629070319960777,3.6731103174253466e-06
GO:0051537,31,4.574309331817394,4.777934922972128e-06
GO:0008137,41,4.544625187593843,5.503309220176705e-06
GO:0045582,35,-4.517652695100885,6.252893427809656e-06
GO:0045063,25,4.51075577692841,6.459705876941434e-06
GO:0032259,196,-4.502205112465755,6.725203004401857e-06
GO:2000819,29,-4.5015225422337455,6.746840782351637e-06
GO:0006749,38,4.48735379101155,7.211326823214637e-06
GO:0005911,208,-4.47267616670824,7.724671474289832e-06
GO:0014069,271,-4.455534426490533,8.368446498175233e-06
GO:0030490,54,-4.453838945737532,8.434838132364189e-06
GO:0002720,19,4.451081419479331,8.54389378484827e-06
GO:0030246,223,4.443979967762932,8.830983069253945e-06
GO:0071013,91,-4.422148220095328,9.772437722117969e-06
GO:0042110,68,-4.419010586701442,9.915379085466106e-06
GO:0006955,521,-4.415231544447282,1.0090192914200324e-05
GO:0008168,196,-4.411558568135701,1.0262918469293448e-05
GO:0006954,414,4.396058558303995,1.1023420704546332e-05
GO:0042974,16,-4.394256788392412,1.1115236620798003e-05
GO:0035456,10,4.387136639216642,1.1485264249700222e-05
GO:0010498,72,4.360482433822665,1.2977600054666064e-05
GO:0050853,48,-4.352554370524285,1.345604865076009e-05
GO:0061644,18,4.344441033881787,1.3963074202213357e-05
GO:0170014,8,4.3430078463765005,1.4054511248522303e-05
GO:0007507,156,-4.338587821803736,1.4340118056272057e-05
GO:0016045,12,4.334751821761256,1.459246571111258e-05
GO:1990907,13,-4.324756539152504,1.5270041010749543e-05
GO:0042054,39,-4.314130556819455,1.6023223960518315e-05
GO:0098869,71,4.304516745533058,1.6735063445204048e-05
GO:0045943,25,-4.302179309433059,1.6912635366200912e-05
GO:0071168,27,-4.289950242940969,1.787131534175529e-05
GO:0005886,5373,-4.2806855230177865,1.8631848914522874e-05
GO:0034145,15,4.279494614678351,1.8731817006661456e-05
GO:0045945,20,-4.244786655880853,2.1880149547231526e-05
GO:0010572,12,4.240950286947147,2.225754346917963e-05
GO:0005923,135,-4.240629096674734,2.2289419332597498e-05
GO:0098978,561,-4.223325142691827,2.4072414697507575e-05
GO:0005576,2435,4.209856497949636,2.5553294023317992e-05
GO:0052689,54,4.203378219177596,2.6296065517847153e-05
GO:0016491,618,4.188930972222891,2.802716290134381e-05
GO:0140693,52,-4.18799999977274,2.8142351715617598e-05
GO:0006974,587,-4.185086586073139,2.8505742270599646e-05
GO:0000166,1874,-4.177431845158659,2.9481896227287585e-05
GO:0016363,129,-4.176702426030262,2.9576553987821945e-05
GO:0031093,67,4.170288461132829,3.0421432519332425e-05
GO:0007042,23,4.165158512167083,3.1113631414755996e-05
GO:0071280,24,4.159373150304417,3.191221884671404e-05
GO:2000736,20,-4.1575063938437955,3.2174027344972634e-05
GO:0032757,67,4.154817409212959,3.255474075751651e-05
GO:0032729,75,4.15430155631224,3.2628264141674916e-05
GO:0001774,24,4.153599052269846,3.272864422866408e-05
GO:0043484,77,-4.151361758906627,3.3050287361837346e-05
GO:0042571,6,-4.128829784508099,3.646141938972836e-05
GO:0006376,20,-4.125810347814371,3.6943162073777435e-05
GO:0033173,14,-4.117392051686864,3.831839120340347e-05
GO:1905168,43,-4.111423084543171,3.932278749746824e-05
GO:0045666,55,-4.107858249980149,3.9934505905195504e-05
GO:0032396,9,4.093822090949627,4.243199408075134e-05
GO:0000123,28,-4.0680212634165,4.741405558367606e-05
GO:0009615,107,4.066730927504611,4.7677238348458914e-05
GO:0030334,105,-4.065485566950213,4.793256077389492e-05
GO:0002767,20,4.05586106923196,4.994994453233787e-05
GO:1902459,45,-4.04575394891272,5.2154991771100475e-05
GO:0050829,88,4.04258987459606,5.286403955648698e-05
GO:0042420,8,4.039190784195592,5.3635925752121714e-05
GO:0140566,32,-4.027241709624163,5.6435008954060384e-05
GO:0050839,129,-4.009041507254569,6.0965700884162906e-05
GO:1990226,16,-4.008599771584713,6.107983272292266e-05
GO:0031966,240,4.007253519751804,6.142891465439282e-05
GO:0000792,55,-3.995125342145374,6.466003507703667e-05
GO:0017056,25,-3.980708491590061,6.87101692966861e-05
GO:0004866,45,3.957811064642802,7.56397491113794e-05
GO:0005833,13,3.9547595625725362,7.661165803517056e-05
GO:0008589,16,-3.9471567206860496,7.908479186936987e-05
GO:0001837,49,-3.9304045361007236,8.48030594324599e-05
GO:0005761,26,3.92697374079872,8.602136855587336e-05
GO:0019773,10,3.919231990919001,8.883157953001406e-05
GO:0000462,21,-3.9139589905399976,9.079506256059744e-05
GO:0140444,6,-3.9029039446660265,9.50454294937072e-05
GO:0006405,17,-3.89887981108616,9.663872485478987e-05
GO:0032922,65,-3.8917717111865557,9.951485973261071e-05
GO:0032786,13,-3.890164654102116,0.00010017622655473948
GO:0008143,27,-3.8843985109113284,0.00010258353153554281
GO:0034975,12,-3.8826731682349807,0.00010331439110001414
GO:2000781,48,-3.879786958027526,0.00010454799477265146
GO:0010457,13,-3.8769354395714672,0.00010578041208270488
GO:0004622,23,3.8758292421557567,0.00010626218760133469
GO:0042476,30,-3.8718562915436108,0.00010800963010575913
GO:0000781,177,-3.8697129888617736,0.00010896355311487133
GO:0098552,143,3.8692892484238466,0.00010915308659221509
GO:0050832,31,3.8639825411739626,0.00011155319825824654
GO:2000379,32,3.842601111795579,0.00012173723528652624
GO:0032200,25,3.8425151949513134,0.00012177987206609212
GO:0061133,18,3.8422206220138237,0.0001219261626642688
GO:0043005,353,-3.832645509233125,0.00012677256870211116
GO:1990405,8,-3.8150000048603485,0.00013618293086384268
GO:0050862,17,-3.8108806599122014,0.00013847260765183298
GO:0001228,449,-3.8090366529781186,0.00013950927826542704
GO:0034205,9,3.8045544110845784,0.00014205968398651499
GO:0043209,28,-3.800221768795027,0.00014456665296184862
GO:2000114,14,-3.797727708371359,0.00014602860850128742
GO:0060317,10,-3.790836125765188,0.0001501409951720392
GO:0034087,7,-3.7855167492551782,0.00015338950184135464
GO:0051642,13,-3.7841315024619924,0.0001542462566322288
GO:0140297,173,-3.7769624460557516,0.00015875265714480495
GO:0006631,205,3.775447751058487,0.00015972050228608777
GO:0003724,76,-3.771229471813352,0.00016244520380010922
GO:0036064,229,-3.768055925064138,0.00016452384880964401
GO:0071346,48,3.7668068640627936,0.00016534881505989474
GO:0009055,61,3.7659710895528127,0.0001659029898815906
GO:0045059,6,-3.765919892791232,0.00016593699351847899
GO:0032395,10,-3.765065999347067,0.00016650509619825436
GO:0016055,214,-3.753404870456172,0.00017444875356521775
GO:0043153,23,-3.748717638302235,0.0001777410583875676
GO:0042105,7,-3.7424569642735417,0.00018222974857418062
GO:0006898,77,3.737838381592186,0.00018560919204435518
GO:0050733,8,-3.7359668940401383,0.00018699527084389134
GO:0042593,91,3.73320446883309,0.00018905899445454722
GO:0042582,12,3.7312806738853825,0.0001905088274655599
GO:1901524,18,3.7273014727575022,0.00019354090356088705
GO:0043488,38,-3.727294054337019,0.00019354659837399196
GO:0035613,16,-3.7255542477765027,0.00019488653324588098
GO:0016042,124,3.722138770505768,0.00019754239985824904
GO:0032266,47,3.7138089299255492,0.00020416296372055442
GO:0003223,7,-3.7135290021330034,0.00020438902973583331
GO:0019864,11,3.7133729769598554,0.00020451513565397433
GO:0035325,6,3.709462894268549,0.00020769939284309013
GO:0051673,6,3.6959601805837474,0.0002190573071162115
GO:1901796,38,-3.6905778210873423,0.0002237452228340991
GO:0030182,163,-3.675346775085017,0.0002375265637316239
GO:0051715,6,3.673064274770389,0.00023965917034003735
GO:0000723,60,-3.6672070889113506,0.00024521419603753354
GO:0050892,8,3.6643343103946577,0.0002479827093832815
GO:0071004,17,-3.6565478609803788,0.00025563469938845825
GO:0006914,211,3.6522208761714756,0.00025998211674698384
GO:0120014,10,-3.6452349115028064,0.00026714766396559385
GO:0019377,5,3.635518501140806,0.00027742208165863215
GO:0045202,741,-3.629901968004848,0.0002835288805753996
GO:0005770,186,3.6254782615663648,0.0002884271597885523
GO:0007420,178,-3.624093326873124,0.0002899768915442557
GO:0001851,11,3.6238810495553415,0.0002902151166148451
GO:0008104,119,-3.619722307291328,0.000294919344468884
GO:0009750,6,3.6189229590293985,0.00029583168454410454
GO:0070765,7,3.616146248580564,0.0002990214788685116
GO:0034154,5,3.6150107412086663,0.0003003351691994487
GO:0060412,32,-3.614081883756163,0.00030141379933572467
GO:0005681,184,-3.612230548346119,0.00030357448141449456
GO:0030326,15,-3.6120987629248034,0.00030372883904546507
GO:0042659,12,-3.6089488960014293,0.0003074401602974565
GO:0019770,5,3.6053999617282733,0.0003116725378464641
GO:0030667,101,3.600735355801911,0.00031731843926197876
GO:0019363,11,3.5985631449248854,0.0003199801642401035
GO:0031902,171,3.596137851936469,0.00032297669104314235
GO:0030670,83,3.5929908662805157,0.0003269040510242826
GO:0071751,5,-3.588036248614998,0.00033317797686795885
GO:0001094,10,-3.5861404745498806,0.0003356082204194825
GO:0038024,29,3.572109319755621,0.0003541175237348257
GO:0030492,5,3.570350985258884,0.00035650321779302546
GO:0048699,13,-3.5681872887246873,0.0003594595318685589
GO:0030030,206,-3.566092601034806,0.00036234338370814094
GO:0051920,6,3.56494471954064,0.00036393288605119983
GO:0097242,17,3.56471170651806,0.0003642563404692449
GO:1901797,14,-3.5611291162580794,0.0003692634325647158
GO:0070316,25,-3.552064752819638,0.00038222078715955467
GO:0010273,14,3.549042942689838,0.0003866340225182963
GO:0007596,92,3.548596527849301,0.0003872900167011714
GO:0042987,13,3.545230058818905,0.0003922705494810922
GO:0033120,13,-3.544742550075732,0.0003929967370323398
GO:0006999,8,-3.544315837244167,0.00039363339442966217
GO:0034355,9,3.5398140312706907,0.00040040907842717893
GO:0071565,14,-3.537725501009329,0.00040358939545497366
GO:0051036,11,3.5374966480284,0.00040393931305101883
GO:0045786,52,-3.5368496174801214,0.0004049301606627204
GO:0035577,57,3.5343001243778005,0.0004088565362698622
GO:0043403,13,-3.5334412110294493,0.0004101873041037078
GO:0042744,20,3.53301924569247,0.00041084256223988873
GO:0002376,954,-3.530623219687489,0.0004145818591237246
GO:0004697,16,-3.5256046575633637,0.00042251719293115285
GO:0015693,14,-3.5227779365256384,0.0004270490099876611
GO:0000375,30,-3.5223085423686564,0.00042780592534180856
GO:0006935,157,3.517768681532762,0.0004351915400660521
GO:0045197,19,-3.5156903748566446,0.0004386121748700643
GO:0043922,13,-3.505054906483786,0.00045651312408440147
GO:0099078,8,3.5043473412432387,0.00045772791713914274
GO:0019370,12,3.502923409023199,0.00046018176334014233
GO:0000448,9,-3.493981801750552,0.0004758734554740646
GO:0030041,32,3.488986819198236,0.0004848550563129619
GO:0009635,5,3.4878554840684473,0.00048691117880252826
GO:0036408,10,-3.4865970450524344,0.0004892078556504706
GO:0071639,14,3.4846616470922265,0.0004927597201151002
GO:0030207,6,3.4759703163229165,0.0005090086215389371
GO:0042975,10,-3.46646097568455,0.000527358281943635
GO:0034976,94,-3.4545928027208204,0.0005511245065473999
GO:0099523,26,-3.4528802955389324,0.00055463506690674
GO:0042073,29,-3.4524157597142917,0.0005555909288613121
GO:0010867,15,3.451041626680485,0.0005584274328690975
GO:0030169,16,3.449160393652706,0.0005623325761397279
GO:0016274,10,-3.4429394191205596,0.0005754281991870678
GO:0061756,5,3.442445444218709,0.0005764801305607855
GO:0036109,10,3.4395791967542753,0.0005826192935557529
GO:0034142,27,3.4367860308212785,0.0005886604369434136
GO:2000377,17,3.4340016702554856,0.0005947405312642822
GO:0006959,48,-3.433981097618542,0.0005947856716539224
GO:0032755,89,3.427920381314806,0.0006082238114669891
GO:0046961,26,3.42775892198507,0.0006085856416094502
GO:0070527,38,3.427755970650394,0.0006085922574104031
GO:0016209,24,3.4235834261815317,0.0006180127869995085
GO:0030414,127,3.423575271208345,0.0006180313309588867
GO:0008541,9,3.4211455741284835,0.000623579443133257
GO:0002003,13,3.419031772802081,0.0006284438780384388
GO:0006119,23,3.417034495306815,0.0006330725752563573
GO:0005542,13,3.4136026981621996,0.0006410999109093647
GO:0001676,33,3.4052066604888043,0.000661140003300766
GO:0048406,5,3.405181343854211,0.0006612013016249041
GO:0031092,17,3.398984170548077,0.0006763663081800902
GO:0051864,10,-3.3950878314382846,0.000686065874933285
GO:0140938,23,-3.392425262262949,0.0006927682824686255
GO:0071564,11,-3.3876127254682684,0.0007050373837075224
GO:0071456,132,-3.3871259294818836,0.0007062896042215706
GO:0045653,20,3.384473063793576,0.0007131501591133228
GO:1905172,5,-3.3839947556316345,0.0007143936770197708
GO:0002315,8,-3.3831425240418365,0.0007166143247022877
GO:0048024,27,-3.3810074811996675,0.0007222057652809086
GO:0071276,18,3.379794402603842,0.0007254007129992626
GO:0034453,13,-3.379477086140091,0.0007262386095725814
GO:0005856,874,-3.3793676230214587,0.000726527863193008
GO:0030214,17,3.3754970595102356,0.0007368247944977503
GO:0070062,2191,3.3712930218608945,0.0007481623411291535
GO:0070269,30,3.370805753010917,0.0007494868447821132
GO:0010875,27,3.367074377820241,0.0007597019568375306
GO:0071985,24,3.3643581437986856,0.0007672191325495753
GO:0006778,5,3.359735576199713,0.0007801710502667031
GO:0005925,412,-3.35881900745866,0.0007827631651869117
GO:0034162,12,3.358773029729325,0.0007828934034693295
GO:0007411,150,-3.358128938340343,0.000784719997310178
GO:0031838,11,3.357717844739062,0.0007858878945452892
GO:0009887,82,-3.356543259648436,0.0007892337309727371
GO:0006248,7,3.356036158936934,0.0007906823027312325
GO:0005667,241,-3.35599889089039,0.0007907888590235271
GO:0017148,98,-3.3549140313176222,0.0007938965218807966
GO:0070161,129,-3.3531197597310407,0.000799061236104846
GO:0030183,61,-3.3512612485611912,0.000804443723091293
GO:0060135,12,3.3469642306575706,0.0008170175193496954
GO:0099560,34,-3.3468595516227646,0.0008173260907267463
GO:0015026,65,-3.343547282633473,0.0008271459725055934
GO:0004859,10,3.3350838606117783,0.0008527367892217937
GO:0033119,7,-3.3332984183400387,0.0008582283699826097
GO:0061157,22,-3.3294627521480646,0.0008701370190457279
GO:0044294,8,-3.32890965314305,0.0008718668183765133
GO:0033691,21,3.326101418827925,0.0008806987753532509
GO:0006493,56,-3.3246894787073678,0.0008851706246997972
GO:0045176,10,-3.3222493270623614,0.0008929486475194191
GO:0032977,16,3.3181444733522083,0.0009061760065829459
GO:0001649,102,-3.31575648399964,0.000913954306546964
GO:0035097,27,-3.3153711840436055,0.0009152151098727509
GO:0070888,60,-3.3115909976474702,0.0009276706400828747
GO:0042904,5,3.3091807324645597,0.0009356941488229982
GO:0051592,48,-3.3079643952416635,0.000939767566621193
GO:0060216,7,-3.3065445827904383,0.0009445431847652093
GO:0048248,5,3.30503630711242,0.0009496409726506339
GO:0090201,17,3.3043574682396777,0.0009519436715666039
GO:0006091,42,3.3036126559066434,0.0009544761096702795
GO:0070063,20,-3.30317824449601,0.0009559560325985683
GO:0006617,181,-3.3024666976452766,0.0009583846739391295
GO:0048512,8,-3.300917582798937,0.0009636918672184859
GO:0070986,8,-3.298403663262483,0.0009723623937559104
GO:0036335,6,3.2971408981254164,0.000976744885458379
GO:0051056,117,-3.296487278803949,0.0009790204822882503
GO:0016922,45,-3.292252262946878,0.0009938841862913415
GO:0140588,14,-3.291154748019073,0.0009977700951755136
GO:0043394,15,3.2902320484782996,0.00100104792358307
GO:0005929,381,-3.285736158595633,0.0010171623686125735
GO:0035455,10,3.2810171247933684,0.0010343346406419041
GO:0140750,5,-3.2719880877095813,0.0010679407560856512
GO:0061952,25,3.2717626561679674,0.0010687925939853245
GO:0004298,10,3.271189105992732,0.0010709627020861379
GO:0071797,5,3.2693085023525943,0.001078106857121541
GO:1901888,7,-3.2647228421175307,0.0010957123472915748
GO:0018216,9,-3.264554342531495,0.0010963642951986052
GO:0009435,13,3.257466943416889,0.0011241135037229125
GO:0001732,15,-3.2542742428584908,0.0011368247670048746
GO:0071281,7,3.253520050933669,0.0011398468080054494
GO:0050650,23,-3.2516677803708856,0.0011473003840518205
GO:0043627,47,3.2493234059813476,0.0011567987891276136
GO:0005044,31,3.247667479742786,0.0011635516362351538
GO:0019732,5,3.243798849754079,0.0011794700799667092
GO:0060271,222,-3.242387951510748,0.0011853254773570817
GO:0009967,31,-3.237419483611862,0.0012061597044541968
GO:0032204,24,-3.230787271467887,0.0012344978087353094
GO:0042157,19,3.2284812565853382,0.0012444941399969746
GO:0015016,5,3.226149314202725,0.0012546788303296017
GO:0007004,23,-3.2204438787295824,0.0012799225020558986
GO:1904141,6,3.2199732155692824,0.0012820257438582751
GO:0000775,92,-3.2189918642272843,0.001286421350945904
GO:0000463,15,-3.2182339178913044,0.0012898258131577947
GO:0140662,18,-3.2174348506964763,0.001293423981329418
GO:0005786,179,-3.2139210428932232,0.001309356730648617
GO:0045663,45,-3.211922913841366,0.0013184974851035605
GO:0098839,119,-3.2118387992401494,0.0013188835690331536
GO:0048660,10,-3.207117497564934,0.001340722235992178
GO:0030301,22,3.206412426936154,0.0013440120665410508
GO:0002039,71,-3.2050010268083478,0.0013506199876477647
GO:0097677,8,3.2037786020588714,0.0013563673662053803
GO:0034354,9,3.199387889518259,0.0013771973867301984
GO:0097401,16,3.1950386467304726,0.0013981211730266637
GO:0061158,23,-3.1908694788292022,0.0014184534421122503
GO:0098505,10,-3.1901900615844037,0.0014217925516114074
GO:0045814,41,-3.186772094037757,0.0014387009202706997
GO:0046982,357,3.186457338550566,0.001440267270340241
GO:0150105,9,-3.1845809635373192,0.0014496375305698128
GO:0030224,17,3.1811664081179303,0.0014668334688930473
GO:0140824,5,3.18006044606255,0.0014724433476042261
GO:2000405,6,-3.175388168209081,0.0014963618670586147
GO:0042162,27,-3.17345652843064,0.0015063545786168468
GO:0097157,12,-3.17036271797706,0.0015224875598245477
GO:0061518,7,3.169725588574593,0.0015258296339573174
GO:0004028,5,3.1679129924442098,0.001535374633983413
GO:0062196,9,3.167590282285809,0.00153707975834343
GO:0003997,5,3.1658765075728996,0.0015461641996713017
GO:0060322,11,-3.155704573348953,0.0016011094173529255
GO:0140463,20,-3.1538637818872712,0.0016112427394208541
GO:0005041,15,3.153786307589364,0.0016116705172472565
GO:0071816,18,3.1523478989052856,0.0016196317673885388
GO:0005741,229,3.1481924646902284,0.0016428348737607093
GO:0030881,10,3.1467598191209243,0.001650905123590133
GO:0017053,59,-3.1455805800489705,0.0016575752602986107
GO:0071354,19,3.145497105550477,0.001658048356049458
GO:0045445,12,-3.1453151480709565,0.0016590800394515844
GO:0061635,13,-3.1376062710613137,0.0017033351436818835
GO:0005852,16,-3.1370512680702585,0.0017065628325476662
GO:0008430,9,3.1369378150123173,0.0017072233250148626
GO:1990090,33,-3.1363525901526335,0.0017106340789388897
GO:0030091,6,3.134977872906017,0.0017186707461467813
GO:0003357,7,-3.1328560251366,0.0017311433576160276
GO:0010484,8,-3.13056422634551,0.0017447084357429306
GO:0042612,8,3.125564633559528,0.0017746406710323244
GO:0005769,336,3.1248905893586802,0.0017787120456659985
GO:0006412,350,-3.1210031925078794,0.0018023608022877057
GO:0140911,9,3.119654190980609,0.0018106346836216525
GO:0005504,34,3.118696042711353,0.0018165325155409064
GO:0031267,290,-3.1181182300529526,0.0018200977397025194
GO:0140778,5,-3.115964764323423,0.0018334417854565775
GO:0061763,12,3.115793150391571,0.0018345090567427147
GO:0045917,5,3.1140354628663927,0.0018454730714160949
GO:0005758,93,3.112704307660258,0.0018538165121408285
GO:0005721,34,-3.1124531546915817,0.0018553945744088961
GO:0045050,11,3.109958901709337,0.0018711337675465347
GO:0033014,5,3.107461546790585,0.001887015327548919
GO:0045926,16,3.104951468722355,0.0019031024743509756
GO:0048513,98,-3.1034627092456484,0.0019127033768603363
GO:0140052,13,3.1012425507182746,0.0019271036673508813
GO:0030665,35,3.1001501746699542,0.0019342254678494403
GO:0043583,5,-3.093670614153292,0.0019769684339348906
GO:0006094,39,3.092725232816035,0.001983276698737534
GO:0032722,41,3.0921345289527067,0.001987227673415169
GO:0008015,30,3.0899186477802543,0.0020021132560541248
GO:1905323,5,-3.0898477390439907,0.002002591283667373
GO:0048705,22,-3.0866329950429034,0.002024373656309677
GO:0046974,11,-3.0842314781647824,0.002040787424404587
GO:0047676,12,3.080574329722492,0.002066017797804602
GO:0051286,9,-3.07741716830836,0.0020880286007175547
GO:0140507,8,-3.076274862872871,0.0020960452634487445
GO:0015095,19,-3.075032984371328,0.0021047927472627134
GO:0043021,39,-3.0737719502840877,0.002113709406124196
GO:0097371,12,-3.0734014068488285,0.002116336062854672
GO:0016740,1919,-3.0729808962434126,0.002119320545705895
GO:0032991,783,-3.0727896476952905,0.00212067916722121
GO:0033540,14,3.0721515746694523,0.002125217790391486
GO:0044297,91,-3.0686134620242886,0.002150546470411583
GO:0050863,10,-3.0682872576947644,0.002152895585835435
GO:0071383,15,-3.065593755079506,0.002172382572001028
GO:0010606,6,-3.0655726199561206,0.0021725361179798825
GO:0006098,14,3.062734609044727,0.0021932447677962034
GO:0031053,14,-3.0619445234934464,0.0021990420445846095
GO:0050765,16,3.0603872793351905,0.002210509512251781
GO:0101003,60,3.0601477784370346,0.0022122780395407984
GO:0034134,5,3.0526908220937723,0.0022679948061443667
GO:0046631,5,-3.051547532341458,0.0022766499905748335
GO:0051726,245,-3.051332639719569,0.002278280192413123
GO:0016139,5,3.050475698198663,0.0022847916964003623
GO:0044305,19,-3.050176234028215,0.0022870712034374486
GO:0035861,102,-3.0481927648750693,0.002302221947439047
GO:0032020,6,3.0449597816740086,0.0023271142679142298
GO:2000562,9,3.0444211587932806,0.0023312852619233305
GO:0071224,6,3.0412416431231213,0.0023560466329273005
GO:0106310,361,-3.0382324085524433,0.0023797034706171424
GO:0017156,13,-3.036536844806224,0.0023931285896339515
GO:0000220,11,3.036197318475791,0.0023958252056514723
GO:0048388,13,3.034498171880228,0.0024093621568167124
GO:0008278,9,-3.0328099722326876,0.0024228811966493027
GO:0005085,246,-3.031756865751919,0.00243134956022705
GO:0002224,28,3.0263170205081025,0.002475526026823142
GO:0030033,6,-3.021868184357972,0.002512199186077449
GO:0004668,5,3.0202499753718506,0.002525661386702702
GO:0007030,109,-3.0183405091140236,0.0025416314677352476
GO:0030890,35,-3.018153488190684,0.002543200598302029
GO:0048018,159,3.0147464684979903,0.0025719414790704685
GO:0035590,9,3.014700782184056,0.0025723288890206718
GO:0002232,6,3.0140079090003944,0.0025782108472284164
GO:0036464,73,-3.0115249228481296,0.00259939063229459
GO:1903830,17,-3.01007094330514,0.002611866757686836
GO:0097427,6,-3.0080067029182604,0.0026296733785046225
GO:0045333,36,3.0074882941532057,0.002634162694195577
GO:0036302,10,-3.0043672382458966,0.0026613387883745302
GO:0003360,6,-3.0003421190633612,0.0026967651793148523
GO:0042754,9,-3.0002666924688235,0.002697433127491151
GO:0071223,7,2.9991170435912506,0.002707632694682214
GO:0042301,13,2.998865714651948,0.0027098671480470936
GO:1903747,7,2.9955236954756725,0.002739740139002121
GO:0075522,11,-2.994739550760268,0.0027467927346139713
GO:0003149,6,-2.99062277443034,0.002784091852867707
GO:0020037,142,2.989807194333997,0.0027915359074842812
GO:0004030,5,2.9887737793784446,0.00280099431737249
GO:0071374,7,-2.988216214433908,0.0028061096200176377
GO:1990379,5,2.9869159335309337,0.002818072030598547
GO:0035061,5,-2.9867015667023744,0.0028200486422809974
GO:0070776,7,-2.986344049869489,0.0028233480134430004
GO:0015986,24,2.986024234443103,0.002826302440824356
GO:0035925,29,-2.9844741873930314,0.002840661679972339
GO:0072678,9,-2.9831961177318047,0.0028525514600947037
GO:0003181,9,-2.9812254117559243,0.0028709738454939402
GO:0016773,20,2.9806968832868295,0.00287593302710432
GO:0098685,98,-2.9792437364527595,0.0028896082347306014
GO:0051965,48,-2.9748155977925093,0.0029316471969267647
GO:0048711,8,-2.9740233041991178,0.002939227516351399
GO:0033499,5,2.9732321843079204,0.002946814449132769
GO:1905665,10,-2.968491179899101,0.002992656907602612
GO:0004467,16,2.964866905668934,0.003028139065667494
GO:0140002,26,-2.9631937331948692,0.0030446487721003802
GO:0099122,7,-2.9614925750869596,0.003061518750928206
GO:0005840,234,-2.961491443182983,0.003061530004072878
GO:0042803,712,2.9607866913974163,0.0030685438219363497
GO:0004857,70,2.9595721483242152,0.003080665570476095
GO:0005229,19,2.958594873619519,0.0030904509474688055
GO:0032720,77,2.958501306879096,0.0030913893091956686
GO:0044027,13,-2.9582473725503085,0.003093937274158464
GO:0006468,537,-2.957739539712744,0.0030990385895219596
GO:0045954,23,-2.9554239323546816,0.0031223968312304633
GO:0019955,44,2.954032932719886,0.003136505326889338
GO:0090200,22,2.949834696350996,0.0031794399039559284
GO:0140517,11,-2.948078483900902,0.0031975587371146264
GO:0033116,82,2.942972159633193,0.0032507765079781903
GO:0075525,5,-2.941541621485955,0.0032658295105002276
GO:0042297,5,-2.9341102380959114,0.0033450537985820444
GO:1905064,12,-2.9318111382912138,0.00336991613484625
GO:0005815,105,-2.931806028972087,0.003369971573623142
GO:0097542,66,-2.9311841384613335,0.003376725615392371
GO:0051082,114,-2.930847501270907,0.0033803868030053146
GO:0006249,8,2.92696499017965,0.0034228740908164804
GO:1903698,5,-2.924606642029798,0.0034489188299449253
GO:0016493,26,-2.923685946089887,0.003459135523239293
GO:0042113,42,-2.9235365076511433,0.0034607963937658194
GO:0005955,6,-2.922228594244282,0.0034753636503271537
GO:0048027,24,-2.9192469537834023,0.0035087813531062594
GO:0008094,33,-2.917329590909506,0.0035304250136528816
GO:0051292,10,-2.9169003974032166,0.0035352864631372984
GO:0007062,20,-2.914946348118688,0.003557496945096012
GO:0030331,40,-2.913146090688414,0.003578071640146387
GO:0006569,9,2.912570276542143,0.0035846752886359023
GO:0016019,5,2.9107799815877455,0.0036052779298458887
GO:0072546,10,2.9107105140969036,0.0036060795251437643
GO:0036396,10,-2.909219889137424,0.003623319164540056
GO:1904930,13,2.909119786931467,0.0036244795657324256
GO:0048485,11,-2.9077288261882344,0.003640638825486018
GO:0007517,100,-2.9058052733622013,0.0036630933389755565
GO:0090571,5,-2.9044204323404963,0.003679337110170328
GO:0035591,92,-2.904219535530104,0.0036816990016451624
GO:0006739,11,2.9021641868260692,0.003705942519136644
GO:0045596,68,-2.9020365138007245,0.003707453241521355
GO:0007417,139,-2.9016363856353795,0.0037121914836858467
GO:0004180,42,2.9013996217652083,0.003714997788535537
GO:0051145,9,-2.9008791964960414,0.0037211730430470645
GO:0048188,17,-2.899824924580487,0.003733711414183145
GO:0031123,14,-2.899635326864111,0.0037359703544678972
GO:0031344,6,-2.897408388654587,0.00376259609980742
GO:0006012,8,2.8955551191174362,0.0037848855416228776
GO:0042832,17,2.8943019653017865,0.0038000252684285106
GO:0071986,6,2.893983787357717,0.0038038780215259448
GO:0033700,13,2.892921200965129,0.0038167704027532346
GO:0001886,6,-2.8923856400858443,0.003823283410701911
GO:0006417,168,-2.892073563139205,0.0038270832638633845
GO:0065003,129,-2.8908582777272227,0.0038419133171746396
GO:0005912,195,-2.890172110201047,0.003850309620708816
GO:0021549,32,-2.889561784273628,0.003857791892017643
GO:0090190,16,-2.8885824416305743,0.0038698257199499798
GO:0004623,38,2.887526901695323,0.003882834009303689
GO:1904669,10,2.8874668706609516,0.0038835750136284176
GO:0051452,15,2.886444251922639,0.0038962176478064578
GO:0110095,7,2.8861228532677696,0.0039001988131407046
GO:0007156,176,-2.8847803754432575,0.003916868068000259
GO:0032288,6,-2.8840687512220176,0.003925730367462782
GO:2001014,6,-2.883481676713983,0.003933055276612504
GO:0033176,10,2.882565493675544,0.003944511264753327
GO:0032486,14,-2.882296152063029,0.003947884881724595
GO:0046079,8,2.8734100301670984,0.004060667180402718
GO:0046050,8,2.8734100301670984,0.004060667180402718
GO:0006785,9,2.87296973889168,0.004066330641163288
GO:0002221,18,2.872357241416966,0.004074221112064539
GO:0019369,38,2.8720988234583475,0.004077554336055779
GO:0019904,220,-2.870801955896299,0.004094319489843366
GO:1990247,12,-2.8700917118927487,0.004103527602116813
GO:0099524,28,-2.8681109918804277,0.004129306448448508
GO:0030686,12,-2.8674854730351154,0.004137477984251102
GO:0045833,5,2.8666918705141207,0.004147866415878763
GO:0019788,5,2.8663345924665222,0.004152550985067589
GO:0019825,33,2.8647857730651656,0.004172914402558206
GO:0035098,16,-2.863134311967084,0.004194727085616671
GO:0006281,437,-2.862589413472144,0.004201946827798457
GO:0048593,10,-2.8617978035621174,0.004212455506318084
GO:0008009,50,2.8607463316523334,0.004226450733226311
GO:1902047,6,-2.860063926893482,0.004235556182037323
GO:0048246,14,2.8572483047210726,0.004273313985127868
GO:0071294,22,2.8558476211476025,0.004292210769406103
GO:0071621,5,2.8544015056767407,0.004311799949722152
GO:0043254,23,-2.854087875907294,0.004316059082265568
GO:0045824,36,2.853019394691335,0.004330597844019777
GO:0007215,17,-2.8504864883574306,0.004365240501756073
GO:0034062,7,-2.849796821477511,0.004374716515723449
GO:2000779,28,-2.849112978897074,0.004384130910880366
GO:0005819,243,-2.8486821258222133,0.004390071849923022
GO:0042289,6,-2.8449630659368084,0.00444165729145479
GO:0031297,46,-2.8448692805945948,0.0044429652181537625
GO:0008033,117,-2.8447039745703355,0.00444527141925475
GO:0000242,23,-2.8441242189267713,0.004453368225395708
GO:0007369,20,-2.839333232675325,0.004520791879398868
GO:0033177,5,2.834822668668356,0.0045851128976306535
GO:0021772,15,-2.8321877810218377,0.004623069010665907
GO:0048312,6,-2.827937905203798,0.00468488926905861
GO:0004699,8,-2.827425075050836,0.004692399469262415
GO:0010564,29,-2.826198522701633,0.004710406083661445
GO:0003684,67,-2.825361788553256,0.004722725770055932
GO:0030276,37,-2.824731254959359,0.004732028717443077
GO:0042273,37,-2.8236013309246113,0.004748741219690737
GO:0043923,17,-2.823511192511989,0.004750076738817339
GO:0060716,5,-2.8234969545594915,0.004750287723895236
GO:0002314,7,-2.823224163143822,0.0047543317214816146
GO:0032210,6,-2.8185120978247946,0.00482467928621973
GO:0051168,23,-2.811334123713279,0.0049336522613154365
GO:0061470,9,-2.810972394136954,0.004939202352006414
GO:0005838,12,2.810263538470619,0.004950094847309318
GO:0050767,41,-2.808334170559304,0.004979852234512627
GO:0030547,7,2.8074617453595208,0.004993361020856388
GO:0014732,5,-2.8053472297415003,0.00502624014386996
GO:0031386,14,2.8039922678320366,0.005047411551920573
GO:0060996,8,2.8019751705301035,0.005079078254039453
GO:0033630,14,2.799593413141122,0.005116700963133521
GO:0010557,36,-2.799380845227426,0.005120070940735893
GO:0017151,9,-2.7988818466633094,0.0051279897732931035
GO:0005111,5,-2.79727274586578,0.005153600772027601
GO:0006122,13,2.796150715445292,0.00517152773608714
GO:0003680,9,-2.7924637366607796,0.005230833038031306
GO:0006782,9,2.7858858396872326,0.005338166798314439
GO:0022617,43,2.7847864162736333,0.005356299217778273
GO:0090263,110,-2.782935202413932,0.0053869563689258335
GO:0043296,31,-2.7825175377106115,0.0053938950009229615
GO:0003691,9,-2.7823172640011786,0.005397224994384321
GO:0042500,9,2.781385173336911,0.005412747498961034
GO:0045259,24,2.7813210414095804,0.0054138169959356604
GO:0030574,39,2.7809622917216585,0.005419803209558594
GO:0006163,7,2.7802549667701415,0.00543162337245994
GO:0007097,17,-2.7801995644842865,0.0054325501865142255
GO:0045178,16,2.7789397542499628,0.005453663878249232
GO:0042100,21,-2.776935665103309,0.005487403934948033
GO:0046976,6,-2.7762427332462862,0.00549911362437287
GO:0050957,6,2.7698827594092426,0.0056076473508134385
GO:0045671,23,2.769096882165412,0.005621191741459799
GO:0034511,9,-2.7682560105516534,0.00563571662377836
GO:0005295,5,-2.7680831293770023,0.005638707097404931
GO:0000815,11,2.7670470345213802,0.005656659333521589
GO:0051469,11,2.7670470345213802,0.005656659333521589
GO:0005771,46,2.764214919621333,0.005705994273157216
GO:0035612,8,-2.763362496301645,0.0057209191304072714
GO:0007040,46,2.7626711263297636,0.0057330499941228375
GO:0106139,15,2.7623970429771942,0.005737865512268841
GO:0042307,37,-2.761179597330595,0.005759299586392022
GO:0045665,29,-2.7602676415630727,0.0057754025432950285
GO:0042733,21,-2.757023066571684,0.005833023659379805
GO:1903238,10,2.755079162395312,0.005867793644040309
GO:0042826,133,-2.7545977362075718,0.0058764335715535574
GO:0008186,9,-2.754327912911309,0.005881280975184867
GO:0031252,63,-2.7536897494990105,0.005892759992879812
GO:0002752,11,2.752713872527925,0.005910352715457454
GO:0039529,6,2.7525314461717683,0.00591364667209556
GO:0042405,12,-2.751934528993146,0.0059244363929750405
GO:0030020,42,-2.74941355956005,0.005970200740029686
GO:0002162,12,-2.749374418256887,0.005970913795010918
GO:0030593,44,2.7463518730642282,0.006026209196079977
GO:0045454,41,2.745837429807412,0.006035666393310653
GO:0050911,394,2.7456396885790184,0.00603930509809156
GO:0007283,524,-2.7453129744248903,0.006045321408456445
GO:0043138,19,-2.744966135788666,0.006051714210892297
GO:0050768,24,-2.744050380367222,0.006068622355041022
GO:0015288,6,2.743497021798121,0.006078859961701408
GO:0021510,25,-2.743089792422186,0.006086403987292935
GO:0071493,12,2.742778096900399,0.006092183920813496
GO:0046332,51,-2.7418876162887855,0.006108723817522078
GO:0005903,64,-2.7412870035407773,0.006119902500253671
GO:0001188,10,-2.73976867552337,0.0061482440204150305
GO:0004364,25,2.7389185827052076,0.006164163645423137
GO:0030449,9,2.7383492158095755,0.006174846883221103
GO:0061384,7,-2.737557536220328,0.006189729162921163
GO:0005344,15,2.737290531537546,0.006194755691953844
GO:0015671,15,2.737290531537546,0.006194755691953844
GO:1903660,5,2.7364640221645566,0.006210338550135744
GO:0140467,24,2.7360090517484545,0.0062189315328566785
GO:0022624,17,2.7348144043765106,0.006241545702980124
GO:0010745,14,2.734486092982874,0.00624777345361623
GO:0140999,5,-2.7334986143694913,0.006266538701729841
GO:0016605,108,-2.733251605134379,0.0062712405921436275
GO:0000422,23,2.730441891873084,0.006324948226569597
GO:0000900,21,-2.7278341962197232,0.0063751643149760956
GO:0032692,6,2.727515549079395,0.006381324999630374
GO:0006691,17,2.72626835159789,0.006405489714562369
GO:0046456,9,2.723835232608834,0.0064528690345114605
GO:0032454,14,-2.7221650291156028,0.006485574600817364
GO:0001517,7,-2.72043628931669,0.006519583382912265
GO:0140719,7,-2.720345700708734,0.006521369909948161
GO:0098803,11,2.719566929833817,0.006536746473546282
GO:0017121,20,2.7144072158558563,0.006639449622287801
GO:0035265,6,-2.7133605303856663,0.006660459860540134
GO:0002477,7,2.712615472829843,0.006675451884408478
GO:0002715,7,2.712615472829843,0.006675451884408478
GO:0060124,8,2.712038992956283,0.006687072603737503
GO:1900016,49,2.7102218036897328,0.00672382273252273
GO:0046903,5,-2.707488772504338,0.006779436385624774
GO:0035242,7,-2.7034660234263113,0.0068620463024036986
GO:0031957,10,2.703437850239784,0.006862628033572886
GO:0004402,23,-2.70260030188236,0.00687994231663056
GO:0010494,99,-2.702051621678252,0.006891306216925235
GO:0035195,635,2.701577892550661,0.006901131342245857
GO:0000407,31,2.7011794507723144,0.006909404751856281
GO:2000543,7,-2.699751890500125,0.006939120404302407
GO:0120103,10,-2.6989659753613457,0.006955528720727988
GO:0003184,18,-2.6979068842289453,0.006977695522526656
GO:0030073,20,2.6976658431785334,0.006982749372294391
GO:0004601,32,2.6967416220882923,0.007002157776935824
GO:0004984,393,2.695619732087819,0.007025782267196357
GO:1903749,35,2.6954755886963957,0.007028822787447294
GO:0031124,39,-2.6938232635244743,0.007063760972714184
GO:0032391,42,-2.693041578844391,0.007080343857718905
GO:0015078,36,2.6919971884660563,0.007102554404135198
GO:0015203,5,-2.6887674028101896,0.007171637078323988
GO:0001658,23,-2.685422157489519,0.007243824634466978
GO:0030163,81,2.6835878348781086,0.00728368396517093
GO:0034987,17,-2.681057600730494,0.007338988219895642
GO:0038094,9,2.6810123243761885,0.007339981263532794
GO:0043292,16,-2.68038318301004,0.0073537926658373215
GO:0050908,17,-2.678538356147227,0.007394426262425139
GO:0060337,46,2.6753230661991645,0.007465726888324822
GO:0120041,14,2.674845310692947,0.007476373802556111
GO:0030071,34,-2.674491603271599,0.007484265040951081
GO:0080135,23,-2.6716763096484972,0.007547341246004576
GO:0005930,210,-2.6687978512692303,0.0076123250373952905
GO:0030133,111,2.666106781070261,0.007673531562307683
GO:0000993,31,-2.6649239350486265,0.007700573844210482
GO:0016936,6,2.662480739689314,0.007756700852470635
GO:0031410,927,2.6622707093293965,0.007761542903999991
GO:0001164,9,-2.662157461796143,0.0077641548426270884
GO:0071277,69,-2.6598361234510945,0.00781786795869117
GO:0071837,12,-2.6544658085298,0.007943408925286383
GO:0044325,150,-2.652705196848872,0.007984957698330774
GO:0036120,24,-2.6518605439508494,0.008004959700676556
GO:0010001,8,-2.6509987669082222,0.008025413441908194
GO:0000421,65,2.6487151854393476,0.008079839294250601
GO:0001540,82,2.6478404900668453,0.008100773757623202
GO:2000171,7,-2.646244219400925,0.008139103188259715
GO:0051087,106,-2.6459433531852348,0.008146345700979002
GO:0031499,5,-2.6456082146603204,0.008154420014717886
GO:0034663,11,-2.64503448746785,0.0081682591464668
GO:0035748,5,-2.644857930760364,0.008172522178040612
GO:0019901,468,-2.644111157420828,0.008190575347200217
GO:0031080,10,-2.6429538476466656,0.008218623712888645
GO:0004427,5,2.6426785346700146,0.008225308795067951
GO:0106222,41,-2.6426497813560657,0.008226007256546892
GO:0030155,54,-2.6424830401551618,0.00823005869889021
GO:0043194,26,-2.642273279273478,0.008235157960323081
GO:0120146,6,2.6418026709063094,0.00824660868052276
GO:0030672,137,2.641020762164344,0.008265665383594654
GO:0005637,55,-2.6387735249436917,0.008320654664734176
GO:0042555,11,-2.638409916798606,0.008329582753149607
GO:2001171,15,2.6366169277368194,0.008373733519818075
GO:0007608,418,2.633993526775829,0.008438709675269598
GO:0046325,16,2.631644221959085,0.008497279354275345
GO:0070168,10,-2.631407820418155,0.008503193078946323
GO:0034097,46,2.6302466590216764,0.00853229368453215
GO:0030488,29,-2.629830449303801,0.008542746240666024
GO:0005874,368,-2.6272665491183744,0.00860738805923298
GO:0032930,18,2.6268498619175555,0.008617934907837625
GO:0043014,39,-2.6265077563549646,0.008626602640531462
GO:0015670,12,2.626281526370262,0.00863233877971036
GO:0061564,31,-2.626127949695844,0.008636234711742352
GO:0030298,5,-2.6258507386281367,0.008643270979219886
GO:0097433,5,-2.6230639698568705,0.00871429089968264
GO:0003203,17,-2.6202662910558168,0.008786112975205438
GO:0000056,7,-2.618463712961159,0.00883266852076903
GO:0042220,30,-2.616924721722034,0.008872590624886172
GO:0048268,20,-2.6162816889147065,0.008889318865171162
GO:0003151,45,-2.6119310667772475,0.00900324055769363
GO:0019882,39,2.611636916177974,0.009010989781915004
GO:0008467,7,-2.609314263557628,0.009072388179328561
GO:0008266,27,-2.6063207818230376,0.009152070452849152
GO:0005726,7,-2.606234250887132,0.009154383045820813
GO:0034067,19,-2.605614353997852,0.009170965433710598
GO:1990776,11,-2.603480362360774,0.009228255416456306
GO:0005246,52,-2.6034154629003576,0.009230002726418945
GO:0051924,20,-2.603381719786609,0.009230911320258658
GO:0031047,66,-2.6032238150167384,0.009235164250155694
GO:0043426,5,-2.602520482119971,0.009254128722887495
GO:1900407,10,2.6015700563987427,0.009279810947023683
GO:0016471,15,2.601133608364432,0.009291625857489114
GO:0033962,14,-2.600854866498677,0.009299178589062632
GO:2000036,15,-2.5983073207167475,0.009368460580561441
GO:0009966,102,-2.5974436800539427,0.009392052094088096
GO:0046596,7,2.594367143244928,0.009476523094760327
GO:0071949,43,2.5943545017441854,0.009476871579694594
GO:0043123,227,2.5939056359381576,0.009489252755742082
GO:0043306,7,2.5927365483017244,0.00952156773108389
GO:0035869,51,-2.5915690030432517,0.009553937978784205
GO:0003407,16,-2.590156180113661,0.009593239754358246
GO:0008379,6,2.5897161159434408,0.009605510826397493
GO:0098971,7,-2.589082807780842,0.009623195017608834
GO:0042573,24,2.588997906026451,0.009625567978321967
GO:0045211,234,-2.588161859936471,0.009648962915784808
GO:0051045,7,2.586395345744821,0.009698561763597976
GO:0045216,20,-2.584942982750326,0.009739510206858034
GO:0051011,12,-2.5818370814263747,0.009827596605246779
GO:0034138,14,2.581487093660523,0.009837566971395057
GO:0043691,17,2.579396392393434,0.00989731431351913
GO:0042474,6,-2.5768983225180135,0.009969127052258072
GO:0005811,105,2.5734498973564817,0.010069022440448671
GO:0045275,12,2.5729112899404982,0.010084705270409298
GO:0007098,46,-2.571323250946529,0.010131071473301891
GO:0099537,5,-2.5708299192980055,0.01014551394030403
GO:0038065,5,2.5704011856408875,0.010158080162187267
GO:0045727,75,-2.568888030486995,0.010202541710453789
GO:0004553,33,2.565994107812124,0.010288057579750645
GO:0016581,16,-2.5613722281159457,0.010425958392201968
GO:0035196,17,-2.56092839171764,0.010439287087606032
GO:0005516,209,-2.560588981382722,0.01044949002798863
GO:0000055,6,-2.5604602362930384,0.010453362526525166
GO:0006406,59,-2.5585388899893764,0.010511306230232616
GO:0004579,5,-2.557431992513071,0.010544817456191312
GO:0031640,63,2.556018491233126,0.010587749230417134
GO:0021756,8,-2.5549896376452144,0.010619095924810274
GO:0034599,103,2.5547296266929513,0.010627030886667778
GO:0005916,9,-2.5544610433304595,0.010635232995876124
GO:0005096,280,-2.554205186062116,0.010643051705846052
GO:0098556,7,-2.553300307638318,0.010670744794806336
GO:1901224,55,2.552480412779507,0.010695892340809083
GO:0004867,102,2.551496875118294,0.010726128598204437
GO:0004771,8,2.551402359205555,0.010729038237977061
GO:0090524,5,2.5511796266801015,0.010735897757559279
GO:0002683,5,-2.550679437413464,0.010751316356838774
GO:0005254,78,2.55065833020952,0.010751967430281024
GO:0035116,9,-2.549054917477706,0.010801528935587964
GO:0033146,8,-2.548380006504425,0.010822451102022155
GO:0004252,184,2.5467346403110374,0.010873608307754213
GO:0070106,10,2.544572600321017,0.010941156481755684
GO:0032511,11,2.543786958293914,0.010965794351156875
GO:0007035,24,2.5434249401829723,0.010977163884970971
GO:0002183,25,-2.5412895430111226,0.01104444149220926
GO:0016072,5,-2.5384605281856034,0.011134136191960907
GO:0005814,173,-2.538429037622622,0.011135138239657278
GO:0007169,121,-2.5379374956386864,0.011150789773332377
GO:0099104,9,-2.5375768867262942,0.011162284598193984
GO:0070492,10,2.536108882330752,0.011209187635207885
GO:0046427,38,-2.535235162255544,0.011237186180697117
GO:0006353,12,-2.5317188775534807,0.011350495199104658
GO:0005763,28,2.5310397281376154,0.011372496670220413
GO:0043586,5,-2.5308505057717605,0.011378633387322824
GO:0140459,6,2.530454205882369,0.01139149541308638
GO:0017022,27,-2.5287044763528774,0.0114484378008066
GO:0045650,8,2.5267433507187635,0.011512559915662107
GO:0032784,8,-2.5253027900855143,0.011559864181674238
GO:1903659,5,2.5245981399387913,0.011583065817062047
GO:0140345,5,-2.5242051340864333,0.011596024050498385
GO:0006878,14,2.524152507033794,0.011597760251832113
GO:0007220,8,2.5228736094098396,0.011640022900689401
GO:0031012,465,2.5223328430982965,0.011657934211876999
GO:0140331,7,-2.522319003717449,0.01165839292183345
GO:0045089,38,2.5221666724548117,0.011663443040262676
GO:0030159,33,-2.5193209521680253,0.011758142402082197
GO:0033290,17,-2.5185857039142707,0.011782720458657366
GO:0001222,51,-2.5169805265973664,0.011836537104420508
GO:0010629,314,-2.5161673409611565,0.011863883808989123
GO:0090090,137,-2.515459689350625,0.011887727075099738
GO:0031901,208,2.514786873080224,0.01191043601055528
GO:1990841,79,-2.5139189700323183,0.011939786332629456
GO:0060426,8,-2.510021548858304,0.012072379439486412
GO:0005523,15,2.5089801271804473,0.012108029602352629
GO:0035556,492,-2.5057972087275897,0.012217566966965918
GO:0071650,5,2.505055030735167,0.012243234267887941
GO:0008191,14,2.504742026868544,0.012254073432123307
GO:0021954,12,-2.5038574922435606,0.012284750390630558
GO:0071560,58,-2.5010654704981286,0.012382028586865402
GO:0016706,21,-2.4996762699620123,0.012430684119826958
GO:0005513,15,-2.4996141812530843,0.012432862670164559
GO:1902883,6,2.4991435654538443,0.01244938649663428
GO:0036021,5,2.4979094697832016,0.012492809326247854
GO:0008284,483,-2.4978734078339793,0.012494080214540362
GO:0006621,7,2.4975279213402235,0.012506261586776889
GO:0032741,7,2.497497725137572,0.012507326762381891
GO:0008406,10,-2.495685154616053,0.01257141278275708
GO:0006584,11,2.4955359944739297,0.012576699476718382
GO:0071910,6,-2.492750976366354,0.012675771205984846
GO:0043248,12,2.4923023978393637,0.01269179296604965
GO:0000245,34,-2.492193790865491,0.01269567474674165
GO:0043030,11,-2.491898502942817,0.012706234105539685
GO:0007196,9,-2.4916115013969744,0.012716504595921609
GO:0003730,276,-2.4912114407419623,0.012730833221085595
GO:0050651,10,-2.490834307290289,0.012744353765089698
GO:1990403,11,-2.4897545509807713,0.012783134220123461
GO:0045599,45,-2.4895902544640762,0.012789044227861313
GO:1905907,13,2.4888872503163566,0.012814359725497278
GO:1900015,9,2.488815229404171,0.012816955733613503
GO:0090063,9,-2.488788598242335,0.012817915776993644
GO:0004966,9,2.485220022556281,0.012947138571827157
GO:0045662,18,-2.4850936448653878,0.012951735927924302
GO:0019262,6,2.483977473996278,0.012992402632269466
GO:0097680,10,-2.483103269364853,0.013024332341600038
GO:0008593,19,-2.4821738253765235,0.013058355734010332
GO:0072075,7,-2.4816145225426625,0.013078867536216492
GO:0036151,14,2.480099899134002,0.013134557781480706
GO:0021987,61,-2.4796817365055217,0.013149969834562316
GO:0071074,5,-2.4795096503318916,0.013156316989131422
GO:0042167,15,2.4784892283244075,0.013194009495854675
GO:0043304,8,2.4784139537876055,0.013196793776168683
GO:0060325,18,-2.4741893204767593,0.013353891068604268
GO:0043525,55,2.474141874282218,0.013355664749995552
GO:0043405,11,2.4735424198520395,0.013378092100041117
GO:0010332,16,-2.4734023984157796,0.013383335506104134
GO:0042360,5,2.4733287401084416,0.013386094530011076
GO:0050661,39,2.472987447608684,0.013398884906786304
GO:0015908,28,2.4704137161172066,0.013495687157133528
GO:0071316,7,2.468690547807641,0.01356084321793791
GO:0000339,13,2.4684118831030912,0.013571406091886527
GO:0000027,12,-2.4677622372683747,0.013596059353612805
GO:0007034,24,2.467252516958546,0.013615430303931295
GO:0021766,40,-2.465222504803161,0.013692819164495306
GO:0032228,12,-2.4647408453183752,0.013711238091334848
GO:0043997,11,-2.464605271785532,0.013716426443679172
GO:1905806,8,-2.4634434217165864,0.01376096119631761
GO:0035279,121,2.4626131572494443,0.013792864159672994
GO:0032797,11,-2.4615941032995123,0.013832110637334596
GO:0043303,25,-2.4614772007636487,0.013836619163592174
GO:0006783,27,2.4596079714039116,0.013908885325198241
GO:0006518,10,2.458318471309778,0.01395893263896487
GO:0001181,5,-2.458287334304555,0.013960143073066544
GO:0030546,8,2.4579071494790017,0.01397493002506126
GO:0004620,34,2.457710571858366,0.013982581158715446
GO:2000822,5,2.456643855285603,0.014024164080241975
GO:0035666,12,2.454131377402346,0.014122537490488876
GO:1990111,5,2.4536784474905375,0.014140336119350012
GO:1904874,9,-2.453129472543633,0.014161935529820476
GO:0050919,38,-2.45110675916333,0.014241770610987733
GO:0140950,7,-2.450874788243009,0.014250951672146246
GO:0043066,476,-2.450569848670957,0.014263028666602003
GO:0060037,17,-2.4501591452718468,0.014279308659035927
GO:1904047,21,-2.449807590627121,0.014293257055909333
GO:0008543,43,-2.448800359187179,0.014333286871866106
GO:0004175,97,2.448548805728728,0.01434329963487943
GO:0045499,29,-2.4476190404583402,0.014380361314326547
GO:0032585,30,2.44689260431303,0.01440937677493966
GO:0034451,85,-2.4452812266361668,0.01447392311261654
GO:0030911,7,-2.445107313536492,0.01448090470406294
GO:0008484,10,2.4447765225253537,0.014494192220337331
GO:0008035,15,2.443789842752108,0.014533889960091728
GO:0042255,9,-2.4435422542825926,0.014543866384520317
GO:0045916,5,2.4430315616721097,0.014564463501389067
GO:0031663,31,2.442094607411947,0.014602319372530525
GO:0004791,7,2.441483769218262,0.014627045824644958
GO:0004672,528,-2.4389617125043994,0.014729528775530824
GO:0086011,10,2.438864552347079,0.014733489475378496
GO:0006264,11,-2.437047057801477,0.014807752210695208
GO:0071541,7,-2.4367429654019106,0.014820209570768272
GO:1902275,14,-2.43536397400067,0.014876816897646288
GO:0006487,58,-2.433751659839506,0.014943243598185172
GO:0034715,6,2.433228144301711,0.014964868356191407
GO:0060259,16,2.433212730532779,0.014965505467433264
GO:0031491,35,-2.432721462055821,0.014985824032950672
GO:0006515,21,-2.4326151018773996,0.014990226224113539
GO:0032184,5,-2.4324561314632014,0.014996808048702341
GO:0005938,190,-2.4306876997047464,0.015070197977606527
GO:0046579,21,-2.4299124286966625,0.015102471340935814
GO:0045743,8,-2.429180675674801,0.015132988941575316
GO:0071726,6,2.428596778738325,0.015157379179836776
GO:0048754,12,-2.4280689888260136,0.015179455525826953
GO:0031528,33,-2.427324058494575,0.01521066258279676
GO:0030220,17,2.427156504346172,0.015217689636638282
GO:0030628,5,-2.4268111383111486,0.015232182962569306
GO:0003690,134,-2.423483054822584,0.015372470417693842
GO:0005773,20,2.4220317382766536,0.015434002503528324
GO:0052651,7,2.419470737485013,0.01554311125371336
GO:0016479,6,-2.4185838968512865,0.015581052071653565
GO:0043996,11,-2.4144512494823833,0.015758931684749934
GO:0043995,11,-2.4144512494823833,0.015758931684749934
GO:0016301,682,-2.4143634110348153,0.01576273178168223
GO:0140367,19,2.4137077763119756,0.015791121544583977
GO:0016235,13,-2.4123926966148503,0.015848201660421304
GO:0048538,15,-2.412164302869625,0.0158581334032082
GO:0070509,15,2.4110090320063384,0.01590845447426153
GO:0031721,5,2.4106621705597076,0.01592359038226404
GO:0006606,81,-2.4092986914234666,0.015983210978062067
GO:0001917,67,-2.4088545044175746,0.016002676198731382
GO:0034115,10,2.407965665475156,0.01604168960309502
GO:0071364,45,-2.407414116703661,0.01606594050167095
GO:0006346,25,-2.40701174974655,0.01608365239100085
GO:2000121,6,2.4052768746691635,0.016160216981948115
GO:0043372,5,2.404874266188616,0.016178030881163128
GO:0001223,54,-2.40461877489192,0.01618934435161999
GO:0045953,16,2.404109178790467,0.016211930664240377
GO:0004181,34,2.403861379696604,0.016222923616465313
GO:0019673,5,2.4024805032697074,0.016284302595054447
GO:0045794,5,2.4022661364411486,0.016293849323953877
GO:0044183,68,-2.401691408384536,0.016319468847141184
GO:0048240,28,2.401587448890152,0.016324106804398848
GO:0043266,9,-2.4002666162987314,0.01638313417551699
GO:0030888,10,-2.3996030068041776,0.016412861274417625
GO:0002281,13,2.3989862061775935,0.01644053399901469
GO:0046835,24,2.3980285845892815,0.016483578851980603
GO:0008013,109,-2.3968523425048764,0.016536586091253726
GO:0034464,10,-2.395939606480033,0.016577821556296037
GO:0072656,5,2.391940800865559,0.016759545355790908
GO:0005668,5,-2.39179788964652,0.01676607212957493
GO:0001556,16,2.390985614277976,0.01680321125204039
GO:0045429,35,2.39066945464067,0.016817686320958168
GO:0090382,11,2.3898078465927957,0.0168571898043877
GO:0010008,330,2.388051912450437,0.016937949056806057
GO:0060538,5,-2.3876891920991397,0.016954673610842765
GO:0050727,90,2.387591277057245,0.01695919082690014
GO:0001935,19,-2.3868529538542615,0.01699328667816068
GO:1905606,27,-2.385498009830561,0.01705601466523531
GO:1900426,8,2.384918744061052,0.017082894076125933
GO:0005643,90,-2.383587316342523,0.017144816653668665
GO:0032466,6,2.383457272120536,0.017150875345751358
GO:0070182,21,-2.3816827898713795,0.017233735413424957
GO:0150094,8,2.3810772490390546,0.01726209160252127
GO:1903428,16,2.3798994981372874,0.017317360391352288
GO:0060998,9,-2.3782692766220115,0.017394118504201334
GO:0051881,26,2.3781619202571087,0.017399183775739496
GO:0032689,37,2.378069656293357,0.017403537993336153
GO:0000447,9,-2.377763284547123,0.017418003464592813
GO:0019076,18,2.3777077076219357,0.017420628681972125
GO:0050921,19,2.3770459026495674,0.01745191620536121
GO:0048468,31,-2.3769609849439757,0.017455934343239027
GO:0050656,10,-2.3742623824930256,0.017584050064479495
GO:0042834,15,2.3725550161283557,0.017665532062100617
GO:1901203,8,-2.3701176897115914,0.01778242386309189
GO:0008568,9,-2.3695076243778943,0.017811787843294645
GO:0005484,40,2.3673505820846232,0.01791595267722782
GO:0032981,40,2.366175360804723,0.017972929078129203
GO:0071345,51,2.36612466142065,0.017975390623795755
GO:0017134,24,-2.366042691239581,0.017979371047223715
GO:0034612,27,2.3645060825536106,0.01805413088045447
GO:0004331,5,2.3635729238862577,0.018099664123488218
GO:1900034,15,-2.362838362974638,0.018135577549722965
GO:0016559,11,2.3613583267368785,0.018208127596303546
GO:0070914,11,-2.3604429315171287,0.01825312653130763
GO:0043651,19,2.3591549083023122,0.018316607961320553
GO:0019888,47,-2.357007541006613,0.01842287273555069
GO:0004185,5,2.3567131853723713,0.018437481212228463
GO:0031333,31,-2.3562209927742495,0.01846193072337854
GO:0035023,31,-2.3561348751597038,0.018466211504052542
GO:0005589,5,-2.3559986292771744,0.01847298586199435
GO:0004864,53,-2.355471817616184,0.018499200228060064
GO:0048496,5,-2.3549625229391395,0.01852457388529814
GO:0070937,6,-2.3548536974790606,0.018529999644642584
GO:0016671,5,2.353854960991585,0.01857985907483734
GO:1903077,25,2.349797455544316,0.018783629122458137
GO:0061626,8,-2.3491589448121646,0.018815872842641853
GO:0043204,156,-2.3485300766572887,0.01884767693837151
GO:0005832,10,-2.3477343111802544,0.018887989006523234
GO:0045724,21,-2.347262939169605,0.01891190342128672
GO:0032376,8,2.346164838397961,0.018967716779274994
GO:0036258,33,2.344814822689761,0.019036531605808208
GO:0090161,11,-2.344543961910943,0.01905036454840758
GO:0140639,9,2.3445275945755175,0.01905120071471447
GO:0030247,14,2.3440770623324143,0.01907422988367468
GO:0006644,63,2.343863829859816,0.01908513784501672
GO:0044546,6,2.343014361567025,0.019128646766150673
GO:0050680,39,-2.3421829231258786,0.01917131615777691
GO:0010842,19,-2.3421071370492923,0.019175209630798933
GO:0015909,18,2.3409456329991336,0.019234967867417574
GO:0045664,21,-2.3391723562285596,0.01932651514937496
GO:0035627,9,2.3388817882662383,0.019341552277319183
GO:1990877,10,2.3366935805481774,0.01945512257450924
GO:0072558,5,2.3362768810497507,0.019476815634590968
GO:0015662,6,-2.3355780844652503,0.019513241890334713
GO:0032785,6,-2.3354150082130185,0.019521751146144333
GO:0000221,12,2.334890183650453,0.019549158295795236
GO:0000987,80,-2.3341521196483526,0.01958775800678624
GO:0016282,18,-2.3337514155268435,0.019608742139220744
GO:0004129,12,2.3319841120038887,0.019701526996858336
GO:0032693,22,2.3313718026322348,0.019733763044951405
GO:0033603,6,-2.3307510273991863,0.019766491802629373
GO:0060340,19,2.3283772653627204,0.019892079771903985
GO:0005697,22,-2.3260480830380605,0.02001598571835264
GO:0008207,7,2.325047211792462,0.020069435847110937
GO:0035241,5,-2.324450977674249,0.020101336068236133
GO:0140585,5,-2.3232362323124147,0.020166465342052294
GO:0097504,12,-2.322735423668394,0.02019337004749517
GO:1900223,7,2.322389945959093,0.020211948233196324
GO:0009812,9,2.3223704679277803,0.020212996115177063
GO:0048863,34,-2.3220391152003654,0.020230829541332353
GO:0072006,8,-2.3214775836242425,0.020261082554743348
GO:0050852,95,-2.3210255156044606,0.020285466793260945
GO:0046931,9,2.3197339829059946,0.02035527229248512
GO:0071396,36,2.319630839120876,0.020360856091613526
GO:0009791,8,-2.3192178806701267,0.02038322542514787
GO:0004128,7,2.3188267940461667,0.02040442975617983
GO:0002523,12,2.3186530849267912,0.020413854262686854
GO:0140827,5,2.316162126969969,0.020549418202327967
GO:0030955,13,2.3158659654666,0.020565588127680837
GO:0034454,11,-2.315323582922605,0.020595230080264246
GO:0008366,5,-2.315090292827174,0.020607991158793214
GO:0099572,12,-2.314524618063815,0.02063896246648541
GO:0035883,5,-2.3135539972225017,0.020692199579649285
GO:0098907,6,-2.312975715905909,0.02072397433179818
GO:1904358,6,-2.3123886413978743,0.02075627574630535
GO:0014842,5,-2.3118390625940304,0.020786553875508276
GO:0090158,6,2.310333880619752,0.02086967657310809
GO:0035469,5,-2.3102313113798383,0.02087535142176398
GO:0043034,16,-2.3102067788312293,0.020876708933447976
GO:0043048,9,2.309534247922721,0.020913953493891614
GO:0005049,12,-2.309173755984426,0.020933941258395903
GO:0018105,33,-2.308603131440405,0.020965614025685312
GO:0031201,44,2.308180503002846,0.020989099114083143
GO:0016567,526,-2.307777035606772,0.021011540825825015
GO:0006607,19,-2.305628572755196,0.02113139532229322
GO:0004464,5,2.3043719513992267,0.02120177311450857
GO:0007020,30,-2.30229089540273,0.021318772927417334
GO:0030279,23,-2.2996886746198264,0.021465864210939694
GO:0034125,6,2.299570847972447,0.021472545257089946
GO:0048025,27,-2.2979624420207427,0.021563926838375987
GO:0045744,24,-2.295693299083917,0.02169342386357644
GO:0051967,8,-2.295434507078055,0.021708235698461417
GO:0050544,7,2.2953643445856255,0.021712252931065153
GO:0090009,6,-2.293569641890313,0.021815230839706167
GO:0030893,7,-2.2927976673602126,0.021859656386115915
GO:0051963,36,-2.291912482668332,0.021910693812074698
GO:0017070,22,-2.291857026316434,0.02191389472815203
GO:1904018,5,-2.2900808294952966,0.0220166314514773
GO:0098885,12,2.286017439054658,0.022253238354863644
GO:0019941,9,2.2850069478715604,0.022312420366920868
GO:0062029,6,-2.284959215772469,0.02231521930171506
GO:0007520,17,-2.284295957670457,0.02235414331344285
GO:0015245,7,2.2841917496044157,0.022360264238225427
GO:0042752,68,-2.283556524074036,0.022397607343005735
GO:1902774,18,2.2832977280706515,0.022412836762628924
GO:0006269,7,-2.2827725280797755,0.02244377098597923
GO:0071944,113,-2.2822801425374,0.022472806145315178
GO:0048546,8,-2.2813961024756084,0.02252501846916292
GO:0044615,13,-2.2813414826546223,0.02252824782828273
GO:0045088,28,2.2809545969735936,0.022551133699330456
GO:0070996,5,2.2796483105054275,0.022628555253504587
GO:0089720,12,2.2791212849092393,0.02265985657399602
GO:0090084,10,-2.276588550402384,0.022810807242492907
GO:0042800,16,-2.276149431047673,0.02283706737841102
GO:0046600,7,-2.2759783824830935,0.02284730349919534
GO:0005801,64,-2.2758118335753013,0.02285727417522033
GO:0004931,7,2.275797205267182,0.02285815009926903
GO:0001614,7,2.275797205267182,0.02285815009926903
GO:0006661,51,-2.2753290850507493,0.022886195930658354
GO:0051256,11,2.2752389080367066,0.022891602012450763
GO:0017116,21,-2.2742210168850385,0.02295270121986795
GO:0051044,14,2.2737808019319705,0.022979169095315388
GO:0051148,6,-2.2732177256117723,0.023013062635121977
GO:0002755,16,2.272074534304068,0.02308200891723229
GO:0006526,5,2.271288004191628,0.023129548936559344
GO:0006006,47,2.269496789432186,0.023238132244148987
GO:0006525,8,2.2688265047933376,0.023278878497409543
GO:0036006,5,2.2687870578584404,0.023281278387379638
GO:0004143,11,-2.267000351058956,0.02339020427257884
GO:0071360,16,2.265322989699469,0.02349286626781697
GO:0009410,188,-2.2623918065889996,0.023673206704048013
GO:0000038,18,2.262355398674875,0.023675454224665094
GO:0008408,18,-2.2616585765636845,0.023718505897244422
GO:1904871,10,-2.2611517393813334,0.023749862405951932
GO:0009253,6,2.260465162687238,0.023792396213800106
GO:0005759,464,2.260070866691433,0.023816852928559198
GO:0061028,20,-2.2569407206262118,0.024011779135334404
GO:0010636,5,-2.255782136925864,0.024084278588384803
GO:0004090,9,2.255286571262336,0.024115346979598554
GO:0002327,6,-2.2549205701113535,0.0241383149140993
GO:0001652,6,-2.25377903634573,0.02421007227188491
GO:0007224,44,-2.2527057061442566,0.02427771092986852
GO:1905146,12,2.251836501116495,0.024332606093262307
GO:0055088,50,2.251585536523586,0.024348475914447044
GO:0004563,5,2.2513876169404052,0.024360997744859173
GO:0051373,5,2.2503872384071304,0.02442437439197216
GO:0001975,20,-2.250329933122893,0.024428009157502893
GO:0002199,8,-2.248997611370969,0.024512648041358463
GO:0030533,42,2.248786960310114,0.024526053385214918
GO:0046836,5,2.2484936647548595,0.024544728611648945
GO:0060290,7,-2.2481072874353725,0.02456934950881937
GO:0046761,15,2.2466511218669143,0.024662332287207354
GO:0045861,30,2.2460755402991697,0.02469916975771327
GO:0060336,8,2.2456363032267213,0.0247273131773021
GO:1903231,339,2.2456318350865847,0.024727599608965395
GO:0060766,16,-2.2454678555664156,0.024738113561006678
GO:0048255,43,-2.2454243398682867,0.02474090432755979
GO:1900152,9,-2.2435155977307257,0.024863585178714953
GO:0015866,9,-2.243435704245217,0.024868731650895867
GO:0072686,123,-2.242546724106635,0.024926059061570187
GO:0043596,24,-2.2411982100062278,0.025013238758638763
GO:0005105,6,-2.241059088671642,0.025022247778679667
GO:0002020,110,2.240104722908038,0.025084125002428723
GO:0035385,5,-2.2394545301506237,0.025126356705609455
GO:0061351,10,2.2369227675823358,0.02529138822969305
GO:0046966,28,-2.2366007304138873,0.02531244714651884
GO:0045116,21,2.235267649880092,0.025399782541892672
GO:0097264,8,-2.233405660987568,0.025522205212662533
GO:2000637,6,-2.2329705065609398,0.02555088937518282
GO:0070300,26,2.2315866196649234,0.02564229678851466
GO:0005068,18,-2.229661258539022,0.02576993968701916
GO:0033617,30,2.229267834854243,0.0257960894388422
GO:0044314,14,2.2290448767986386,0.025810919010741513
GO:0006811,649,2.2278936327335717,0.02588760888552436
GO:0019966,5,2.2272356209227633,0.025931530630017713
GO:0010594,9,2.227137433201449,0.025938090100665702
GO:0060231,8,-2.227106739002969,0.025940140933387527
GO:0045184,43,-2.226166632177777,0.02600302210880206
GO:0060055,5,2.2255921419038116,0.026041513027923287
GO:0007216,14,-2.2220622288184,0.026279100426188164
GO:0001709,9,-2.2200269129911776,0.026416940774167105
GO:1903896,8,2.218519867777328,0.02651940646601828
GO:0060379,9,-2.2182159939863144,0.0265401087281934
GO:0030424,426,-2.2181979615033023,0.026541337680831226
GO:0002027,37,-2.217068619993405,0.026618402752894066
GO:0006689,8,2.2131248269743757,0.026889040896803704
GO:0006457,191,-2.2119938837213797,0.026967087545267818
GO:0008121,6,2.211444441266329,0.02700507522598127
GO:0060612,22,-2.2098972984201994,0.02711229078427769
GO:0035019,13,-2.209212348153347,0.027159874409645707
GO:0003985,6,2.209030912733297,0.027172490830925714
GO:1905279,6,-2.208933066981958,0.027179296801182383
GO:0015631,74,-2.2069457793309124,0.027317847599802086
GO:0031175,130,-2.2053411120718676,0.02743016696736409
GO:0120035,5,2.2040482756336366,0.027520949186556093
GO:0071596,5,-2.2029764414908417,0.027596409139191546
GO:0009298,6,2.2012684831270586,0.027717022666242274
GO:0003148,23,-2.2008185399669493,0.027748872548137102
GO:0051294,5,-2.1995823000386583,0.027836544119036834
GO:0034237,25,-2.198675006947578,0.02790103932552065
GO:0005518,63,2.197015417268529,0.028019345145700682
GO:0060038,10,-2.195412652185304,0.02813401034904465
GO:0044020,5,-2.1946875907865624,0.028186015488650115
GO:0005149,14,2.1938326856077723,0.028247440097304344
GO:0050679,43,-2.193379775413554,0.02828002823643228
GO:0007009,15,-2.192724728355623,0.028327217986193854
GO:0006271,8,-2.1925050375180666,0.02834305975293342
GO:0000387,65,-2.1911822507916408,0.028438606496684376
GO:1905515,40,-2.190802017552578,0.02846612256828167
GO:0004065,13,2.1903989425645354,0.02849531665154108
GO:0006911,22,2.1902208308001305,0.02850822521849226
GO:0060272,7,-2.1899795973304284,0.028525716532254126
GO:0043517,19,-2.189428764182193,0.02856569090001553
GO:0034364,25,2.188718441224675,0.02861731077871468
GO:0072540,10,-2.1884395591545185,0.0286375993684183
GO:0030217,31,-2.1883490561534056,0.028644186097222153
GO:0048598,14,-2.188024489122681,0.028667818530712822
GO:0005536,11,2.187770485854798,0.02868632477274411
GO:0070831,6,-2.1862980831721703,0.028793804294241176
GO:0140694,18,-2.186194625224766,0.028801369331809417
GO:0031573,18,-2.1852718067531898,0.028868923277805467
GO:2000641,15,2.185153578233724,0.02887758792105721
GO:0010587,8,-2.185019771482557,0.028887396950816217
GO:0140358,5,-2.184112160577654,0.02895400732372479
GO:0031428,6,-2.1832974801311034,0.029013910008590604
GO:0019395,16,2.1829861054978146,0.029036833252523236
GO:0008139,24,-2.1828863442616186,0.029044180921088986
GO:0022843,11,-2.1819649530137517,0.029112119407099596
GO:0005975,179,2.181395537168511,0.029154173442757565
GO:0016264,8,2.1812912616082656,0.029161880343662162
GO:0048562,6,-2.18026426183959,0.02923787856785136
GO:0030425,485,-2.179565478573623,0.029289686068252867
GO:0051301,415,-2.179117739264658,0.029322922775924735
GO:0141091,13,-2.178809530170014,0.029345820690339787
GO:0015030,103,-2.178608072681629,0.029360795972956003
GO:0071468,22,2.1775461191903203,0.02943984468832935
GO:0046942,6,2.1753067437717406,0.029607137509527648
GO:0006024,22,-2.171924271298872,0.029861375413262427
GO:0045793,7,-2.171831679536625,0.02986836122959822
GO:0071340,5,-2.170321227940361,0.029982519574139905
GO:0016020,5863,-2.1694967832402927,0.03004498831435069
GO:1902533,44,2.1694814615955433,0.030046150303870645
GO:0098684,9,-2.16833582786707,0.03013314435450951
GO:0044194,13,-2.1679735403785783,0.03016069977767113
GO:0016236,80,2.1676147016593474,0.030188014232121866
GO:0008510,6,-2.167283392161931,0.030213252059483775
GO:0007567,8,2.167055132997334,0.030230650472903513
GO:1901847,12,2.165876746935972,0.030320606643935134
GO:0005869,8,2.1643434894523947,0.030437997371413464
GO:0031490,88,-2.1618417138063064,0.030630378956558534
GO:0006465,7,-2.16168575544558,0.03064240634575587
GO:0006915,670,2.161505162627823,0.030656338592451735
GO:0003162,6,-2.1609560335753333,0.030698735835028898
GO:1901222,7,2.159813590881161,0.030787103095251674
GO:0060428,6,-2.159749269308817,0.03079208481820275
GO:0070013,13,-2.159619413279659,0.03080214431146299
GO:0070449,5,2.159531430902894,0.030808961602450766
GO:0001848,7,2.159149274422819,0.030838587931141182
GO:0045180,5,-2.1588168748076977,0.030864376791020966
GO:0010887,11,2.157803337081927,0.030943125330850287
GO:0010314,20,2.1575645041574063,0.03096170695144811
GO:0008343,7,2.157488483276963,0.030967623518601186
GO:0032154,53,-2.1569023636447273,0.031013272740933778
GO:0042806,8,2.1565475142606942,0.03104093781806754
GO:0009299,5,-2.1564945674983087,0.031045067515210707
GO:1904357,11,-2.1554425809888875,0.03112721729291343
GO:0000149,67,2.1544221164676993,0.031207083698386418
GO:0006563,8,-2.1542313187327253,0.031222035932646924
GO:0000109,6,-2.154106830981594,0.03123179497010781
GO:0004674,426,-2.154070072325526,0.031234677112362205
GO:0015816,11,2.1538045053324923,0.03125550625037914
GO:0071932,5,-2.1534934318984833,0.03127991973745347
GO:0010756,8,2.1511807197446684,0.03146193821743759
GO:0031514,170,-2.1508399171920782,0.031488837221299075
GO:0070160,42,-2.1508173661720273,0.03149061783311932
GO:0030177,42,-2.1503733952016133,0.031525691043770614
GO:0030903,5,-2.149742012398702,0.03157562728328812
GO:0030515,21,-2.147666165621877,0.03174028503708879
GO:1902895,57,-2.147524451702062,0.03175155269197492
GO:0032509,11,2.147372649446354,0.03176362627369482
GO:1902894,27,-2.1462361749772314,0.031854140807105025
GO:0016070,13,-2.146079965912446,0.03186659935154949
GO:0000776,177,-2.14554185770339,0.03190954847021632
GO:0050891,9,2.145486291011591,0.03191398635241141
GO:0032452,21,-2.145434280672623,0.03191814068278537
GO:0019239,9,-2.1443411510526333,0.03200556183258689
GO:0032872,15,2.143997053729124,0.032033122857387956
GO:0051649,15,2.143130600581659,0.03210261292678163
GO:0046074,6,2.142952415328932,0.032116919497956656
GO:0099041,5,-2.1426321792514966,0.0321426451264801
GO:0101031,21,-2.1425223682778936,0.0321514706721038
GO:0042171,12,2.14135965042567,0.032245046184106986
GO:0031461,17,-2.1413191381678214,0.032248310812817045
GO:0060041,30,-2.140531320517401,0.03231185242340823
GO:1903490,7,2.138283698390343,0.03249372480816587
GO:0006636,14,2.1374590138407092,0.03256067592342038
GO:0007599,52,2.134730845769866,0.03278300188587657
GO:0032584,8,-2.134684888179621,0.03278675820239936
GO:0060255,50,-2.1345666170562962,0.032796426717513545
GO:0008344,18,-2.1342342953660003,0.03282360666445068
GO:2000104,7,2.1320330844413955,0.0330041268499979
GO:0034638,12,2.130980823116511,0.03309072207140234
GO:0006303,37,-2.1304717675164184,0.03313268424808481
GO:0097718,27,-2.1293042248439553,0.033229098492008516
GO:0090383,6,2.129221394891006,0.03323594759941524
GO:0016323,272,-2.1281804311137065,0.03332212666506094
GO:0016829,180,2.1280489539284937,0.03333302495529553
GO:0031072,64,-2.127905049748358,0.03334495682864917
GO:0030687,15,-2.127390035069373,0.033387689427030916
GO:0005789,1227,2.1272005892488104,0.033403420203157425
GO:0045779,15,2.1265235819219077,0.03345968784611882
GO:0010467,97,-2.1261281526758293,0.03349259038081132
GO:0051018,26,-2.1258355100320707,0.03351695815440703
GO:0007190,15,2.125492090079687,0.033545573393703315
GO:0061469,5,-2.123017614438352,0.033752375844843356
GO:1901612,12,2.121501494174146,0.03387962233439601
GO:1990948,13,-2.118779476294759,0.03410910801632451
GO:0008544,92,2.1178348171809573,0.03418905952659903
GO:0051135,5,-2.1160506925101865,0.034340496419379904
GO:0044539,10,2.1154999954593086,0.03438735531565848
GO:0160225,6,-2.1149359151954914,0.03443540962170005
GO:0001836,19,2.1147668584686983,0.03444982282637034
GO:0046320,5,-2.1145501247102736,0.03446830835272514
GO:0060218,10,-2.1134788090735737,0.034559806888464356
GO:0016298,25,2.1133010517441324,0.034575008773798876
GO:0071711,15,-2.1129491492782853,0.03460512047593753
GO:0006869,196,2.111566927725821,0.03472361173761265
GO:0035332,17,-2.1115145368673263,0.03472810976362033
GO:0061760,20,2.111271124640924,0.03474901448891416
GO:0043518,15,-2.110844905920155,0.03478564488336033
GO:0140948,7,-2.110201229924058,0.03484102664818183
GO:0060081,5,-2.10711874132023,0.03510728819444147
GO:0045730,15,2.1062031926301628,0.03518670596067951
GO:0048663,11,-2.10579443499139,0.035222212453622156
GO:0021517,8,-2.105506473784597,0.035247244391223675
GO:1902570,11,-2.1047104143364224,0.03531652339081195
GO:2000767,18,-2.1045722730653273,0.03532855729388562
GO:0019221,146,2.1037575518160003,0.03539960132079306
GO:0036295,8,2.1024276285096137,0.03551583309293551
GO:0050786,10,2.101907517015241,0.035561377946579514
GO:0005635,228,-2.101739701265964,0.035576083777206786
GO:0045879,28,-2.101334273902043,0.03561163311561771
GO:0006656,22,2.100424587661271,0.03569150798867394
GO:0006189,6,-2.100030745741496,0.03572613659640069
GO:0006171,13,2.099921751729295,0.035735724971841805
GO:0015616,6,-2.0993784407325684,0.03578355364516379
GO:1905039,12,-2.096223283661172,0.03606238841620421
GO:0005215,36,-2.0949403273486675,0.036176297388540564
GO:0004322,6,-2.094420922664719,0.03622250056462927
GO:0085029,10,-2.094378597728378,0.036226267756619704
GO:0071339,29,-2.0942366404057466,0.03623890531136283
GO:0097730,39,-2.0931283442236306,0.03633769910399549
GO:0004602,22,2.09238364158623,0.036404210938666276
GO:0009165,14,2.0922960154364145,0.0364120439352067
GO:0031091,18,2.09029683630094,0.036591143303465495
GO:0090257,6,-2.090148324856243,0.03660447781406101
GO:0098982,117,-2.090124539897353,0.03660661379691933
GO:0002757,5,2.0893262945498368,0.036678360979039044
GO:0002544,9,2.086631423353539,0.03692146453162133
GO:0046975,11,-2.085800276244217,0.036996718396582466
GO:0046930,13,2.0856288817589963,0.03701225305927185
GO:0051552,7,2.0854705399521363,0.0370266096035223
GO:0004176,7,-2.0854403437494846,0.03702934797289548
GO:0009168,7,-2.084474065264623,0.03711706689052312
GO:0140955,6,-2.0834948137651814,0.03720614393937179
GO:0006068,13,2.0821720015801333,0.037326761704699896
GO:0006995,11,2.0818255338426708,0.0373584085647195
GO:0048539,5,-2.081716272135994,0.03736839342112675
GO:0150012,8,2.08152537618404,0.03738584385566204
GO:0001736,5,-2.0811446272598366,0.03742067009613055
GO:0072384,13,2.0790253542378347,0.0376150201394624
GO:0030971,65,-2.0787251949879164,0.037642615857662286
GO:0035720,23,-2.0784888249987286,0.037664359109135
GO:0060100,12,2.0783947647501058,0.03767301451447854
GO:0009880,19,-2.0781416466799527,0.03769631479381262
GO:0034389,17,2.0775628714066845,0.03774963887115181
GO:0048745,11,-2.0766945027424923,0.03782976430364683
GO:0030297,14,2.075490682224036,0.03794108154606181
GO:0005885,11,2.075128695129762,0.03797460891449557
GO:0006729,7,2.074056375349711,0.038074075455017405
GO:0003689,9,-2.0730228996552293,0.038170148457136184
GO:0032940,8,2.0727407809499137,0.03819641029935789
GO:0001932,17,2.072737549089504,0.03819671123548888
GO:0000470,11,-2.071804365121196,0.03828368944899195
GO:0042759,19,2.069654422927105,0.03848471769050742
GO:0042058,11,2.067901890763314,0.03864924959633546
GO:0097136,8,2.0668373069822854,0.0387494868044921
GO:0042127,142,-2.0662239875480535,0.03880733487736904
GO:0071481,8,-2.0640974171504194,0.03900848081819736
GO:0000301,9,-2.063755255336224,0.039040927444399444
GO:0033619,13,2.063713147804538,0.03904492201402374
GO:0007017,45,2.0635658986917984,0.0390588936658371
GO:0019209,16,-2.0627367015934093,0.03913765088758828
GO:0016812,8,2.062430886221759,0.03916673128346177
GO:1902564,8,2.061809467909377,0.03922587931752659
GO:0006027,7,2.0611324006146896,0.039290410475228264
GO:0002862,29,2.060655370089167,0.0393359302735129
GO:0044327,7,2.0598339639006573,0.03941441644345802
GO:0090316,23,-2.059128006585071,0.0394819775537883
GO:0032025,7,2.0590790588343593,0.039486665564727255
GO:0032481,39,2.058869102266829,0.03950677968780791
GO:0060173,34,-2.058864722762046,0.03950719934287261
GO:0005642,5,-2.058636110261147,0.03952911081738903
GO:0008063,6,2.058446301422362,0.03954731097325609
GO:0055007,18,-2.0583560173663744,0.03955597051547533
GO:0001779,9,-2.0568311532588064,0.03970247028492992
GO:0001818,41,2.055901870578167,0.039791975789346616
GO:0070268,14,2.054243786993647,0.039952102364640356
GO:0034380,10,2.054055929332966,0.03997027882525667
GO:0060544,14,-2.0533469331246255,0.040038942074395074
GO:0071672,5,2.052919661499575,0.040080369803376
GO:0004112,7,-2.0520433436164622,0.040165450271829925
GO:0030534,16,-2.0507916611391175,0.04028723998310431
GO:0002931,49,2.050442295539371,0.04032128938971219
GO:0030321,8,2.050284982843385,0.040336629157266844
GO:0006096,39,2.048822966691151,0.04047942913199903
GO:0034993,11,-2.047811374624589,0.04057848537897837
GO:0008289,367,2.0476314171197236,0.04059612853474729
GO:0070555,36,2.046975982521368,0.040660442770937374
GO:0097367,12,2.0468200656695754,0.040675754754387804
GO:0030170,56,2.046672698801356,0.04069023157010155
GO:0062176,10,-2.0464259507268165,0.04071448103281754
GO:2000234,13,-2.046229311515289,0.04073381475629668
GO:1901981,28,2.0461071407699882,0.04074583059969795
GO:1903783,5,2.045452550304771,0.04081026263243302
GO:0005298,5,-2.0447379942095747,0.0408806957014173
GO:0055093,13,2.0446781473324656,0.04088659941959781
GO:0043278,11,-2.042246735262424,0.04112706272977258
GO:0032286,5,2.042201320071627,0.04113156560353208
GO:0006400,33,-2.0419053469834694,0.04116092129023367
GO:0002062,41,-2.041547716021611,0.04119641610672352
GO:0005163,5,2.0412366693431117,0.041227308519437164
GO:0042908,28,2.0409423391481223,0.041256558757891824
GO:0140036,12,-2.0407772817695764,0.0412729696854947
GO:0038158,5,2.0405578410526752,0.04129479627042838
GO:0008271,9,-2.040106783625659,0.04133969122265271
GO:0016579,105,-2.0391900872740756,0.041431059849910225
GO:0086001,6,-2.0381596156447137,0.04153397275830861
GO:0120293,20,-2.0377663144013227,0.041573308673934196
GO:0033192,5,-2.0374852498433302,0.041601438589767545
GO:0106435,8,2.0374329222918495,0.04160667749165721
GO:0006270,26,-2.0372760078780625,0.041622390714292704
GO:1990075,5,-2.0368064215528934,0.0416694445491632
GO:0060707,5,2.036270504481496,0.041723199924103914
GO:0032730,5,-2.0357703152148585,0.041773424561222385
GO:0046464,5,2.0347342088768237,0.04187762412712084
GO:0003735,193,-2.033372086615317,0.0420149452347784
GO:0140105,10,2.033136650240609,0.04203871911948741
GO:0070198,11,-2.033116872412811,0.0420407167623877
GO:0005521,17,-2.0330497575008084,0.04204749624657141
GO:2000643,8,-2.032998255244397,0.04205269927560778
GO:0030521,20,-2.0329600932164777,0.042056554955947345
GO:0006000,10,2.0325555591547104,0.04209744523745215
GO:0007155,634,-2.032110481459145,0.042142472528973136
GO:0033031,5,2.0320903513245963,0.042144510002391534
GO:0000791,62,-2.0313503162262814,0.042219470597478104
GO:0036094,32,-2.030693399760501,0.04228610631115352
GO:0043697,5,-2.0301967776723258,0.0423365412618626
GO:0051093,7,2.0299699194779093,0.04235959699768361
GO:0072542,19,-2.029454678456274,0.04241200071174942
GO:0034375,20,2.0292616256132696,0.042431649690145914
GO:0051122,8,2.028309371614606,0.04252868309216264
GO:0097193,39,2.0281803976674975,0.04254183978272232
GO:0140005,6,-2.0281793490081217,0.042541946771044566
GO:0001640,5,-2.027803014753417,0.04258035655711056
GO:0042581,15,2.0274797352318896,0.042613374833192365
GO:0160295,6,2.027363967746962,0.04262520405277409
GO:0005507,56,2.0264409759854387,0.0427196154926716
GO:0070564,5,2.0259451689059063,0.0427704038120301
GO:0004895,8,2.025428250348108,0.04282340904758834
GO:0006541,12,-2.025185976745151,0.04284827108109563
GO:0016790,11,2.0241315456505276,0.04295661860716432
GO:0075523,6,2.0240698274518776,0.042962967596842386
GO:0002090,6,2.023743674947414,0.04299653228173547
GO:0005883,12,-2.0235945565577467,0.04301188558822272
GO:0019538,5,2.0233370391584393,0.04303841062381402
GO:0030048,19,-2.0229288649443657,0.04308048207016059
GO:0032099,13,2.022607296959725,0.04311365128852404
GO:2001233,10,2.0225759513751442,0.0431168856891176
GO:0070365,10,2.0223990975663924,0.04313513822841814
GO:0035198,37,-2.0221304466963264,0.04316287735443571
GO:0004812,42,-2.021634146308425,0.0432141617247117
GO:0061733,28,-2.0193921288720924,0.04344647900018791
GO:0010459,13,2.0192612142224924,0.0434600768833045
GO:0043199,5,2.0190139747825,0.043485767032077134
GO:0003180,37,-2.0186749813342497,0.04352101200578659
GO:2000427,6,2.0185578501264394,0.043533195684831674
GO:0098878,11,2.018494638244698,0.0435397720148013
GO:0006892,16,-2.0184321869987296,0.04354627003510361
GO:0005496,31,2.0178792381604365,0.04360383982372427
GO:2000049,9,-2.0177898700069044,0.043613150343306636
GO:0140949,6,-2.017709853614834,0.0436214880058818
GO:0046621,5,2.0170846733254697,0.043686677798982505
GO:0140077,5,2.0165487562540725,0.043742625272915905
GO:0005664,8,-2.01641768481857,0.04375631778121735
GO:0033179,10,2.0163102735793657,0.04376754130176533
GO:0006625,9,-2.015259909632463,0.04387742318714339
GO:0046965,16,-2.0148167148879823,0.04392385701534667
GO:0010994,7,2.014086716883,0.044000429871732895
GO:0042277,29,2.013807791481372,0.044029717384927114
GO:1902254,8,-2.0137625338474834,0.044034471044070995
GO:0001890,20,2.0136994744905925,0.04404109523887181
GO:0005868,23,-2.013308513781665,0.044082183257681776
GO:0055119,13,2.0130565574912,0.04410867974887616
GO:0031396,15,-2.0129769599302683,0.044117053264839105
GO:0141005,11,-2.012640926707875,0.044152418128377044
GO:0070475,9,-2.0124636376396596,0.04417108605432512
GO:0031642,6,-2.0114477255291288,0.044278186599214654
GO:0001510,26,-2.0111986743823502,0.044304475752513194
GO:0043208,6,2.0106975747688622,0.0443574103641929
GO:0043401,6,2.0100452697599347,0.04442639779537307
GO:0031594,90,-2.0092212042114905,0.04451367994196713
GO:0005577,8,2.0085087244791637,0.044589259885813706
GO:0005502,7,-2.0082890459738314,0.044612585235779684
GO:0030057,30,-2.0073973689679616,0.044707368754487345
GO:0005432,6,2.0073055887224385,0.04471713444966651
GO:0014033,12,-2.0068961766203444,0.04476071905177147
GO:0042169,39,-2.0062452685251895,0.04483008625125051
GO:0042775,6,2.005870517702798,0.04487006451344583
GO:0060070,73,-2.0058678813511444,0.04487034586481589
GO:0030178,52,-2.005626978031376,0.044896061340285454
GO:0010801,5,2.005151586535688,0.044946843964602606
GO:0048147,22,-2.0046146708688317,0.045004257009525137
GO:0030141,104,2.00355263212107,0.04511800425418954
GO:0032446,21,2.0032387981635185,0.04515166308700466
GO:0034366,8,2.001334167599845,0.0453563899799402
GO:0036033,5,-2.000292605088352,0.04546867707712112
GO:0002228,6,-1.9999997726224497,0.045500288449031395
GO:0016668,5,1.99857767045988,0.04565406839464441
GO:0140042,17,1.9985167279055662,0.04566066823118429
GO:0003198,9,-1.9979762856007546,0.045719231168072874
GO:0017015,20,-1.997494111610836,0.04577153348853067
GO:0006123,22,1.996590760696492,0.04586965735169501
GO:0009451,17,-1.995919968104353,0.0459426348353098
GO:0071542,20,-1.9949212645825174,0.04605146788054221
GO:0040011,5,1.9942546060839412,0.046124237321883595
GO:0001530,39,1.9941387153346275,0.046136897309256145
GO:0106074,15,-1.994100659217632,0.04614105522454993
GO:0031982,192,1.9940709444104616,0.04614430200876585
GO:0071667,5,-1.9938973280363428,0.04616327602358658
GO:1905870,6,-1.9938354902880837,0.0461700356728884
GO:0006805,115,1.9927408559530368,0.04628983110685188
GO:0006635,45,1.9918747545850246,0.04638480152921132
GO:0004022,10,1.989428494649091,0.0466539270850892
GO:0072378,8,1.9893294956561034,0.04666484608009478
GO:0034136,6,1.9882256672113066,0.04678673748001795
GO:0042758,5,1.9870018617176965,0.046922190536428196
GO:0090128,18,-1.9865645068837299,0.046970677734353476
GO:0016272,7,1.986426995253842,0.04698593162293805
GO:0007163,47,-1.9864101175725184,0.04698780411729759
GO:0038154,7,-1.9854003243636766,0.047099949921090935
GO:0030666,73,1.9845041728450066,0.047199663367388435
GO:0051549,12,-1.9830479378699657,0.047362075119042155
GO:0000050,12,1.981064428650882,0.047584048764009214
GO:0072594,8,1.9809968410128003,0.04759162784959728
GO:0016504,13,1.9809696183950873,0.04759468080324343
GO:0008037,9,-1.9805861369217013,0.047637704862434974
GO:0097272,7,1.9795724572518563,0.047751590411419804
GO:1903401,8,-1.9770706071300235,0.04803364966016194
GO:0007389,23,-1.9769028440451404,0.048052613294620065
GO:0042554,21,1.9753576728990112,0.0482275726154538
GO:0006301,12,-1.9751369650543178,0.04825260693148523
GO:0000466,5,-1.9744971300517575,0.04832524345294723
GO:0034399,18,-1.9743418703928495,0.04834288296524902
GO:0060071,28,-1.974041546209921,0.04837701903907757
GO:0032732,12,1.9738223135951578,0.04840195069592209
GO:0034394,27,-1.9734718445528647,0.048441829288137894
GO:0160270,6,-1.9732878825068645,0.048462772698865175
GO:1901798,16,-1.972549648665105,0.04854689444585083
GO:0036498,11,-1.9715444992106743,0.04866162833716383
GO:0043325,28,1.968755930515029,0.048981125175234404
GO:0005548,17,-1.9686539901916111,0.048992838143370264
GO:0043023,16,-1.9684747519215007,0.04901343836528571
GO:0008637,9,1.9683624336388752,0.04902635104072086
GO:0010466,5,1.9667084686141156,0.0492168300171284
GO:1903765,6,1.9663082189113392,0.04926301800413302
GO:0043622,9,-1.965326481189546,0.04937646253724676
GO:0140468,9,1.9652998500277097,0.049379542947402905
GO:0043542,38,1.9648889288093012,0.04942709439352756
GO:0006779,10,1.9642899889765124,0.0494964719877855
GO:0002244,19,-1.9633716511797834,0.04960300536062097
GO:0048029,8,1.9632581728229888,0.0496161829558551
GO:0060075,10,1.9622182729311342,0.04973707740451499
GO:1903672,33,1.9610794053166396,0.04986976075211008
GO:0015459,47,-1.9608540867370343,0.049896046546972564
GO:0003688,17,-1.9601854526309372,0.04997411818180918
GO:0048680,7,1.9601562989466723,0.04997752457838863
GO:0048708,9,-1.959733937203939,0.05002689632811119
GO:1901300,5,-1.9592413574193122,0.050084527822900925
GO:0043009,9,-1.958775215377835,0.05013911736554132
GO:0005248,20,-1.9578472535841769,0.05024793875015193
GO:0090666,5,-1.9576693340098799,0.050268825845086615
GO:1990599,5,-1.9574549671813208,0.05029400137696789
GO:0043409,53,1.957300809663687,0.05031211237667953
GO:0098831,11,-1.955067385255173,0.05057511721248052
GO:0016071,17,-1.9549919330285104,0.050584022434607516
GO:0035575,7,-1.9545700014560674,0.05063384497518245
GO:0160072,10,-1.9542851163671244,0.05066750803262152
GO:0046833,5,-1.9539893701196178,0.05070247431685623
GO:1901838,11,-1.9530438800325676,0.050814395908747055
GO:0006690,12,1.9526033777630996,0.050866610616070854
GO:0000045,66,1.952469524829574,0.05088248570328987
GO:0000028,7,-1.9514597925829198,0.051002374692497195
GO:0016441,6,-1.950391976693506,0.05112941742337436
GO:0035259,14,-1.9500806162058693,0.051166511200305256
GO:0051926,8,1.948993797925131,0.05129616538942332
GO:0019784,6,1.9483698311658304,0.05137072697099089
GO:0008970,21,1.9478252796578246,0.05143587285822767
GO:0006104,5,-1.9476298208723688,0.051459272878480976
GO:0048286,16,-1.9475409686504348,0.05146991307310328
GO:0000995,12,-1.9471371953802759,0.051518288763552245
GO:0019787,22,1.9470162838355394,0.051532782462173396
GO:0050708,10,1.9453413666102473,0.05173390653364462
GO:0019828,7,-1.9448166279994976,0.05179705210900121
GO:0010744,21,1.9447738744537666,0.05180219979089685
GO:0050927,11,-1.9440344639223957,0.05189129523614802
GO:0008017,274,-1.9439952490908665,0.05189602401404764
GO:0030688,12,-1.9420861660898185,0.052126669946509316
GO:0097035,6,1.9417815505756617,0.052163551277029464
GO:0120186,10,1.9414000531580642,0.05220977186495088
GO:1900182,36,-1.9409242986793902,0.05226746021784636
GO:1905908,5,1.9401627096775653,0.05235991883949274
GO:0046578,8,-1.9393335677962846,0.05246073398461892
GO:0071962,5,-1.9381262248062552,0.05260782467789711
GO:0000049,81,-1.9367978163433572,0.052770062966123764
GO:0016442,449,1.936760979347104,0.052774567813909705
GO:1900425,5,1.9352322726207094,0.05296179912817362
GO:0031105,13,-1.935210275001805,0.05296449737482581
GO:0005940,13,-1.935210275001805,0.05296449737482581
GO:0043039,14,-1.9351330517221783,0.052973970557457055
GO:0043491,49,-1.935068519551568,0.0529818879742582
GO:0099604,6,1.934671425978351,0.0530306289327467
GO:0031748,6,1.9341821972216553,0.053090730463731556
GO:0010586,7,-1.933493052005028,0.05317548817542271
GO:0005537,23,1.9317998014928421,0.05338422060891782
GO:0034644,47,-1.9305179588930883,0.05354269220564239
GO:0005787,5,-1.929587279468657,0.053657996200320024
GO:2001238,34,1.929525240341443,0.053665689734335345
GO:0140003,8,-1.9293061359373946,0.053692868460772626
GO:0062111,7,-1.928208716540942,0.05382917044257496
GO:0031433,7,1.9280577355276824,0.05384794521112806
GO:0007601,194,-1.9276966901602886,0.05389286403784317
GO:0032008,38,1.927317020632196,0.053940133692371106
GO:0043524,104,-1.9271324052108687,0.053963131202663
GO:0002082,9,1.9266314030415146,0.0540255821977527
GO:0032006,22,1.9263858056641945,0.054056218463746405
GO:1900045,6,1.9258653083578285,0.05412119417715533
GO:0051964,6,1.9251477728480082,0.05421087378661512
GO:0042982,10,1.9246494709862858,0.05427322588736644
GO:0003186,5,-1.9245853868022813,0.054281249029385435
GO:0033044,20,-1.9244181092092876,0.05430219633080189
GO:0048701,10,-1.9241947040494953,0.054330182713584856
GO:0043117,11,1.922980373868144,0.054482514693245034
GO:0045600,44,-1.9215197229871785,0.05466621831118087
GO:1901991,5,-1.9212269731548577,0.05470309904571407
GO:0035329,22,-1.920457311524122,0.05480016031522192
GO:2000179,18,-1.9186714336177453,0.05502592894470403
GO:1903724,7,-1.9180325962472453,0.05510687811107984
GO:0015934,25,-1.917573827974647,0.05516507135827904
GO:0008023,22,-1.9172545618162664,0.05520559944238553
GO:0006909,74,1.916663105661775,0.055280745274661314
GO:1904395,8,-1.9165388142466386,0.05529654761354485
GO:0004571,7,-1.9160396468722187,0.05536004939289123
GO:0030097,48,-1.9155623222516247,0.055420829270403406
GO:0009881,13,-1.914424674951975,0.05556591522802836
GO:0160213,5,1.9135812229362552,0.05567368617303172
GO:0030855,89,1.9128531828462907,0.055766850490509695
GO:0098919,7,-1.911751786095646,0.05590803855779969
GO:0033634,7,-1.911057273434652,0.05599722111335008
GO:0097013,5,1.9104729039221502,0.05607235191245699
GO:0045277,22,1.90914547213042,0.056243328160272624
GO:0048011,10,1.909061070986305,0.05625421388153759
GO:0042590,5,1.9089366083174777,0.0562702697783755
GO:0071108,27,-1.9087428907736088,0.05629526726276667
GO:0034340,10,1.9084799799004062,0.05632920830403446
GO:0005095,13,-1.9083086561739868,0.05635133487334703
GO:0000413,25,-1.9074734274339173,0.056459308849650405
GO:0008097,10,-1.9065093231743147,0.05658415724182726
GO:0048278,21,1.9064830982931298,0.05658755648690266
GO:0031616,14,-1.9060707156331733,0.05664103150255137
GO:0006508,610,1.9046765402720127,0.05682213033354821
GO:0038156,7,1.9044745012565336,0.05684841446839413
GO:0006111,13,1.9040983533920384,0.056897376130551125
GO:0010944,13,1.9040540344153862,0.05690314726413942
GO:1904706,41,1.9035730860492894,0.05696580677968023
GO:0070915,5,1.9033273429701851,0.056997845138264516
GO:0006044,16,-1.9012988806041393,0.057262875618350785
GO:0005744,13,1.9010846629796962,0.05729092414236394
GO:0016531,5,1.9010407634655564,0.05729667352326912
GO:0097398,7,1.9007301721276957,0.05733736439961603
GO:0009113,5,-1.9004691185893992,0.057371583865589715
GO:0006418,40,-1.900206441718428,0.05740603326159605
GO:0003281,15,-1.8997191556544508,0.057469985127553094
GO:0008347,7,1.8993109506030557,0.05752360391785815
GO:2000146,13,1.8990903090303524,0.057552603072475374
GO:0005794,1122,-1.8990473728716417,0.05755824762964213
GO:0044788,8,-1.8988001460568273,0.057590757999979154
GO:0030175,78,-1.8985807934670702,0.05761961568501798
GO:0072659,139,-1.8983644715002417,0.05764808643857275
GO:0042789,43,-1.8976155128705696,0.05774674938411737
GO:0007254,45,-1.8974383231091583,0.05777011173301819
GO:0010757,7,1.8967744695802944,0.05785771023451859
GO:0031089,14,1.895137639896531,0.05807416915517895
GO:0030210,9,1.8950468451037548,0.058086195784245606
GO:0071546,10,-1.892184164665418,0.05846644747258892
GO:0005662,13,-1.8901821947232824,0.05873359715614767
GO:0070697,7,1.8889838492960993,0.05889399285441478
GO:0006895,16,-1.8885148908202822,0.058956860761121416
GO:0050253,8,1.8880665570247759,0.05901701583388303
GO:0004062,9,1.887297177009414,0.05912036593977383
GO:0045591,17,1.8870304656937662,0.0591562280699614
GO:0042802,1786,1.8865037208188091,0.05922710747894076
GO:0032682,13,1.8864150817078549,0.05923904178727021
GO:0043277,17,1.8862553135142996,0.05926055790649576
GO:0001708,28,-1.884246486433274,0.059531642218754253
GO:0032703,24,1.8829920887146587,0.059701440106652716
GO:0010804,35,1.8826006943158204,0.05975450222555148
GO:1902531,47,-1.882495472117833,0.05976877407877055
GO:0070294,13,-1.881562153764451,0.05989548887608374
GO:0070180,5,-1.8814976542619317,0.05990425407111127
GO:0002753,19,1.8800942051556229,0.06009524010877854
GO:0015827,7,1.8792304758395293,0.06021303005213842
GO:0007005,85,-1.8791421553410392,0.060225085422941964
GO:0048793,7,-1.8762108555743375,0.06062633203544739
GO:0006741,5,1.8759955723289186,0.06065588788265032
GO:0000289,21,-1.8753413286105718,0.060745781106495804
GO:0050732,5,1.875316744038482,0.06074916118266858
GO:1904036,7,-1.8753049694947799,0.060750780092744754
GO:0000836,6,-1.8743984431534413,0.060875527925425804
GO:0003008,43,1.8740065383158115,0.06092952393917973
GO:0032211,22,-1.8736426509007893,0.06097969527559784
GO:1900264,8,-1.8736327044053593,0.060981067138837566
GO:0045292,22,-1.873199717430554,0.061040811341740796
GO:0009142,8,1.8725310992152278,0.061133163538419744
GO:0006896,15,1.8688981794089004,0.06163698166820789
GO:0009629,6,-1.8676470863110408,0.06181127861246892
GO:0015370,16,-1.8665823583473524,0.061959933092034736
GO:1905461,10,1.8660603306297938,0.062032925225920126
GO:0003810,11,1.8660331554605338,0.06203672692116883
GO:0006310,110,-1.8655248088704344,0.062107878075466444
GO:0050793,38,-1.8652935531652286,0.06214026831063921
GO:0034458,7,-1.8639813935003102,0.062324317311188725
GO:0048565,19,-1.8631014267130965,0.06244799756023903
GO:0031489,17,1.8630201269347848,0.06245943456589946
GO:0098883,9,1.862397040692546,0.06254714597584933
GO:0042119,16,1.8622477868112635,0.06256817145553144
GO:0140804,5,1.8620974562773465,0.06258935451208014
GO:0043568,8,-1.8603004569760744,0.06284302894856944
GO:0120193,5,-1.859560782139399,0.06294769223781521
GO:0070139,5,-1.859525054334639,0.0629527513344949
GO:0016925,51,-1.8587349834127176,0.06306471217969221
GO:0031424,70,1.8579768789504847,0.06317229774762885
GO:0050777,13,1.857718544325627,0.06320899365872118
GO:1905382,9,-1.8576566938856984,0.06321778200198516
GO:0051276,34,-1.857447637496264,0.06324749434797022
GO:0097197,11,1.8564696843489343,0.06338664021319372
GO:0015917,5,-1.8560951850776959,0.06343999193654305
GO:0031393,5,-1.8559522738586565,0.06346036106001228
GO:0002161,14,-1.8558041916408756,0.06348147290564302
GO:0001508,46,-1.8557691679635493,0.06348646702391716
GO:0048873,5,-1.8557021792253379,0.06349602002850514
GO:0002177,23,-1.8550563164555736,0.06358818495612897
GO:0097001,9,1.8544609544653516,0.06367324126487225
GO:0046834,9,-1.8539283312286272,0.0637494140379894
GO:0003015,9,-1.8535554949629203,0.06380277975192468
GO:1903136,8,1.852956422375197,0.06388860494868105
GO:0014059,15,-1.8527037574860377,0.06392483116428584
GO:0004709,24,-1.8526372965046678,0.06393436292672189
GO:0004740,5,1.8514862982636784,0.06409962411990924
GO:0060402,11,1.8513868319445326,0.06411392211118061
GO:0097300,5,1.8485566182733726,0.0645218617640999
GO:1903898,12,-1.8483768875184567,0.0645478398649304
GO:0004540,27,1.8480277780341217,0.06459832446344653
GO:0090120,7,1.8472225010284953,0.0647148995644425
GO:0034274,6,1.8453056397552707,0.06499309055136687
GO:0032933,8,1.8449627231750114,0.06504296135812625
GO:0061640,21,-1.8448795863734895,0.06505505680483205
GO:0023024,7,-1.843900918736784,0.06519758119349764
GO:1990531,11,-1.8438709554034267,0.0652019488447148
GO:0061795,13,1.8435364717969585,0.06525072174497493
GO:0032467,40,-1.841837118150071,0.06549897883770706
GO:0051225,36,-1.8416656767263109,0.06552406775486531
GO:0006956,31,1.8410510696268525,0.06561407512494263
GO:0007018,83,-1.840639068464937,0.06567446850816631
GO:0043015,30,-1.8403416160648303,0.06571809918581437
GO:1902414,6,-1.8400219691829571,0.06576501200812547
GO:0061578,17,-1.83961053111489,0.06582543714869518
GO:0006809,16,1.83909678031206,0.06590095250774332
GO:0004016,11,1.838956728434242,0.06592155087591035
GO:0046933,17,1.83821525719185,0.0660306924466045
GO:0003006,9,1.8373104862428244,0.06616407273491574
GO:0045669,66,-1.8347651581382787,0.06654049316621688
GO:0050995,20,1.834332729231633,0.06660461863972214
GO:0036066,9,-1.833901697527788,0.066668587559418
GO:0070723,10,-1.8333423760107093,0.06675167123701957
GO:0046790,9,1.833289180805555,0.06675957748665298
GO:0002686,5,1.8323719227171718,0.066896028230096
GO:0046597,24,1.8313024935972695,0.06705540567132155
GO:1902635,5,-1.8307641715029797,0.06713575021738202
GO:0030957,10,-1.8305885095601455,0.0671619848944305
GO:0043032,21,1.8290471525147198,0.06739254480356109
GO:0034116,13,1.8275594807138802,0.06761569163276804
GO:0045335,81,1.826861824988201,0.06772054732668539
GO:0019388,5,1.826369651517521,0.06779460005471102
GO:0071404,23,1.8262983366087813,0.06780533566331559
GO:0002092,24,1.826295013098362,0.06780583601225491
GO:0042572,54,1.826193188146008,0.06782116706061078
GO:0090026,20,1.8260603113558587,0.06784117764804101
GO:0005791,40,-1.825788397446063,0.06788214167493094
GO:0001788,7,1.8255718237270693,0.0679147832149761
GO:0098884,9,-1.823968274162877,0.06815686871263325
GO:0072205,8,-1.8239192394148052,0.06816428258155495
GO:0043087,43,-1.8237536719816516,0.06818932065250066
GO:0045995,49,-1.8232459355998107,0.06826615065985644
GO:0009101,98,-1.8230766166338257,0.06829178760394228
GO:0034089,6,-1.8226380406950367,0.06835823012447456
GO:2000491,5,1.8220108593368223,0.06845333794787828
GO:2000278,8,-1.8208686404267485,0.06862682716599698
GO:0060285,12,-1.8196390679024301,0.06881398805071129
GO:0007029,29,-1.8195172160262358,0.06883255870333922
GO:0044770,6,-1.819474361401738,0.06883909087690988
GO:0032418,32,1.8194656860089338,0.06884041329727644
GO:0005503,5,-1.8192598183703157,0.06887180054448945
GO:0070064,19,-1.8188138833289074,0.06893982956786465
GO:0045198,9,-1.8188018287666499,0.06894166930157336
GO:0044291,26,-1.8185335674134282,0.06898262103993116
GO:0098985,5,1.8182237120322808,0.06902994723239363
GO:0050776,40,1.8169426458769244,0.06922589584470241
GO:0140312,8,-1.8163492345185164,0.06931681723533525
GO:0030991,23,-1.815601567743404,0.06943151296156445
GO:2001044,6,1.8146146890852273,0.06958314352723231
GO:0006261,38,-1.8145624017859971,0.06959118487217021
GO:0001894,13,-1.8141751497649492,0.06965076471639224
GO:0048568,25,-1.8140287407857438,0.06967330106836038
GO:0034141,5,1.8138649198515822,0.06969852469359761
GO:0016556,18,-1.8136584581583473,0.06973032442392399
GO:1990756,149,-1.8136079566464667,0.06973810460191666
GO:0005540,25,1.8127661907181527,0.06986789061143252
GO:0045806,12,1.812696785635637,0.06987860053795326
GO:0015718,14,1.8110896201710915,0.07012698001572977
GO:0035825,22,-1.8105416672949581,0.07021182885559951
GO:0008503,6,1.8104725522785372,0.0702225370863204
GO:0047617,16,1.8094738789847786,0.07037741465311954
GO:0006401,46,-1.8070630788486322,0.07075244454301798
GO:0050861,7,-1.805944292003322,0.07092704166959189
GO:0030295,41,-1.8057776069617972,0.07095308463834779
GO:0048741,12,-1.805569990883348,0.07098553366069844
GO:0097294,8,-1.805248443756421,0.07103581336755897
GO:0048864,5,-1.8047186018330668,0.0711187274250328
GO:0004950,24,-1.8032475539942687,0.07134934518455383
GO:0060840,7,1.8031360451566933,0.07136685150815009
GO:0055056,17,1.8020737868242145,0.0715337972623801
GO:0061041,5,1.801181549161844,0.07167426953614377
GO:0005372,5,1.8011458213570841,0.07167989915965137
GO:0004683,22,1.8003371615768444,0.0718074164586654
GO:0031122,42,-1.8000309694369148,0.07185574827825486
GO:0002237,7,1.7989689691907287,0.072023589448393
GO:0035145,21,-1.7985156638729733,0.07209532866806928
GO:0021828,6,-1.7978830656062346,0.07219554025078041
GO:1901990,11,-1.7969208163694028,0.07234819141772628
GO:0010605,6,1.796187072583023,0.07246476999893318
GO:1902991,5,1.795643739424071,0.07255119485204063
GO:0030194,15,1.7953940707322633,0.07259093648749274
GO:0140447,5,1.7952150057669531,0.07261945057125997
GO:0035252,8,-1.7949950416021192,0.07265448994085068
GO:0051491,27,-1.7949405011403246,0.07266318014856747
GO:0006082,7,-1.7938658109425543,0.07283458959566236
GO:0034058,14,1.793237957444855,0.07293488314291766
GO:0060414,6,1.792599395033921,0.07303700322662297
GO:0006221,10,-1.7921101737417162,0.07311531952703364
GO:0022614,5,-1.791999503338569,0.07313304556835402
GO:0000012,15,-1.7912062138528477,0.07326020943079133
GO:0002046,5,-1.7908562135862545,0.0733163717564715
GO:0010839,10,-1.7908216674208102,0.07332191706993707
GO:0071558,5,-1.790141657491058,0.07343114139535056
GO:0006337,18,-1.7896463448673265,0.07351078307173192
GO:0010667,36,1.789625494765672,0.07351413712353479
GO:1901331,7,-1.7892457919368105,0.07357523991898623
GO:0050803,5,1.7886053618863855,0.07367839373458127
GO:0035115,10,-1.7884467734175717,0.07370395577622385
GO:1900102,5,-1.7879622614007085,0.07378209664474022
GO:0044828,14,1.7870881023429934,0.07392325014134697
GO:0048499,5,1.787069066281713,0.07392632641452307
GO:0071353,13,-1.78671954372898,0.07398282870168321
GO:2000271,9,-1.785432982985863,0.07419111268137737
GO:0004521,41,-1.785319816250323,0.07420945638651354
GO:0043507,6,-1.7842172756692014,0.07438836619070331
GO:1904906,7,1.7824214501374769,0.0746805301259246
GO:0042564,8,-1.781521562738202,0.07482728550892356
GO:0009653,149,-1.7814849145254537,0.074833267158714
GO:0002024,8,-1.781465070164349,0.07483650627961017
GO:0034351,9,-1.7810654724447226,0.07490175549481069
GO:0019902,60,-1.780516041598243,0.07499154640365434
GO:0003100,5,-1.7802807833773462,0.0750300204203328
GO:1904507,10,-1.7795282884905161,0.07515319132030539
GO:0033180,8,1.7794030912187182,0.07517370004203236
GO:0038093,5,-1.779101765820272,0.07522307926717851
GO:0048763,5,-1.7789588546012325,0.07524650787467962
GO:0070434,6,-1.7786400678428704,0.07529879066735926
GO:2000394,7,1.7784053551847718,0.07533730379531897
GO:0086003,7,1.7783751589821197,0.07534225974529783
GO:0035014,6,-1.7778899170826037,0.0754219365519762
GO:0010898,8,1.7773693585600137,0.07550748881256561
GO:0032287,5,-1.7764936360728045,0.0756515899200554
GO:0005581,20,-1.7748713756882701,0.07591912761107013
GO:0030578,5,-1.774171328763416,0.07603481516364445
GO:0061002,5,1.7739212341300972,0.07607617986645715
GO:0010571,6,-1.7739108565281454,0.07607789667901002
GO:0035363,5,-1.7737783229110577,0.0760998250803575
GO:0006751,10,1.7737173776315283,0.07610991053583455
GO:1900153,13,-1.7737119240815917,0.07611081306305974
GO:0008276,20,-1.7733348142685799,0.0761732434742701
GO:0097150,12,-1.7732111137394593,0.0761937311537221
GO:0001533,60,1.7729409585699858,0.07623849074869567
GO:0007264,130,-1.7729022992124768,0.0762448976257361
GO:0000400,17,-1.772695519222426,0.07627917399050832
GO:0002476,13,1.7717175701322476,0.07644145157084589
GO:0002486,13,1.7717175701322476,0.07644145157084589
GO:1904894,9,-1.771291836050829,0.07651218435237604
GO:0007064,15,-1.770844564887414,0.07658655284902735
GO:0034260,15,-1.7700812609241707,0.07671360473668173
GO:0042327,18,1.7696268339431263,0.07678932563833785
GO:0070412,26,-1.7689333507584226,0.07690499776097126
GO:0099126,7,-1.7681084500804674,0.07704277506032163
GO:0012505,496,1.7675250718563742,0.0771403339661767
GO:0086015,5,-1.76720440683525,0.07719400195035211
GO:0019915,23,1.7654000652646178,0.07749655243767369
GO:0097053,7,1.7649680450046679,0.07756913638416972
GO:0160221,7,-1.7646962791808005,0.07761482426748868
GO:0071162,10,-1.7646473037255426,0.07762306010155255
GO:0070187,7,-1.7643943171542813,0.07766561428706298
GO:0010608,29,-1.7640331816852326,0.07772639282489531
GO:0042809,15,-1.763727271176092,0.07777790738737955
GO:0005658,5,-1.7634529873354683,0.07782411973684654
GO:0010989,19,1.7616213604155504,0.0781332924847334
GO:0006937,14,1.7614209987581413,0.07816717347975727
GO:0071498,10,-1.7611860220399715,0.07820692309103748
GO:0010565,5,-1.7603089405166037,0.07835543910839236
GO:1905167,6,1.757733692306741,0.07879283225116261
GO:0008327,29,-1.7572664741004513,0.07887239943900409
GO:1902255,8,-1.756297628512881,0.07903760200405277
GO:1901525,7,1.7552448677507497,0.079217432316119
GO:1905555,6,1.7549287807683525,0.07927149051439863
GO:0015057,5,1.7544495805359923,0.07935350206830127
GO:0052866,6,-1.753428479247819,0.07952848609528577
GO:0016010,16,-1.7525451744785403,0.07968010915950595
GO:0032051,7,-1.7524366209041213,0.07969875905047089
GO:0060267,7,-1.7516213234325195,0.07983894349094196
GO:0060816,9,-1.7506260544659202,0.08001034428937645
GO:0061649,9,-1.750333111685722,0.08006085051305634
GO:0098843,10,-1.749766318960569,0.08015864472030522
GO:0032133,6,1.749318957691575,0.08023590078492567
GO:0031293,11,1.7492961755945107,0.08023983670698537
GO:0030900,36,-1.749000320724221,0.08029096397056901
GO:0034657,7,1.748843272788543,0.08031811448531191
GO:0032814,11,-1.7480676188522146,0.08045231927818279
GO:0045236,14,1.7471781051715387,0.08060644840984461
GO:0051480,39,-1.746645446674714,0.08069885874226204
GO:0150078,16,1.7459933797143135,0.0808121022225915
GO:0035359,8,-1.7452815766115652,0.08093586726143522
GO:0060382,16,-1.745234330320897,0.08094408767181165
GO:1901731,11,1.7444542166689905,0.08107991813942506
GO:0003208,7,-1.744374234796059,0.08109385473524311
GO:0098944,6,-1.743546058362566,0.08123827628110253
GO:0030879,14,-1.7435266287048083,0.08124166702659293
GO:0036092,22,-1.7434372465543078,0.08125726693461209
GO:0007586,26,1.7434358618176031,0.08125750863247205
GO:0003857,6,1.743285136358995,0.08128382038652335
GO:0010997,9,1.742929648695252,0.08134590433734387
GO:0010759,26,1.7424328874523833,0.08143272539407183
GO:1904491,21,-1.7419513296903204,0.0815169610401895
GO:0044597,9,-1.7402665325116298,0.08181222779444185
GO:0005640,32,-1.739619575915043,0.08192583954908553
GO:0032479,13,1.7393203981995704,0.08197842126746091
GO:0008584,69,-1.7382703518151832,0.08216318791791719
GO:0061684,6,-1.7375122370299858,0.08229679595618351
GO:0035735,7,-1.7374895005914215,0.08230080568203764
GO:0097025,5,-1.736299855718001,0.08251082873919
GO:0045165,40,-1.736092476535,0.08254748444158536
GO:0005547,41,1.7350303478082674,0.08273543001922778
GO:0004843,112,-1.7349036171864993,0.08275787837066491
GO:0071480,22,-1.7349022593009271,0.08275811892562487
GO:1903298,7,1.7347718423527487,0.08278122546030389
GO:0003356,8,-1.7344632487187344,0.08283592115243146
GO:0001772,52,-1.7339956327122639,0.08291885806665929
GO:0005131,11,-1.7339030822939765,0.08293528088975359
GO:0051281,30,1.7333967541626507,0.08302517411584695
GO:1902806,10,-1.7332683850870076,0.08304797723356465
GO:0043408,39,-1.7322865114952104,0.0832225623611675
GO:0140346,5,-1.731976791342062,0.08327769477325797
GO:1903537,5,-1.7319053357325422,0.08329041858444959
GO:0035646,11,1.7316145942446013,0.08334220598468522
GO:0005604,100,-1.731176231563313,0.08342033724466986
GO:0017025,26,-1.7308516678289871,0.08347822384521698
GO:0032473,5,-1.730762045980228,0.08349421381437608
GO:0034618,8,-1.7307064925575164,0.0835041266775212
GO:0030061,8,1.7300850742451344,0.0836150765346774
GO:0015187,9,1.7295341742916321,0.08371353563379101
GO:0099562,9,-1.7286287147892005,0.08387556700189126
GO:1904761,9,-1.7278297799341138,0.08401874662445402
GO:0016226,29,1.727662128417033,0.08404881707952361
GO:0070761,7,-1.727524753716288,0.0840734634915819
GO:0071393,5,1.7272249933090051,0.08412726385333298
GO:0033615,8,1.7267237661008867,0.08421728529849527
GO:0004698,5,-1.7265104372138087,0.08425562325315965
GO:0001669,140,1.725427248582444,0.08445050421644201
GO:0180010,9,-1.7252998195596727,0.08447345445914599
GO:0006177,9,-1.7251400325886554,0.08450223956943931
GO:0031087,5,-1.7249384138043764,0.08453857187107326
GO:0039702,23,1.7237626425316317,0.08475070117281053
GO:0002682,51,-1.7237504357030276,0.08475290575026764
GO:0043687,39,1.723712102787307,0.08475982905244162
GO:0010042,5,1.7236164850282627,0.08477710055540748
GO:0042719,6,1.7235855250893817,0.08478269348098671
GO:0006942,8,1.723051748800448,0.08487916732500102
GO:0032968,55,-1.7229951476259773,0.08488940253238794
GO:0008889,5,1.7228304733235467,0.08491918631303676
GO:0019887,16,-1.7222630986780287,0.0850218691304871
GO:0017080,34,-1.721954353273515,0.0850777876949754
GO:0060307,20,1.721681336776434,0.0851272599758286
GO:0008307,44,1.721658633609806,0.08513137497771367
GO:0060174,7,-1.7213647283752966,0.08518466050729623
GO:0044804,5,1.7209726274760357,0.08525579106673506
GO:0051156,10,1.720484381197234,0.08534443036641459
GO:0060644,7,-1.7204588422957392,0.08534906890892384
GO:0031005,13,1.7203297167041502,0.08537252466483009
GO:0002142,6,-1.7197043102862624,0.08548620394173115
GO:0005774,22,1.7189907261778585,0.08561606057956386
GO:2000344,10,1.7189684914079328,0.08562010937930176
GO:0045199,5,-1.718650320166647,0.08567806314220755
GO:0036261,10,1.7185389893009642,0.08569834915034845
GO:0090103,15,-1.7184860389762984,0.08570799878660039
GO:0032967,23,-1.7182809650289697,0.08574537962958664
GO:0051451,5,-1.7179000362666907,0.08581485022371345
GO:0004029,16,1.717868602189828,0.08582058493802916
GO:0043169,19,-1.7177554285784788,0.08584123446911833
GO:0051923,13,1.717737056570003,0.08584458698407745
GO:0061630,383,-1.7176505956430435,0.0858603657515949
GO:2000623,10,-1.7158609173398653,0.08618750139852323
GO:0070498,24,1.715804221894451,0.08619788120074576
GO:0032435,36,-1.7156477188226495,0.08622653902445018
GO:0001782,10,-1.7156082690416483,0.08623376402591454
GO:0071872,11,1.7150411228975473,0.08633768765434222
GO:0070051,7,1.7149329372104378,0.08635752303941419
GO:0045505,36,-1.7148485350710145,0.08637300036797041
GO:0009247,14,1.714677829251285,0.08640431056996634
GO:0048311,7,-1.7139062663202727,0.08654594202845567
GO:0000062,13,-1.7118426326752751,0.08692567304995014
GO:0032496,109,1.7117604880813642,0.08694081633786142
GO:0097696,26,-1.7112779962327465,0.08702980630499237
GO:0015074,8,-1.7098889790927219,0.08728640479064372
GO:0032264,5,-1.7096111855624112,0.08733779584525728
GO:0006198,10,-1.7094689153949785,0.08736412489531177
GO:0009888,43,-1.7091703112231171,0.08741940652948046
GO:0006284,42,-1.7086346121663507,0.08751865310353801
GO:0015732,12,1.7083549750875595,0.08757049631703895
GO:0015132,12,1.7083549750875595,0.08757049631703895
GO:0032728,44,1.7082237077850173,0.08759484111360669
GO:0055118,5,1.7070030558149438,0.08782148441727464
GO:0010595,65,1.7067968598246948,0.08785981630176992
GO:0095500,26,1.7063884962023004,0.08793577102267466
GO:0000389,6,-1.7050600628358379,0.0881832230504029
GO:0034440,7,1.7049077979300007,0.08821162180673982
GO:0060338,5,-1.7044306538722365,0.08830066116803909
GO:1904646,47,1.7043377589805,0.08831800461163235
GO:0019430,13,1.7043084066444198,0.08832348525336776
GO:0022832,6,1.7042772968251247,0.08832929435007969
GO:0007179,82,-1.7041617670102434,0.08835086978027028
GO:0051639,13,-1.7030231563215092,0.08856373500474017
GO:0033106,13,1.701870862928555,0.08877957887691053
GO:0005227,16,1.7012893654388883,0.08888866393054501
GO:0048261,9,1.700692626023003,0.08900072052154465
GO:0045217,9,1.6998670600060803,0.08915593411040115
GO:0010637,8,-1.699748562086126,0.08917823063365711
GO:0022008,73,-1.6987563835574795,0.08936509486191695
GO:0032781,12,-1.698460493052828,0.08942088308604931
GO:0008173,27,-1.6973011265752271,0.08963974437066433
GO:0040029,63,-1.6967941270527365,0.08973558947629713
GO:0030658,56,1.695779423838278,0.08992766060487978
GO:0072189,5,-1.6950699690251623,0.09006214834485049
GO:0098656,33,-1.6933799912899945,0.09038316094065064
GO:0007288,27,-1.69287206060031,0.09047982249996103
GO:0019318,6,1.692535806664428,0.09054385892026472
GO:1905949,8,-1.6920938183290577,0.09062808692311652
GO:0019900,104,-1.6905073368500632,0.09093093580983914
GO:1902282,12,1.6888427797463406,0.09124956318703162
GO:0055038,107,-1.6882170462372688,0.09136957217264921
GO:0051055,9,1.6878031436942715,0.09144902394201607
GO:0006555,5,1.6875671300255988,0.0914943534319457
GO:0031334,45,1.687345262774317,0.09153698238534098
GO:0003824,362,1.68689026650914,0.09162445403158387
GO:0021860,6,-1.686241063328277,0.09174937765576366
GO:0051124,5,-1.6857092841780879,0.0918518077745096
GO:0048666,51,-1.685034718412164,0.0919818733129143
GO:0043515,5,-1.6849590002781316,0.09199648204039593
GO:0042599,9,1.6841813056845452,0.0921466349672923
GO:0030056,9,-1.6838883629043468,0.09220324573973156
GO:0010646,11,1.6838695067302683,0.09220689062508333
GO:0021762,45,1.683639770698996,0.09225130773569762
GO:0015705,7,-1.6834081016418345,0.09229611597812064
GO:0098664,9,-1.682343755517846,0.09250220103062959
GO:0099641,8,-1.6815014607316383,0.09266555295635213
GO:0048821,18,1.681224590972105,0.09271929873108342
GO:0031398,63,-1.680276198613113,0.0929035897381443
GO:0016589,7,-1.6799355383368637,0.09296985836032465
GO:0002819,9,1.6794409588776977,0.09306613639341943
GO:0036149,6,-1.6791961692318589,0.09311381832271931
GO:0007528,24,-1.678810848045843,0.09318891373760739
GO:1990869,15,-1.6787117135402736,0.09320824196331207
GO:0043425,28,-1.678349102478547,0.09327896754180012
GO:0031463,64,-1.6780589730809927,0.09333558691896984
GO:0016798,89,1.6778756582780945,0.09337137541146327
GO:0086002,24,-1.6771308138719423,0.0935169044263169
GO:0051259,26,1.6770044815962544,0.09354160548848678
GO:0002141,6,-1.6754780306809716,0.09384047800170056
GO:0010718,54,-1.6753837413261616,0.09385896453649226
GO:0014049,7,1.6752853231284681,0.09387826369459845
GO:0043279,10,-1.674906628198911,0.09395255295072771
GO:0048156,43,-1.6745064373801992,0.0940311103182265
GO:1902624,5,1.6743835700692231,0.09405523970856881
GO:0009052,6,1.6732928089010641,0.09426966741429288
GO:0071638,6,-1.673194963149725,0.09428892159794645
GO:0070649,5,-1.6728115466597908,0.09436440105689557
GO:0099010,9,-1.6725701191239521,0.09441195338314307
GO:0015937,10,1.6715969354922697,0.09460382948267315
GO:0032483,7,-1.6707860889333324,0.09476393722811524
GO:2000660,13,-1.6702714325756154,0.09486567258570724
GO:0070507,30,-1.6700760583024246,0.0949043163548189
GO:1903575,6,1.6697051313519624,0.09497771801124358
GO:0140683,6,-1.6688571348403565,0.09514569642344388
GO:0140268,19,-1.6687934963023325,0.09515831208359432
GO:0015165,8,1.6680279818677213,0.09531017216276534
GO:0090481,8,1.6680279818677213,0.09531017216276534
GO:0034393,8,-1.667378317268413,0.09543920255944649
GO:0010644,6,1.6672589875684838,0.09546291792452939
GO:0003179,6,-1.666508836808217,0.09561210960133341
GO:0097100,5,-1.6663805418030222,0.09563764388578663
GO:0043335,12,-1.664786964449779,0.09595526553478625
GO:0060155,27,1.6628989717631113,0.09633266026590938
GO:0005332,6,1.6628559287582225,0.09634127804727877
GO:0002687,15,1.6616920981436343,0.09657452631116537
GO:0099626,5,-1.6612357379176075,0.09666611061982676
GO:0044206,6,1.6612251662359037,0.0966682330128332
GO:0016012,6,-1.6609642442323325,0.09672062807577593
GO:0141198,19,-1.6608012078439276,0.09675337851430248
GO:0006784,10,1.6606572641794795,0.09678230101477106
GO:0060384,9,-1.6603996781647985,0.09683407485217992
GO:1904893,15,1.66017580513557,0.09687909049357034
GO:0030915,7,-1.660036240789249,0.09690716209398573
GO:0045815,43,-1.6598681418508938,0.09694098170140741
GO:0015254,6,-1.6590725597064426,0.09710117190391897
GO:0019005,65,1.6579606901894473,0.09732540097476289
GO:0045163,5,-1.6579487798797035,0.09732780514802308
GO:0046654,6,1.6570830294292134,0.09750268967643064
GO:0034382,5,1.65662685110359,0.09759494023279723
GO:0030252,5,1.6559122950083933,0.09773958136713987
GO:0006121,6,1.6551261144024305,0.09789891866384356
GO:0003197,7,-1.6546915129198594,0.09798708952618004
GO:0019886,25,1.6531095429303546,0.09830857151775825
GO:0140945,8,-1.6524925240581732,0.0984341878974523
GO:0098636,5,-1.6521251477038519,0.09850904142393355
GO:0043508,7,-1.6520946394917944,0.09851525956496365
GO:0090331,10,1.6518651034015324,0.09856205333974109
GO:0016079,22,1.6512730129399593,0.0986828402505694
GO:0007010,173,-1.6506273069273405,0.0988146994620132
GO:0017128,21,1.6499732585394282,0.0989484056148584
GO:0016651,10,1.6494902093982937,0.09904724732242283
GO:0001771,6,-1.6493858303238678,0.09906861576048148
GO:0051049,27,1.6485814008511401,0.09923342167536091
GO:0018027,5,-1.6484809116183496,0.09925402457338929
GO:0140006,5,-1.6465158823565593,0.09965759291880175
GO:0042117,10,1.6463573705004046,0.09969020429724519
GO:0007597,8,1.6463348335082066,0.0996948416281303
GO:0099159,8,-1.6462783409343538,0.0997064665955784
GO:0000164,14,-1.6460898619346915,0.0997452593774479
GO:0015464,15,1.6444661843785509,0.10007994374455595
GO:0160162,5,-1.6444079418757296,0.10009196573365103
GO:2000020,7,-1.6442134305996434,0.10013212366523674
GO:0061072,8,-1.6437079288240468,0.10023654738581797
GO:0000146,39,-1.6433686134317596,0.10030668994050826
GO:0016500,9,-1.6423437504398397,0.10051878503237918
GO:0047184,8,1.6421261367561655,0.10056386609420968
GO:0070419,7,-1.6420393040087053,0.10058185894756072
GO:0045630,6,1.6411667872113802,0.1007627980143978
GO:0032691,46,1.641146546390631,0.10076699855167116
GO:0019903,94,-1.6409431291557086,0.10080922107406298
GO:0010613,23,-1.6408543530080866,0.10082765241107985
GO:0003309,5,-1.6407637057902273,0.10084647498251936
GO:0030166,20,-1.6405115864316333,0.10089884139117161
GO:0140870,8,-1.6399511726628286,0.10101531964160432
GO:1903348,10,1.6398895740660528,0.10102812902938926
GO:0017081,7,-1.6395330191885962,0.10110229980776127
GO:0005280,5,1.6394417770141139,0.1011212870333072
GO:0036158,21,-1.6392323122211439,0.10116488678041693
GO:1903608,8,-1.6389907989073293,0.1012151759585201
GO:1903108,6,-1.6381661841703132,0.10138703167213949
GO:0031597,5,-1.6380126648237208,0.10141905186604139
GO:0016494,9,-1.637203936205449,0.1015878648718293
GO:0097178,7,1.6360604558836254,0.10182693527221286
GO:0030145,68,1.6354870664018704,0.10194698379062019
GO:2001224,15,-1.6349764594301217,0.10205398256340134
GO:0042098,12,-1.63351209815818,0.10236133836819908
GO:0030292,7,-1.6323161267547874,0.10261290767399887
GO:0120162,104,1.6317569345733474,0.10273070084041111
GO:0003094,16,-1.630438097058668,0.10300893836990183
GO:0009950,5,-1.62797315168621,0.1035305787940438
GO:0016616,64,1.6269746220963746,0.10374248778112974
GO:0097527,8,1.626505940085838,0.10384207075589995
GO:2000060,26,1.6263229332037463,0.10388097566532573
GO:0004663,5,-1.626293944862498,0.10388713927628944
GO:0010888,13,1.6262183697834385,0.10390320970231326
GO:0036297,37,-1.6261840430782943,0.10391050964934653
GO:0005104,21,-1.6246030038428314,0.10424717668564326
GO:0090170,11,1.624320638750737,0.10430739469310091
GO:0030277,15,1.6235681596551623,0.10446800551708457
GO:0010811,16,-1.6234268776615841,0.10449818295027659
GO:0015811,6,-1.6231631689649786,0.1045545288998281
GO:0097450,9,1.6224502725481815,0.10470697239247428
GO:0035774,37,1.6218220107581063,0.10484146413266542
GO:0034452,15,-1.6205768333127226,0.10510842398857535
GO:0000922,162,-1.6200865248697807,0.10521369161778478
GO:0034384,7,1.6195431330330257,0.10533045380771473
GO:0046488,35,-1.6195223633135487,0.10533491877379636
GO:1990859,10,-1.6178586424615418,0.10569306494848205
GO:0060633,10,-1.61768178865279,0.10573119267952727
GO:0061178,12,-1.6174595119200141,0.10577912856486793
GO:0097623,15,1.6171522803965503,0.10584541405915933
GO:0070883,9,-1.6170175155335922,0.1058745001001753
GO:0051013,11,-1.616828851557519,0.10591522973220921
GO:0016407,20,-1.6164804805074078,0.10599047030735957
GO:0035267,28,-1.6163261777387743,0.10602380989437372
GO:1903037,6,1.616150890119007,0.1060616936843868
GO:0009117,41,1.6147050870037458,0.10637457540499634
GO:0050728,148,1.6144809053521196,0.10642315531383462
GO:0120010,6,-1.6144222818453486,0.10643586186155496
GO:0018393,5,-1.6139678522203582,0.10653439952696914
GO:0072089,10,-1.6132351786041732,0.10669342336082398
GO:0031110,16,-1.6129000610739392,0.10676622193638784
GO:0042104,24,-1.6128164959332028,0.1067843811703729
GO:0051302,19,-1.6122792180517302,0.10690119352046326
GO:0004869,36,1.611673912734923,0.10703291733739217
GO:0089701,5,-1.6108595332062534,0.10721034180326473
GO:0042953,15,1.6104682132589612,0.10729567939913393
GO:0007398,6,1.6104432212908903,0.10730113138180201
GO:0004415,8,1.6100666010946434,0.10738331742196103
GO:0005891,30,-1.6085499351589743,0.10771478897401093
GO:0043083,29,1.6078646934785688,0.10786481591575933
GO:0042093,5,-1.6078226698016682,0.10787402196864758
GO:0043569,9,-1.6078031335382592,0.1078783019552723
GO:0016098,6,-1.6065946217382177,0.10814332309407
GO:0035269,17,-1.6063091038998962,0.10820601105177532
GO:0060091,8,1.6056884266210434,0.10834238543517206
GO:0050833,5,1.6054289068827599,0.10839944707580013
GO:0046475,15,1.605186975026792,0.10845266301487523
GO:0042730,18,1.6049319863117713,0.1085087733472145
GO:0000172,13,1.6038151270858074,0.1087548091922619
GO:0097250,11,1.6037483356542483,0.10876953682531862
GO:0071543,5,-1.602963688354332,0.10894267115310181
GO:1901907,5,-1.602963688354332,0.10894267115310181
GO:1901909,5,-1.602963688354332,0.10894267115310181
GO:1901911,5,-1.602963688354332,0.10894267115310181
GO:0000298,5,-1.602963688354332,0.10894267115310181
GO:0034431,5,-1.602963688354332,0.10894267115310181
GO:0060452,10,1.6026239500790647,0.10901770281506745
GO:0015193,7,1.6023011013187798,0.10908904227147685
GO:0045131,24,-1.6019696733541358,0.10916231586116942
GO:0009058,38,1.6008381415031887,0.10941277332660437
GO:0015936,5,-1.6006413810449434,0.1094563713493342
GO:0060287,10,-1.600249056075826,0.10954334339108054
GO:0034165,13,1.5996491432805109,0.10967643988900953
GO:0061702,12,1.5994926086448258,0.10971118964169806
GO:0016811,18,1.5990937470017976,0.10979977387789847
GO:0007416,68,-1.5990431574873716,0.1098110134752395
GO:0045862,21,-1.5989188903252456,0.10983862607750004
GO:0005790,21,-1.5968962445899844,0.11028883705797593
GO:0098574,15,1.5963161451836951,0.11041822723627319
GO:0034516,7,1.5937857721709388,0.11098402532771284
GO:1903829,24,-1.593487947427647,0.11105077001055631
GO:0160063,9,1.5927565271007935,0.1112148210748889
GO:0160064,9,1.5927565271007935,0.1112148210748889
GO:0004190,22,1.5922776818851554,0.11132232535938374
GO:0042416,6,1.5906783795203843,0.1116819750372878
GO:0086009,14,1.5904635683918131,0.11173035132686808
GO:0048143,15,1.5903128626619714,0.11176430070162263
GO:0055086,11,1.590282390184767,0.11177116620434693
GO:0007274,18,1.5889050777543918,0.11208182463458508
GO:0051775,10,1.5885261750385633,0.11216740701890873
GO:0120015,8,-1.5881474824397173,0.11225299342873454
GO:0000512,6,-1.587906083232442,0.11230757772047746
GO:0051291,10,-1.5877177004842693,0.11235018866506087
GO:0009584,15,-1.587630983872198,0.11236980767927428
GO:0047372,13,1.5871290323762957,0.11248342369859914
GO:0030203,6,1.5869928562199433,0.11251426259437028
GO:0002026,14,1.5869188602428235,0.11253102275917455
GO:0043124,104,1.5848962145622172,0.11298991674851049
GO:0006102,5,1.5846353245125415,0.11304921420616312
GO:0034046,8,-1.583571583957632,0.11329124467982621
GO:0019871,8,1.5829784119321768,0.11342638494770205
GO:0000783,9,-1.5824768986320117,0.11354074197530635
GO:0001937,38,1.5811446534006963,0.11384496681571223
GO:0097720,10,-1.5801382515377633,0.11407520900388925
GO:0008509,11,-1.578839949937891,0.11437277262967649
GO:0004534,6,1.5786759673561166,0.11441039995472695
GO:0007603,8,-1.5776963562769304,0.11463538379108326
GO:0023026,24,-1.577405290190113,0.11470229896099887
GO:0009268,7,1.5762719746328258,0.11496313745729005
GO:1902017,28,-1.5758232597567752,0.11506654038541247
GO:0042056,37,1.5758104529710626,0.11506949268512195
GO:0060395,21,-1.5753794787510835,0.1151688782802057
GO:0034727,18,1.5745166428098116,0.1153680570110141
GO:0051895,19,1.5742425241269815,0.11543139176896397
GO:0034374,14,1.574192076768138,0.11544305054246111
GO:0034709,12,1.5733840919471194,0.11562990826640912
GO:0030280,62,1.572854813023668,0.11575244021699438
GO:0048009,25,-1.5728177512901247,0.11576102410242714
GO:0031981,52,-1.5727127894397448,0.11578533708098064
GO:0061951,5,-1.571416036751406,0.11608604336187488
GO:0005114,11,-1.5713963414404495,0.11609061526943354
GO:0045177,101,-1.5712088481771707,0.11613414549959039
GO:0032839,27,-1.570273053822399,0.11635160027053312
GO:1903715,8,-1.5699286273721562,0.11643171669642123
GO:0000724,105,-1.5691769570576726,0.1166067118910465
GO:0030513,31,-1.5686179960119209,0.11673697662640331
GO:0031529,12,1.5685637032635322,0.11674963552851095
GO:0046839,13,-1.5682934672991578,0.11681265980906078
GO:0031415,5,-1.5680933509087422,0.1168593480584981
GO:0008654,56,1.5672321417016626,0.11706044013711707
GO:0004045,6,1.5671953991989909,0.11706902553931536
GO:0010556,6,1.5665757094405097,0.11721389925892543
GO:0001755,34,-1.5662453504356988,0.11729118949506191
GO:0050700,15,1.5661346938803216,0.11731708745928894
GO:0006693,31,1.5660775263828262,0.11733046864922574
GO:0038202,18,1.5647234671930814,0.11764776353094834
GO:0070508,7,1.5647068290171406,0.11765166651620387
GO:0060294,26,1.564624338268278,0.11767101870647739
GO:0030296,16,-1.564360849863357,0.11773284937377806
GO:0035253,9,-1.5634622490809489,0.11794390841193837
GO:0007154,86,1.5632009775734317,0.11800533027883688
GO:0007088,21,1.5621276618648887,0.11825791753491073
GO:0010632,6,1.5619117286266775,0.11830878508327498
GO:0005677,11,-1.5614715301105275,0.11841253611304804
GO:0010829,5,1.561197884590096,0.11847706798015135
GO:1903573,8,1.5611440321380299,0.11848977086606052
GO:1990834,5,1.5610192455662968,0.11851921002010544
GO:0097107,8,1.5604661212517952,0.11864976997949857
GO:0045859,8,-1.5603248898171629,0.11868312443984227
GO:0005665,17,1.55987748834984,0.11878883524664113
GO:0008146,54,-1.559122102000533,0.11896748339416782
GO:0000408,5,-1.5586254826473884,0.11908504808654097
GO:0016051,11,-1.5585085403202839,0.11911274508271842
GO:1990481,11,-1.5581712894498496,0.11919264893656814
GO:0098815,10,1.5578546716350354,0.11926770248550289
GO:0004300,8,1.557584999985297,0.11933165675028318
GO:0035520,9,-1.5562185730614964,0.11965612630146776
GO:0006511,247,1.5555771164138659,0.11980868374776858
GO:0071455,5,1.555231341195205,0.11989098253764985
GO:0042382,13,-1.554975614815205,0.11995187706344893
GO:0050905,12,-1.5539641528486485,0.12019296758058019
GO:0010792,7,1.553443645427975,0.12031718270104835
GO:0045807,19,1.5525020330451735,0.12054214663290015
GO:0000353,122,1.5524390976429618,0.12055719448191064
GO:0001518,14,-1.5516853153884091,0.12073753803742575
GO:0016763,6,1.5516705399865143,0.1207410751835261
GO:0048790,7,-1.5509373606078656,0.12091669597842888
GO:0098882,7,-1.5509373606078656,0.12091669597842888
GO:0097487,6,1.5506594672226763,0.12098331288016655
GO:0051683,8,-1.5504669356798313,0.12102948358617577
GO:0070925,6,-1.5500071622137488,0.12113979695343044
GO:0030018,134,-1.549489500959095,0.12126409344805318
GO:1903232,19,1.548157601016178,0.12158435668883144
GO:0008574,19,-1.547534349163917,0.12173444829012248
GO:0000405,8,-1.5473598441179217,0.12177649857027559
GO:0140947,5,-1.547228312929004,0.12180820099498517
GO:0022857,243,1.546969243179489,0.1218706623886994
GO:0004535,13,-1.5469538800411768,0.1218743672085523
GO:0160258,5,-1.5467638514671265,0.1219201998679721
GO:0043113,20,-1.5463882659789787,0.12201082630890178
GO:0031571,14,-1.5463041921742804,0.12203112000616334
GO:2000330,8,-1.5458345446238935,0.12214453186201459
GO:0016787,1853,1.5456679316474056,0.12218478583958661
GO:0007144,5,-1.545406194886253,0.12224804282194997
GO:0010510,6,1.5451474898972382,0.12231059222950708
GO:0016561,5,-1.5451203724481746,0.12231715010447287
GO:0019237,5,-1.5429052485530652,0.12285376718382247
GO:0005828,27,1.5426836636869785,0.12290754746838017
GO:0000340,12,1.542662763112009,0.12291262114128841
GO:0016266,39,-1.5426385075513014,0.12291850945143662
GO:0006750,11,1.5419832476690063,0.12307766454758118
GO:0090148,41,1.5410495513183227,0.12330472665282154
GO:0031390,7,-1.5409122213274284,0.12333815099106919
GO:0071492,11,1.5402006359252824,0.12351145495382167
GO:0036477,18,-1.5397320363403875,0.12362568440348329
GO:0001741,16,-1.539511969720985,0.12367935799003667
GO:0048535,8,-1.5392814060569566,0.1237356112836804
GO:0002230,31,1.5388500072506663,0.12384091829489535
GO:0032036,7,1.5386475061285345,0.12389037413782922
GO:0090114,5,1.5383320895438077,0.1239674374623542
GO:0014029,9,-1.53800285836552,0.12404791589556727
GO:0140296,12,-1.5376809260036126,0.12412664959601676
GO:1990782,43,-1.5376304517065111,0.12413899742648665
GO:0140978,5,1.5373317110105325,0.12421209978089258
GO:0045906,9,1.5368310872447264,0.12433467855782836
GO:0090555,5,-1.5363670602820172,0.12444838078203702
GO:0071420,6,-1.5361456807740375,0.12450265478207354
GO:0048545,26,-1.5361179262317994,0.12450946046303964
GO:0070292,9,1.5361120458751483,0.12451090242035465
GO:0120020,25,1.5357722948764996,0.12459423690717251
GO:0090119,6,-1.535689067267788,0.12461465769541763
GO:0001756,15,-1.5352930877979267,0.12471185126937777
GO:0051791,5,1.5349022202868643,0.12480784807426065
GO:0031018,11,-1.5348768900419991,0.1248140711532901
GO:0030517,17,-1.5347238001261452,0.12485168709842118
GO:0017046,39,1.533590586720723,0.12513040555895616
GO:0072537,7,-1.5331517972458852,0.12523845779679355
GO:0099509,14,-1.532894091466055,0.12530195193075427
GO:1903706,18,-1.5323494885677758,0.12543621496130142
GO:0002191,6,-1.53206877446824,0.12550546425546577
GO:0010324,6,1.5314164694593124,0.12566649627090837
GO:0045930,23,-1.5314040809260594,0.1256695561372598
GO:0023041,8,-1.531344199430624,0.1256843471951574
GO:0045039,12,1.5308078359188808,0.12581689241940547
GO:0000014,8,-1.5306662885443891,0.1258518895170896
GO:0070370,6,-1.5306010881981529,0.1258680126276763
GO:0043473,14,-1.5305665421393087,0.12587655602474923
GO:0008519,10,1.53036653678904,0.12592602713425885
GO:0071045,12,1.530046721916209,0.12600516447194215
GO:0035336,7,1.5298302149541743,0.1260587605285974
GO:0045602,8,1.5285760633118317,0.12636957378046063
GO:0035022,25,-1.528484664106606,0.12639224832465892
GO:1990380,19,-1.5284518439226336,0.12640039121126279
GO:0044877,351,-1.528413723017845,0.1264098497516157
GO:0046676,25,-1.5278294166031727,0.1265548965486003
GO:0140807,12,-1.5274635471192628,0.12664578504459748
GO:0072357,8,-1.5253277403152898,0.12717737201583562
GO:0071363,63,-1.5237587547400955,0.12756898626046514
GO:0070552,7,1.5236097972078788,0.12760621432905664
GO:0042796,10,-1.5233934437582546,0.127660301307751
GO:0007166,369,-1.5222964328930502,0.1279348214744015
GO:0045616,12,-1.5215822116440727,0.128113797491085
GO:0005859,15,1.5210172407015943,0.128255510866821
GO:1900076,9,-1.5207991278193205,0.12831025337568053
GO:0046887,8,-1.520582364111646,0.12836467525862671
GO:0005782,50,1.520432065690531,0.12840242053524314
GO:0045047,15,-1.5198619698383071,0.12854567029747554
GO:0034728,6,-1.5192835962932592,0.1286911269142602
GO:0050681,26,-1.5188949758040424,0.12878893387887824
GO:1990935,6,-1.5185334455329924,0.12887997470121776
GO:0061003,18,-1.5179422205931632,0.1290289651439768
GO:0008375,24,-1.517723299488148,0.12908416784700963
GO:0004978,5,-1.516323761811755,0.12943750608774218
GO:0004977,5,-1.516323761811755,0.12943750608774218
GO:0010917,13,1.515775479966432,0.12957613420163633
GO:0033162,24,1.5154234468811578,0.1296652033441886
GO:0006108,9,1.5140614438747562,0.13001025637010988
GO:0071453,5,1.5133940818214493,0.13017958739199206
GO:0044344,30,-1.5131457807280941,0.13024263296236038
GO:0036449,7,-1.513071322482359,0.13026154310473145
GO:0045787,37,-1.511628140067091,0.1306284888004033
GO:0031098,10,1.511165266124558,0.1307463495001419
GO:0005520,14,-1.5106008667218072,0.13089017302208963
GO:0014032,14,-1.5105368057311628,0.13090650516545274
GO:0060545,9,1.5100667695993228,0.13102638771170594
GO:0000902,55,-1.510043234432398,0.1310323925850303
GO:0035721,22,-1.5093469075349433,0.13121015329144123
GO:1903944,6,-1.5092707144062205,0.1312296154771526
GO:0061514,10,1.5086893128020327,0.13137819793441743
GO:0031638,26,1.5081600158013002,0.1315135779684782
GO:1903076,22,1.5077796044864182,0.13161094379147445
GO:0097356,5,-1.5076061774503577,0.131655350772692
GO:0008233,536,1.5073584372610207,0.1317188062027429
GO:0014012,5,1.507356082817039,0.1317194093766571
GO:0006936,79,1.5073222413526801,0.13172807929852917
GO:0001916,29,1.506794418566407,0.13186336067134163
GO:0044857,5,1.5067844379408817,0.13186591974981682
GO:0004645,5,1.5067844379408817,0.13186591974981682
GO:0016926,9,-1.50663134972245,0.1319051770985751
GO:0000064,5,-1.5065700711123227,0.1319208936854219
GO:0097512,7,-1.5065187465068928,0.1319340584103011
GO:0090168,5,-1.5062127930647244,0.13201255637340364
GO:1903438,7,-1.5054618794140755,0.13220537043276578
GO:0048665,10,-1.5048995883287797,0.1323498941756094
GO:0046598,12,1.5048377035852964,0.13236580767083708
GO:0004032,12,-1.5040304614612507,0.13257352359155086
GO:0043011,10,1.5039647896253774,0.13259043307092888
GO:1902495,16,-1.503916548166558,0.1326028555625813
GO:0008569,17,-1.50364019772953,0.13267403498129376
GO:0016972,6,-1.5024867423133736,0.13297144931977456
GO:0032591,17,1.5022449238064899,0.13303386675053508
GO:0070166,7,1.50081166420568,0.1334042809050902
GO:0034244,17,-1.4999969824860364,0.13361518418179205
GO:0036016,6,1.4986707580111471,0.13395906638123428
GO:0005683,7,1.4980034173590515,0.13413236258564076
GO:1904262,49,-1.4978379914093503,0.13417534749424162
GO:0012507,57,1.4977486434895853,0.13419856842817035
GO:0006289,47,-1.4970564304111236,0.13437857535245462
GO:0046426,24,1.4964863626491325,0.13452695906809992
GO:0007423,27,-1.495963169132125,0.1346632532695816
GO:1990145,8,-1.4954431687471046,0.1347988213873968
GO:0006089,7,-1.4948328160806001,0.13495807958831693
GO:0008286,61,-1.4938336294198535,0.13521910934657286
GO:0140912,9,1.4935554492608647,0.13529185112734624
GO:0030289,6,-1.4935175484406191,0.13530176421396528
GO:0071953,19,1.49338476176454,0.13533649944144754
GO:0000184,37,-1.4933522757376283,0.13534499840258343
GO:0006801,15,1.49331136981955,0.1353557007535073
GO:0097361,5,1.4927076828655104,0.1355137214031941
GO:1903441,10,-1.4917366119916808,0.13576820711268456
GO:0070536,27,-1.4914572096506988,0.1358414975986434
GO:0019896,14,-1.4910836182388165,0.1359395427057469
GO:0008201,168,1.4906745793569711,0.13604695327951272
GO:0030151,6,1.4906147911508913,0.13606265870582238
GO:0045254,8,1.4906130536826814,0.13606311513246655
GO:1903146,6,1.4904190996482132,0.13611407359073924
GO:1901750,7,1.4901524046695527,0.13618416767796465
GO:0036374,7,1.4901524046695527,0.13618416767796465
GO:0004115,23,-1.4900165826992737,0.13621987578444394
GO:0001968,29,1.4899370066885307,0.13624079997428115
GO:0032357,6,-1.4893101811330363,0.13640570797097049
GO:0005080,50,-1.4892895692519315,0.13641113324955692
GO:0015949,8,1.4889747690409472,0.13649401289748656
GO:1904354,5,-1.488920535560969,0.1365082952476605
GO:0070087,6,-1.4882338778683057,0.136689225846364
GO:0071514,10,-1.4880732116675361,0.13673158722593007
GO:0032147,12,1.4879317471017108,0.1367688942725626
GO:0000774,15,-1.4878650928926254,0.13678647504782093
GO:0071314,7,1.4868912147831452,0.13704354492936235
GO:0030902,10,-1.4867089108571652,0.13709170819722089
GO:0097352,48,1.486069527590229,0.13726073144711187
GO:0005964,5,1.485633577523065,0.13737606852472756
GO:0005583,7,-1.485502189461157,0.13741084384434765
GO:0031672,16,-1.4852599130757416,0.1374749864860253
GO:0019730,10,1.4849656375994689,0.1375529269300365
GO:0007212,7,-1.4833884552755228,0.13797123292669797
GO:0001945,6,-1.483276359800456,0.1380010005726225
GO:0007186,987,1.4823911061521986,0.1382362590842042
GO:2001235,20,1.482299361183293,0.13826065821729255
GO:1904399,6,1.4820369802834936,0.13833045547154538
GO:0015278,9,-1.481598057596401,0.1384472761812037
GO:0006398,10,1.4815043559138976,0.13847222503307693
GO:0005539,24,-1.4814965431752034,0.13847430539613123
GO:0097381,25,-1.4814346970308025,0.13849077453428826
GO:0034235,9,1.4811719590070214,0.13856075641100116
GO:1990459,11,1.4809890188161852,0.13860949973356892
GO:0051058,14,-1.4808979207263584,0.13863377720220552
GO:1990498,20,-1.480709198783846,0.1386840816644594
GO:0042392,7,-1.4802782464023752,0.13879900616841442
GO:0047961,5,1.480095767785292,0.13884769087075924
GO:0051575,8,-1.4797382332159976,0.13894311806037432
GO:0019960,5,-1.4796313063234143,0.1389716670199437
GO:0048469,10,1.4781188687177915,0.1393759644963831
GO:0034315,16,1.4774297193331292,0.13956048457781128
GO:0042773,6,-1.4773403842192148,0.1395844178582108
GO:0043220,12,1.4771377667001855,0.1396387117138892
GO:0006900,15,1.4762298649123775,0.13988219476906855
GO:0040001,6,1.4761010047022525,0.1399167792352536
GO:0070212,7,-1.4752052843568526,0.14015736119849612
GO:2000035,9,-1.4748337424900004,0.14025724713761742
GO:1904970,6,1.4748290099348436,0.14025851979878043
GO:0031508,6,-1.4748290099348436,0.14025851979878043
GO:0016410,13,1.4743593962850545,0.14038485073745574
GO:1900226,16,-1.473734347286233,0.14055313113499962
GO:0043531,37,-1.4735786051295472,0.140595085343162
GO:0048814,18,-1.473364438507009,0.14065279380464082
GO:0000979,21,-1.472712771085405,0.14082850147402076
GO:2000353,29,-1.4720408458393064,0.14100984787679033
GO:0032782,5,-1.4708065385477374,0.14134344367480497
GO:2000401,5,-1.4687343258716674,0.14190486325134286
GO:0070742,13,-1.468642248296935,0.14192984929538852
GO:0045010,9,-1.4684955259729795,0.1419696706456837
GO:0008652,27,-1.4683737789967042,0.14200272004562006
GO:0007611,52,1.4677514669003988,0.14217174501688867
GO:0034765,7,1.467595841288569,0.14221403832486665
GO:1903980,8,1.4673946058291385,0.14226874103185624
GO:0045717,22,1.4673193355706924,0.14228920622383073
GO:0000480,6,-1.467131810829498,0.14234020206060216
GO:1901701,18,1.466942375266038,0.14239173177732883
GO:0098691,17,1.4664135143106412,0.14253566682168878
GO:0021680,6,-1.466185968566553,0.1425976301341285
GO:0046629,8,-1.4655585971789191,0.14276857764944229
GO:1902396,5,-1.4643040780814491,0.1431108834185631
GO:2000601,8,1.4638355736764057,0.1432388800484243
GO:0072126,6,-1.463609363781289,0.14330071261697033
GO:0005829,5056,-1.4632427875021337,0.14340095662986443
GO:0015501,5,-1.4621961376006194,0.143687469758339
GO:0005314,5,-1.4621961376006194,0.143687469758339
GO:0005003,14,-1.462085343140456,0.1437178246491087
GO:0034392,14,-1.4620426358133598,0.143729526693877
GO:0005777,123,1.4619872836913566,0.1437446945699101
GO:0031418,20,1.4616451169837354,0.14383848411766317
GO:0035108,14,-1.4605051720378943,0.14415128713878506
GO:0034112,7,-1.4604393412600642,0.14416936714174156
GO:0022603,8,-1.460163556375967,0.1442451285961758
GO:0140678,30,1.4598046599757928,0.1443437674879073
GO:0006222,5,-1.459195002000794,0.14451144404858973
GO:0140684,7,-1.4585067842903414,0.14470090651394385
GO:0016641,5,1.4583732624913182,0.1447376863495809
GO:0004720,5,1.4583732624913182,0.1447376863495809
GO:2001234,23,-1.45834281694681,0.14474607386401553
GO:0008273,5,1.457551522981842,0.14496419994251908
GO:0005247,10,1.4574775027534734,0.14498461704246124
GO:0016192,358,1.456680200591755,0.14520467765455194
GO:0006446,37,-1.456445803486399,0.14526942142385257
GO:0005686,42,-1.455941134838884,0.14540889302713134
GO:2000059,20,-1.4550343294804169,0.14565975785113183
GO:0016125,27,1.454502190422485,0.14580712663187073
GO:0097435,21,1.4512483150500026,0.1467107276168533
GO:0015871,18,-1.4511037970089804,0.14675095938864907
GO:0016485,107,1.4508187731779985,0.14683033071071244
GO:0070424,5,-1.450620328858436,0.14688561139710912
GO:0016529,53,-1.4500456145280867,0.14704579952097444
GO:0043522,11,1.4499619387362352,0.147069133319314
GO:0007188,53,-1.4497711198446868,0.1471223555904472
GO:0048179,7,-1.4487232146311197,0.14741489472104538
GO:1990748,11,-1.447071216989656,0.1478769784585413
GO:0042910,25,1.447010230630911,0.14789405824065335
GO:0008202,128,1.4469426530968974,0.1479129857015804
GO:0004860,48,-1.4463597876303997,0.14807631447515085
GO:0070573,10,1.4462851831424661,0.1480972298587818
GO:0004842,258,-1.4457430689395108,0.1482492794795757
GO:0001961,10,1.445729356886389,0.14825312691685394
GO:0048840,5,-1.444868152292104,0.14849492343448503
GO:0070585,36,1.4448043453935144,0.14851285018550137
GO:0051604,107,1.4446560989669295,0.1485545068711089
GO:0030317,177,1.4445268648568035,0.14859082844693486
GO:0032153,14,-1.4443831560590563,0.14863122613365387
GO:0031000,7,-1.4442239804359838,0.14867598145677877
GO:0005168,6,-1.443844522010783,0.14878271508063423
GO:1904778,5,-1.4437605903445494,0.1488063311812196
GO:0043523,24,1.4437528628023293,0.14880850564645004
GO:0015853,6,1.443681445758551,0.1488286029486278
GO:0006470,131,-1.4423094239132919,0.14921510282575712
GO:0140448,6,1.4421811442380175,0.14925127845843805
GO:0004862,11,-1.4418438284979254,0.14934643544834258
GO:0061029,9,-1.441624683680231,0.14940828114975446
GO:0035864,6,-1.4414636087281971,0.14945375119136825
GO:0043186,20,1.440812202851656,0.14963774504425856
GO:1990825,15,-1.4405815068452348,0.14970294806448062
GO:0097322,9,-1.44008007629373,0.14984474519535812
GO:0043031,10,1.439286825281859,0.15006927403538606
GO:0034334,5,-1.4377583191448988,0.15050263946154832
GO:0000931,11,-1.4376522819653854,0.15053273870885364
GO:0003323,9,-1.4375234847574527,0.15056930468968888
GO:0002283,6,1.4370931651683823,0.1506915230407852
GO:0097638,5,-1.4370794908544622,0.15069540802634523
GO:0060765,14,-1.4363968858920557,0.1508894387786154
GO:0160187,7,-1.4363729677464847,0.15089624097269005
GO:0016180,19,-1.4363388863458326,0.15090593394649351
GO:0003836,7,1.436282379138529,0.15092200601232506
GO:0032148,8,1.4362671976361894,0.15092632423434874
GO:0061621,20,1.4358987797072975,0.15103114579145357
GO:0000472,5,-1.4357932898831083,0.15106116976633185
GO:0030332,32,-1.4346588578335102,0.1513843335194953
GO:0048023,11,-1.4344724880441484,0.1514374746986023
GO:0004861,13,1.434450157809848,0.1514438428585288
GO:0072112,8,-1.43443118898597,0.15144925256809932
GO:0008024,8,-1.433809770673588,0.15162655596201283
GO:2000752,5,1.4337210772070386,0.1516518749146408
GO:0005138,7,-1.433323151278641,0.15176550879526068
GO:0045910,15,1.4330516163970248,0.15184308697669152
GO:0098990,5,-1.4325420596499643,0.15198875008726973
GO:0160077,5,1.4321133259928462,0.15211139131260626
GO:0000725,5,-1.4318275035547678,0.15219319397483577
GO:0055089,16,-1.43150723103143,0.15228489606709436
GO:0072383,5,-1.4305770303881737,0.15255147441892594
GO:0035003,5,-1.4298624742929773,0.15275649408438707
GO:0071526,47,-1.4293422757156435,0.15290588071805986
GO:0016717,5,1.4292551016120603,0.15293092557730031
GO:0032743,39,1.429161967233423,0.15295768625371783
GO:0007268,196,-1.428961275258794,0.15301536399648816
GO:0035696,5,1.4282189952740254,0.1532288348474547
GO:0035749,5,1.4280403562502262,0.153280243094412
GO:0005004,6,-1.4280261255442888,0.15328433893184926
GO:0016320,5,-1.427897445031187,0.15332137913549426
GO:0070530,23,-1.4276021026841612,0.15340641806319724
GO:0007219,71,1.427377870474914,0.15347100595643
GO:0017146,9,1.427377012097852,0.15347125324326472
GO:0000154,8,-1.4273696172543573,0.153473383610317
GO:0044782,28,-1.427101135861649,0.15355074515752648
GO:0032449,5,-1.426646971864593,0.15368167769812147
GO:0001673,29,-1.4257274809882043,0.15394702082398176
GO:0010224,5,-1.4251464040646804,0.15411488523392974
GO:0001875,9,1.4247937893997384,0.15421681812075014
GO:0004046,6,1.4239818344889377,0.15445173063528586
GO:0035264,11,-1.4227409756226146,0.15481125750686012
GO:0002719,5,1.4222167240743746,0.15496334519390564
GO:1900744,5,1.4220738128553354,0.1550048240438525
GO:0031209,11,1.4215124188803183,0.15516784581552132
GO:0051959,28,-1.4214832814659355,0.1551763105076443
GO:0070884,5,1.420501789445903,0.15546164800435947
GO:0140318,17,-1.4201175503919916,0.15557346166813593
GO:1902475,24,-1.4200692742537495,0.15558751435205667
GO:0042753,11,-1.4198743432239234,0.15564426655550878
GO:0042116,16,-1.419442340672915,0.1557700957319609
GO:0016540,25,1.4170446435836517,0.15646987545047633
GO:0098973,10,1.416371624633589,0.15666672725504638
GO:0048484,11,1.4160200475618179,0.15676963493570378
GO:1904355,5,-1.4158929026318856,0.15680686326064613
GO:0050877,47,1.415608240896209,0.15689023716750494
GO:0001954,26,-1.4152908581717385,0.15698323426810104
GO:0043116,15,1.4152274373634535,0.15700182236517934
GO:0110010,5,1.4149639797081301,0.15707905741539266
GO:0032201,6,-1.414392950857702,0.15724655866564255
GO:0090129,8,-1.4141786012597044,0.15730946927619338
GO:0007178,30,-1.413816910355647,0.15741566712122268
GO:0015269,13,1.4127560187386505,0.15772747410678
GO:0006473,10,-1.4126071649901575,0.15777126116408735
GO:1901800,20,-1.4122428806413685,0.15787845847579673
GO:0071377,22,1.4118504363750697,0.15799400408088526
GO:0015379,6,1.4109357343103859,0.15826356431299526
GO:0042632,111,1.4098587727035374,0.15858138823247425
GO:0061673,5,-1.4097834480179554,0.1586036354907362
GO:0097729,42,-1.4094228431610312,0.15871017340437021
GO:0071373,5,-1.4081756968037633,0.15907905079935314
GO:0007210,11,-1.4079982947150607,0.15913157494592745
GO:0008106,17,1.4064748720333775,0.15958316110720394
GO:0030014,16,-1.4056196517191195,0.15983709737949625
GO:0071219,8,1.4053657597386517,0.15991254304084224
GO:0016358,24,1.4048837226430555,0.16005585760454621
GO:2000009,11,1.4047703220980472,0.16008958685287356
GO:0060087,5,1.4044957329135013,0.16017128144319825
GO:0034388,5,-1.4039955436468636,0.16032017658490183
GO:0097116,5,-1.4038526324278244,0.16036273726468586
GO:0042147,84,-1.4030274132367089,0.16060866451537048
GO:0042731,7,-1.4026136131816394,0.16073209015377188
GO:0004499,5,-1.4026021592612306,0.16073550757510757
GO:0090307,42,-1.4024179678500501,0.16079047094187726
GO:0001502,7,-1.4017379233047336,0.16099352163893688
GO:0000138,8,1.40036616695267,0.16140369607081628
GO:0030992,18,-1.4001416177419195,0.16147091454025342
GO:0106274,6,1.4001074711621877,0.1614811381190998
GO:0015279,10,-1.399898955589849,0.1615435788546874
GO:0046755,8,1.3983324342939654,0.16201326236530145
GO:0000439,11,1.398097572733027,0.1620837686809654
GO:0000829,5,-1.3980647280567327,0.16209363062059823
GO:0000832,5,-1.3980647280567327,0.16209363062059823
GO:0000827,5,-1.3980647280567327,0.16209363062059823
GO:0009063,5,1.3971358051329772,0.16237273649766093
GO:0031503,8,-1.397117843956128,0.1623781367168985
GO:0003352,5,-1.3970643495234576,0.16239422119103608
GO:0004558,5,1.3969214383044182,0.1624371970125389
GO:1905144,9,1.3965913890151789,0.16253648120977549
GO:0045959,7,1.3963026068273883,0.16262338913870833
GO:0008324,19,-1.395772523138378,0.16278300708352944
GO:0099106,11,-1.3956645485963228,0.16281553468515741
GO:0007200,127,-1.3947113097014172,0.163102913010174
GO:0051787,18,-1.3931545635999834,0.16357305620403584
GO:0019834,6,1.3928995008135379,0.1636501834212305
GO:0097120,7,-1.3924374928879426,0.1637899575747055
GO:0030213,5,-1.3923125514904007,0.16382777232910395
GO:0043130,100,1.3921117648440111,0.16388855618257658
GO:0030539,7,-1.3921053346587715,0.16389050306412523
GO:0071907,6,-1.3917253517974681,0.16400558227040107
GO:0006650,14,1.3907854605532501,0.16429049332718948
GO:0086046,5,-1.3907405280809684,0.1643041231267659
GO:0002291,6,1.3901598197760419,0.1644803516166854
GO:0019869,7,1.3897198346492698,0.16461396938074568
GO:0000492,10,-1.389338256724384,0.16472991580884122
GO:0000808,6,-1.3892792080139897,0.16474786386781204
GO:0060632,8,-1.388474480156634,0.16499261046626534
GO:0003711,14,-1.388116252609734,0.16510164831199647
GO:0070458,5,1.387953759309702,0.1651511261488925
GO:0008156,15,-1.3878310140340755,0.16518850844729427
GO:0035379,5,1.387346386628785,0.1653361648269096
GO:0035378,5,1.387346386628785,0.1653361648269096
GO:0045066,8,-1.387033919523385,0.16543142002557065
GO:1902747,6,-1.3867678337296185,0.16551256849388374
GO:0008210,30,1.3860229182787505,0.16573990545397843
GO:0022900,15,1.3854379529601237,0.16591859265581488
GO:0016176,8,1.3842657834045926,0.16627708703568445
GO:0006968,50,-1.3841172328219018,0.1663225610526463
GO:0141039,7,-1.3839221637401014,0.1663822894244833
GO:0031931,6,1.3837672306885516,0.16642974000092547
GO:0030865,10,1.3837294645039693,0.16644130800499435
GO:0061549,9,-1.38332907042074,0.16656398824635954
GO:0042531,31,1.3832354777668094,0.16659267471740657
GO:0050930,12,1.3832209115826408,0.16659713963705158
GO:0097225,81,-1.3828000244456586,0.16672619150379553
GO:0007617,5,1.3827732276195273,0.16673441045551907
GO:0016469,8,1.3827687301974907,0.16673578990598836
GO:0048012,8,1.3818083564419914,0.16703055254271604
GO:0140299,5,1.3810940207958156,0.1672500537906758
GO:0060828,30,-1.3810769007910506,0.1672553170883858
GO:0042428,7,1.3809931320828652,0.16728107235967415
GO:0071817,5,1.380808198357737,0.16733794206861818
GO:0045766,152,1.3799719629304361,0.16759527751468117
GO:0002841,8,-1.3799441015048457,0.16760385644898568
GO:0071716,7,1.3798758725847442,0.16762486650928188
GO:0061042,9,1.3798137570583586,0.1676439957629885
GO:0046907,23,-1.3789501321438171,0.167910129764953
GO:0097110,75,-1.3786092178747813,0.1680152729397495
GO:0031440,9,-1.3785354612902199,0.16803802710173887
GO:0000127,6,-1.378222638112667,0.16813455985392545
GO:0042791,6,-1.378222638112667,0.16813455985392545
GO:1903078,57,-1.3767699997991918,0.16858336884182135
GO:0032502,50,-1.3761931348170167,0.16876184698501362
GO:0070327,12,1.3759326684055424,0.16884247998618163
GO:0010807,9,1.3752864595462009,0.16904265270537577
GO:1903377,14,1.3746207372473158,0.16924905612055263
GO:0050885,14,1.374492615266027,0.16928880129391122
GO:0090630,23,-1.374018288554796,0.16943600479352972
GO:0005960,5,1.3732696315534136,0.1696685397909229
GO:0070034,22,-1.3726337883565427,0.16986622233879545
GO:0007492,7,-1.3722664295164606,0.16998051223135136
GO:0015837,14,1.3716098706870294,0.17018491937759794
GO:0002223,21,-1.3711968790966858,0.17031359083009434
GO:0008180,34,-1.370831305680696,0.17042754951334205
GO:0046540,153,1.370828721365984,0.17042835531435874
GO:0008527,15,-1.3704194317373923,0.17055600970227358
GO:0070402,17,1.370391538079202,0.17056471213324653
GO:0005184,29,1.3703176430022976,0.17058776797102004
GO:0160184,8,-1.3701426399413672,0.1706423795971561
GO:0060369,6,-1.3689925222363415,0.17100161237490585
GO:0043308,5,-1.368910839372715,0.17102714708042865
GO:0031095,9,-1.3682824639832742,0.1712236776532332
GO:0006013,9,1.3678829965557309,0.1713487029015629
GO:0000460,15,-1.3674487352317972,0.1714846954611885
GO:0045948,24,-1.3669769321562104,0.17163253609202356
GO:0007143,6,1.3664811479519703,0.17178799404275347
GO:0034596,5,-1.365623881334811,0.17205704691540946
GO:0051252,9,-1.3651399868866,0.1722090561911379
GO:0001817,58,-1.3648969367196735,0.17228544519973088
GO:0006550,6,1.3642959261720629,0.17247444754701124
GO:0030695,25,-1.3634901464127898,0.1727280878204901
GO:0045595,44,-1.363446158412368,0.17274194221984485
GO:0071577,29,-1.362556704259226,0.1730222617658581
GO:0007413,14,-1.3623637343706894,0.17308312284542648
GO:0005796,107,1.3611236403694669,0.17347461999327518
GO:1901143,5,1.3604790774493962,0.1736783694196311
GO:0001750,80,-1.3602269242329172,0.1737581248961838
GO:0045145,5,1.3599431603779988,0.17384791146393974
GO:0010996,18,-1.3598954325631654,0.17386301656868242
GO:2000303,6,1.3597297911095696,0.17391544709646434
GO:0030123,12,1.358957519739896,0.17416005024247538
GO:0071285,6,-1.3588817945979639,0.1741840486520746
GO:0043195,45,1.3584024164223467,0.17433602794284264
GO:0016477,254,-1.3576323238676589,0.17458038091518535
GO:0031623,45,1.3571871103397655,0.17472176526814065
GO:0035162,14,-1.3568331355117236,0.17483423635897544
GO:0045931,27,-1.3559862298831853,0.17510354937427164
GO:2000773,23,-1.3556071832647,0.1752241851030606
GO:0045907,25,1.3549719288681554,0.17542650079608124
GO:0031032,28,-1.354114333994758,0.1756999038072279
GO:0036152,11,1.3523037223976349,0.17627817409775826
GO:0008285,382,-1.352152113351196,0.1763266590565441
GO:0045792,6,1.3520978225051168,0.1763440238243592
GO:0097539,8,-1.3520085237345854,0.1763725885468208
GO:0002690,12,-1.3517154046841717,0.1764663751579264
GO:0031083,17,1.3511290064194543,0.17665411118441599
GO:0007130,19,-1.350788404154603,0.17676322367321962
GO:0098826,5,-1.3506539311404442,0.1768063161466854
GO:0005641,11,-1.3502561278271412,0.176933839811646
GO:0050855,6,-1.3495864482207456,0.17714867352860364
GO:0090280,13,-1.349490679567793,0.177179412058032
GO:0035095,8,-1.349353372763499,0.17722348987393144
GO:0045762,6,-1.3488036822100324,0.17740003168016627
GO:0010172,5,-1.3483673516358152,0.17754025935625084
GO:0001933,28,-1.3482397496938638,0.17758128359189718
GO:2001028,13,-1.3473633686884927,0.17786323227682088
GO:0001739,6,-1.3469446129345888,0.1779980716901568
GO:0019855,14,1.3467969136441025,0.17804564903062792
GO:0098830,6,1.3465858451796786,0.17811365546813795
GO:0006590,12,1.3462030941799739,0.1782370274784284
GO:0001656,22,-1.345495595353279,0.17846524276116982
GO:0016971,5,-1.344937482378872,0.1786454245527811
GO:0007140,23,-1.3440106861770016,0.17894493134297096
GO:0048566,12,-1.3434123428368445,0.17913849241470547
GO:0140941,5,-1.3428652697028023,0.1793156040469952
GO:0007270,6,1.3427046303765595,0.17936763478084072
GO:1990341,5,1.3420078023885664,0.1795934658298498
GO:0005666,18,1.3420040540326008,0.1795946811846203
GO:0005497,5,1.341686252145728,0.17969774647088588
GO:1905832,8,-1.3409924718332695,0.17992289681589813
GO:1904668,6,1.3409107916020087,0.17994941803181796
GO:0099170,26,-1.3402088240503698,0.18017746361717857
GO:0032714,5,-1.3401142287362957,0.18020821085397598
GO:0005000,7,1.3399564926789074,0.18025949001119013
GO:0046689,6,-1.3398671035877245,0.1802885547433647
GO:0033137,6,1.3396061815841533,0.1803734130631417
GO:0006166,7,1.3395035496391285,0.1804067996513271
GO:0032649,11,1.3379705604041796,0.18090603375447345
GO:0140326,21,-1.3375965486497152,0.18102799013675752
GO:0071141,7,-1.3372690306428865,0.1811348361269608
GO:0003084,11,1.337247879967535,0.18114173770713227
GO:0016011,5,-1.3370416375269507,0.1812090459675032
GO:0051660,6,-1.3368012700457648,0.18128751453153247
GO:0017183,7,-1.3366047141845443,0.18135169942482166
GO:0015848,5,-1.3363628092365138,0.18143071611505113
GO:0048715,8,-1.3358234013257289,0.181607002232145
GO:0006196,6,-1.334779124518089,0.1819486477924468
GO:0097413,8,1.334693549848671,0.1819766655196443
GO:0009650,6,1.3346486635163037,0.18199136288885764
GO:0043933,8,-1.334439333266333,0.18205991662830767
GO:0032050,11,1.3339235499589688,0.18222891267575114
GO:0050801,6,-1.3338006670046978,0.18226919234661665
GO:0030055,6,-1.3331157467453238,0.18249382259044356
GO:0035631,11,1.3321650275631332,0.18280596583759035
GO:0003720,7,-1.3317431255575853,0.18294461280434005
GO:1990446,7,-1.3309580242886354,0.18320282306195257
GO:1902358,15,-1.3299436918486576,0.1835368243729122
GO:0000794,56,-1.3292263254073358,0.18377331233397554
GO:0035457,10,-1.3288795189610871,0.1838877218947601
GO:0006004,8,1.3288465684548956,0.18389859483087223
GO:0035036,11,1.3283589105968039,0.1840595667741901
GO:0043536,50,-1.3282529070870344,0.184094571481905
GO:0106300,10,-1.3280457795769716,0.18416298380043528
GO:0044208,8,-1.326812835796191,0.1845706033728276
GO:0036126,171,-1.326108083207201,0.18480389908302863
GO:0018685,5,1.3253586453704878,0.18505222636534835
GO:0006354,9,-1.324793776704723,0.18523955948658322
GO:0031995,8,-1.324298916259737,0.18540379031631005
GO:0016595,7,1.3242846635025614,0.1854085220167977
GO:0031468,20,1.3220681656974527,0.18614545322895304
GO:0016460,25,1.321106820093146,0.18646574933508697
GO:0003337,6,-1.320852412577485,0.18655057960619392
GO:0034214,12,-1.320809563363565,0.18656487015931378
GO:0032489,12,1.3204866665139467,0.18667258483614813
GO:0005956,5,1.3204282083136318,0.18669209073060555
GO:0098657,7,-1.3196948406994695,0.1869369232900171
GO:0001778,26,1.3192874056508652,0.18707304668228253
GO:0051434,6,-1.319286880556059,0.1870732221628294
GO:0097105,9,-1.319281126204625,0.18707514520778923
GO:0005021,7,1.319181505254387,0.18710843981711223
GO:0035458,26,1.3183157742345586,0.18739796258592756
GO:0007193,77,1.3177840027619692,0.1875759645769961
GO:0005875,36,1.3176941696959519,0.18760604707749462
GO:0033235,13,1.3175810163782886,0.18764394392491224
GO:0003161,15,-1.3173594913735667,0.18771815253520985
GO:0062009,14,-1.3169871993309132,0.18784291534935016
GO:0007623,78,-1.3166215545902558,0.1879655100718306
GO:0060339,21,1.3164808246376336,0.18801271026357058
GO:0021537,15,-1.3156265850786362,0.18829940604572504
GO:0038166,14,1.3150867232751295,0.18848075811566978
GO:0051650,5,1.3147474873568195,0.1885947812024471
GO:0051015,208,-1.3144912765813563,0.18868093181187617
GO:0044830,6,-1.3142315167368699,0.18876830541715905
GO:0051443,7,-1.3138971697903012,0.1888808112781113
GO:0045540,10,1.313543767259323,0.18899978297672804
GO:0034316,7,1.3134442267505224,0.18903330290355047
GO:0006491,20,-1.3131168020780943,0.18914359296490146
GO:0019213,13,1.3130161617831235,0.1891775022739054
GO:0099536,14,1.3127591739483835,0.18926411098350548
GO:0051290,16,-1.3125961510575224,0.18931906726301007
GO:0035356,10,-1.3116741698525183,0.18963009564598077
GO:0045179,7,-1.31136068876754,0.18973593354720075
GO:0140494,6,-1.3108395306904466,0.1899119839464275
GO:0010212,39,-1.3097985194444466,0.19026400415252331
GO:0086013,10,1.3096277186369618,0.19032180667580612
GO:0043237,7,-1.3080391064758288,0.19086004547741586
GO:0005732,8,-1.307520621825425,0.19103595591570377
GO:0001822,77,-1.3073418153701628,0.1910966486758332
GO:0099072,31,-1.3063611538491247,0.1914297696266548
GO:0009314,14,-1.3063103675568482,0.19144703285255726
GO:0090649,5,-1.3061370864097015,0.1915059430283249
GO:1990234,6,1.3057841668712578,0.19162596588133252
GO:0035633,29,-1.3051584039567388,0.19183891485758198
GO:0042734,154,-1.3050552881395208,0.19187402217223382
GO:0031402,9,1.3037551588541072,0.19231707596544356
GO:0003341,63,-1.3020861406988313,0.1928869403553376
GO:0019215,6,-1.3018051063167992,0.19298301778873117
GO:0000727,12,-1.3017125211147127,0.1930146776593309
GO:1903543,15,1.301371367819148,0.19313136929436492
GO:0042310,15,1.3012888484717704,0.1931596028560757
GO:0097325,5,1.3012781049623652,0.1931632789145078
GO:0000159,18,-1.301174044922849,0.19319888733121304
GO:0005783,1207,1.3009530290305762,0.193274532993156
GO:0006672,25,-1.2998352487011982,0.19365744161451726
GO:2000545,5,1.2997418093576927,0.1936894755565991
GO:0017038,7,1.2996747583412473,0.1937124651489044
GO:0005980,13,1.2984352184645862,0.19413782362324972
GO:1904322,14,-1.29806785342727,0.19426401960783324
GO:0097499,11,-1.2980304216056104,0.19427688143840527
GO:0016234,19,-1.2977570039019293,0.19437084859099318
GO:0140767,24,-1.2976877557413575,0.19439465282686197
GO:1903895,6,-1.2971737407534134,0.19457141369755215
GO:1902018,22,-1.2970625239733173,0.19460967473937174
GO:1904377,5,1.2966692181483477,0.19474502495346258
GO:0009062,14,1.2953986454837538,0.19518274507389644
GO:0071559,9,-1.2950201377718262,0.1953132826878763
GO:0036211,94,1.2950103864875477,0.19531664650164338
GO:0061298,5,1.2946684610817976,0.19543462432691616
GO:0044321,7,-1.2943904228771614,0.19553059704288844
GO:0160112,13,-1.2942692346592897,0.19557243937895719
GO:0008171,10,1.2932561089125085,0.19592249546249152
GO:0072711,9,-1.293076062957782,0.19598475311799124
GO:0010385,6,1.2929011429449377,0.19604525216932644
GO:0034379,11,1.2927066757223271,0.196112528017359
GO:0016620,23,1.2925595611672134,0.19616343346928178
GO:1990712,8,1.2924088583197735,0.19621559060130989
GO:0001892,6,-1.2919553006819926,0.19637262482183426
GO:0006278,5,1.2915601420676928,0.19650951471262645
GO:0031625,289,-1.2908975375039926,0.1967392094224496
GO:0072162,5,1.2907741303629765,0.1967820107470768
GO:0060485,6,-1.2907159211650303,0.19680220182195884
GO:0070679,12,-1.290457259499447,0.19689194236689178
GO:0000288,20,-1.2900147798029837,0.19704552653439833
GO:0060119,5,-1.2898094796344612,0.1971168157557074
GO:0009931,6,1.2898026941525316,0.19711917229489284
GO:0035800,6,-1.2897374636516388,0.197141827335803
GO:0140104,26,1.289644811716286,0.19717400932240303
GO:0033612,6,-1.2891830043940504,0.19733447214691346
GO:2000766,11,-1.2889969161475505,0.19739915868998303
GO:0000348,23,-1.2883108445618066,0.19763777961937756
GO:0004222,109,-1.2879708476164835,0.19775611133904203
GO:0002729,8,1.287437511820718,0.19794183666953913
GO:0061431,5,-1.2866297050108368,0.19822338492172686
GO:0043269,10,-1.2862324862220798,0.1983619366026994
GO:0042423,6,1.2860845556016443,0.19841355355546542
GO:0031295,35,-1.284754342830966,0.19887814169961682
GO:2001243,18,1.2843749821341506,0.1990107822610765
GO:0001823,13,-1.2843639433775478,0.19901464284557668
GO:0010815,7,1.2840935177728572,0.1991092358916582
GO:0038096,23,1.2836122638452392,0.19927765651788576
GO:0034695,11,-1.2836009022206027,0.19928163391309195
GO:0050851,7,-1.283006454477388,0.19948981479020433
GO:0180026,8,-1.2828898596255593,0.19953066597324165
GO:0039706,13,-1.2821479945449432,0.19979073540941283
GO:0010040,7,1.2820703721951785,0.19981796112810268
GO:0001696,6,1.281420574787812,0.20004598117785288
GO:0071260,72,1.281180687740229,0.20013020781042323
GO:0006879,73,1.2811206802596564,0.20015128105782887
GO:0042176,23,1.2807298012070611,0.20028858844287523
GO:0098655,94,1.2806745390243925,0.20030800640343926
GO:0097094,6,-1.2806051935266525,0.2003323748869441
GO:0005216,190,-1.2805382126590665,0.20035591447788026
GO:2000340,5,1.2803416113731074,0.20042501921015932
GO:0071578,12,1.28021681655441,0.200468893221726
GO:0051861,6,1.2792027377574582,0.20082567203102397
GO:0141196,15,1.2790498843534952,0.20087948991921745
GO:0045322,9,-1.2785354485952045,0.20106069401509163
GO:0070201,5,-1.2785194933303563,0.2010663159801631
GO:0070971,30,-1.2778524945212117,0.2013014409600532
GO:0008331,14,-1.277205324140747,0.20152976782039744
GO:0045821,21,1.2770741060023698,0.20157608564365948
GO:0060478,6,1.2770175159775508,0.2015960633781011
GO:0001525,245,1.2767396330893888,0.20169418413777584
GO:0038095,24,-1.2765976180049157,0.20174434326712998
GO:0005242,27,1.2755248646721928,0.2021235290822272
GO:1903038,6,1.2749953704498753,0.20231088061833669
GO:0032407,7,-1.2749742645719775,0.20231835115679997
GO:0048260,21,1.2748945308566142,0.20234657514644738
GO:0032794,12,-1.2745661216860904,0.20246285505041905
GO:0006360,12,-1.274150968593724,0.20260991806279105
GO:0038027,6,1.2739842976860374,0.20266898112574605
GO:0061450,6,-1.2736255299311272,0.20279615998399536
GO:0042866,6,1.2733646079275562,0.2028886902073015
GO:0098837,7,1.272558568359824,0.2031747285578014
GO:0005797,9,1.2716646088414592,0.20349231029134696
GO:0042824,8,1.2716478374288318,0.20349827183637337
GO:0060341,6,-1.2714076929007734,0.2035836472499727
GO:1904754,27,-1.2712957218141991,0.2036234637638652
GO:0098535,5,1.2711595655498324,0.20367188807654235
GO:0030674,298,-1.2703241152454752,0.20396920157096998
GO:1902857,5,-1.2700877314070376,0.20405338128976602
GO:0042562,17,1.269524860726096,0.20425392947556675
GO:0000030,17,-1.2693698302902026,0.204309191271834
GO:0006506,32,-1.2692593077664056,0.2043485945196798
GO:0030162,15,1.2687968554418227,0.20451352696809066
GO:0005977,30,1.2684127502305282,0.20465059070917524
GO:1904117,7,1.2682707075832516,0.20470129399018355
GO:0048227,10,1.268218662559217,0.20471987417253223
GO:0033138,20,-1.2680026441162582,0.2047970063177128
GO:0006366,144,-1.2676544683949025,0.2049213713842376
GO:0033077,12,-1.2676007753586103,0.20494055491366736
GO:0048599,9,-1.2671905736529738,0.20508715549537215
GO:0003725,76,-1.2671620844722589,0.20509733997660629
GO:0055008,11,-1.2667383586988907,0.2052488593819709
GO:0030951,6,-1.2666132510851555,0.20529361196333684
GO:0097109,5,-1.2660147616644175,0.2055077973480115
GO:0006367,72,1.2658127759517408,0.20558011995612313
GO:0070431,9,1.2641279900418083,0.20618409172809726
GO:0070936,96,-1.2638569304236364,0.20628138296956178
GO:0019563,7,1.2632883341456849,0.20648557715083105
GO:0097208,6,1.2623406532766799,0.2068262342020648
GO:0055015,7,1.2616577392024813,0.20707196993900168
GO:1905394,10,1.2616245419757566,0.20708392082961136
GO:0000423,48,1.2614014636803756,0.20716424125327537
GO:0080154,5,1.2613344192408804,0.20718838534693362
GO:0006066,19,1.2605818640082473,0.20745953620466462
GO:0015629,254,-1.2603210466860673,0.20755357053769896
GO:0005638,5,1.2602983129028453,0.20756176837576223
GO:0086036,7,1.2601781252725373,0.20760511212807353
GO:1903243,10,-1.2596791500794868,0.20778512978653108
GO:0008020,15,-1.2594515393513044,0.20786728358298412
GO:0001091,7,-1.2592118467876758,0.20795382365867854
GO:0017185,7,1.2592118467876758,0.20795382365867854
GO:0033993,15,1.2592039813091715,0.20795666390203194
GO:0070863,11,-1.259102035418344,0.20799347935552182
GO:0032736,20,1.2590155465103954,0.20802471657456467
GO:0070700,12,-1.258974816661665,0.20803942816166587
GO:0071786,13,1.2588805318025964,0.20807348666793946
GO:0006906,31,1.258766818876936,0.20811456855011445
GO:0002028,15,1.2570997379510416,0.20871752204794325
GO:0002675,12,-1.2569221152605201,0.20878183956348884
GO:0060413,9,-1.2560054856817604,0.2091139811914864
GO:0008540,12,1.2559303606509782,0.20914121978203815
GO:0043020,15,1.255717538882466,0.20921839796399255
GO:1990918,8,-1.2554909613069019,0.2093005872551279
GO:0035634,5,1.2551535090174306,0.20942303885255165
GO:0009792,19,-1.254624309538106,0.2096151743838336
GO:1900451,10,1.2543988006467541,0.20969708827725408
GO:0044598,10,-1.2539945633696072,0.20984398151042083
GO:0051697,5,1.2539030358508365,0.20987725145852498
GO:0043047,5,-1.2536172134127581,0.20998117154415685
GO:0070086,6,-1.2535671509066038,0.20999937723657836
GO:1901137,5,-1.25318847975564,0.21013712150376684
GO:0015267,47,1.2527818145055283,0.21028512163012558
GO:0048678,29,1.2523751169412405,0.21043320894553885
GO:0005161,14,1.252221537789435,0.21048915003586743
GO:0043812,5,-1.2520451900033256,0.2105533978543901
GO:0048713,5,-1.2518665509795266,0.21061849489181883
GO:0022824,8,1.2514234959894928,0.21078000939036712
GO:0033211,6,1.25134931387625,0.2108070610332896
GO:0008175,9,-1.2503863105343174,0.21115846287243178
GO:0032924,20,-1.2502785868100634,0.21119779780023462
GO:0006901,12,1.2502104736005974,0.2112226718260919
GO:0007585,14,1.249872634799141,0.2113460773123187
GO:0072320,5,1.2497586104986969,0.21138773978091285
GO:0050766,50,1.2490854029825942,0.21163383895699173
GO:0032367,16,1.2467386286866213,0.21249334993715308
GO:0048149,11,1.2465755745165008,0.21255316240676192
GO:0001964,7,-1.2465596378765218,0.21255900902905278
GO:0032587,102,-1.245639896992905,0.21289662812797816
GO:0071532,7,-1.2455631631890083,0.21292481311332567
GO:0016043,9,-1.2451399716525815,0.21308030340078188
GO:0090398,45,-1.2442947070803871,0.21339111835040214
GO:0030512,130,-1.2433773661687133,0.21372880682414408
GO:0051939,6,-1.2431628860142085,0.2138078161235456
GO:0015185,6,-1.2431628860142085,0.2138078161235456
GO:0006544,5,-1.242362954913413,0.2141026772310901
GO:0021846,7,-1.2419094226681262,0.21426998312993428
GO:0046890,9,1.2415447648046916,0.21440457205267816
GO:0032735,34,1.241066950529878,0.21458101730567447
GO:0032966,21,-1.2404223703513413,0.21481921100833468
GO:0006706,6,1.240097052472249,0.2149394990685145
GO:0015757,5,1.239504730532627,0.21515863798135104
GO:0090050,39,-1.2391684274162105,0.21528313029265056
GO:0008376,11,1.2390356086275067,0.2153323112966049
GO:0048762,9,-1.2381626072514913,0.2156557733869917
GO:0140374,74,1.2380697306855515,0.21569020634499603
GO:0016281,13,1.2377846989162018,0.21579590343904376
GO:1900454,7,1.2376517580942057,0.21584521406147428
GO:0060575,8,-1.2373850913870466,0.21594415096551134
GO:0008361,14,-1.2366760707263964,0.2162073659147571
GO:0033344,24,1.2362931088426978,0.2163496317012652
GO:0031702,5,1.236003405666164,0.21645729774640787
GO:0007167,20,-1.2356633863297537,0.2165837126074518
GO:0140806,13,-1.2355022716186193,0.21664363155573851
GO:2000439,5,1.2342527432329327,0.21710873922239593
GO:0001046,20,-1.2338766870045326,0.2172488578586682
GO:0021819,9,-1.2337684655485146,0.2172891932475285
GO:0036503,93,-1.2330690539657823,0.21755000193098717
GO:0019957,24,-1.2325905092555576,0.21772857960621883
GO:0006414,26,-1.2319816214533814,0.21795594950465202
GO:0009986,691,1.231881536778613,0.21799333928876874
GO:0080025,30,1.2313395041059119,0.21819591277141936
GO:0007157,52,-1.2313030593508383,0.21820953809585864
GO:0060048,32,1.2311727697598362,0.21825825347836048
GO:0034702,145,-1.2308017985936799,0.21839700270012985
GO:0004126,12,1.2306060220166304,0.21847025185328273
GO:0006614,10,-1.2296645322513227,0.21882275365859782
GO:0150079,11,-1.2296166736032361,0.21884068324959105
GO:0016015,9,-1.2294275861692103,0.218911532602735
GO:0042472,20,-1.2290883328129396,0.21903868906012602
GO:0010955,13,-1.2287879466558278,0.21915132186474662
GO:0010833,9,1.228309077372089,0.21933096469354407
GO:0070493,11,1.228074955338394,0.21941883160720177
GO:0051287,37,1.2273734134186927,0.21968227433071918
GO:0038203,11,1.2270391133792031,0.2198078903709597
GO:0002098,16,-1.2264839948728228,0.22001659464943235
GO:0005682,22,1.2261761328329654,0.22013240080222762
GO:1902975,5,-1.2256423422858147,0.22033329641870858
GO:0008608,19,-1.2255331127869848,0.22037442186953193
GO:0018230,15,1.2251441206790485,0.2205209240545316
GO:0021650,5,-1.2248206027763386,0.22064282054055506
GO:0043226,54,-1.2244456557868708,0.22078415514414307
GO:0030031,5,1.2244275969239806,0.2207909639905199
GO:1904294,19,-1.2244149256402814,0.22079574161399573
GO:0043022,78,-1.2243406236484322,0.2208237581789152
GO:0060539,7,-1.2242144479141017,0.22087134027498634
GO:2001256,11,-1.224003855545295,0.220950773076811
GO:0015106,11,-1.2239797661974068,0.220959860582031
GO:1900227,29,1.2233198242855345,0.22120892238354373
GO:0030901,17,-1.2231901391984732,0.22125788912769895
GO:1902230,13,1.222871363272774,0.22137828617023425
GO:0005249,64,-1.222546850441742,0.22150089817609875
GO:0097305,11,-1.222197154453683,0.2216330797008208
GO:0001960,17,-1.2221049261472199,0.22166795047840127
GO:0006744,17,1.2214848044036464,0.22190251557063967
GO:0019236,5,-1.221283550105116,0.22197867952182426
GO:0019863,5,1.2209977276670374,0.22208688015206746
GO:0060292,13,1.2205889359751914,0.22224169752555212
GO:0014824,5,-1.2203188993766005,0.2223440080214002
GO:0008253,11,1.2200291131437486,0.22245383869724777
GO:1990034,7,1.2194434478950984,0.2226759278156657
GO:0048026,14,-1.2193796032524113,0.22270014782412462
GO:0031728,5,-1.2187111481624084,0.22295384518307537
GO:0032331,16,-1.2185339512259865,0.22302113103145638
GO:1902430,38,1.218299589855961,0.22311014587841438
GO:0097750,5,1.2180680476767316,0.22319811490632002
GO:0038191,17,-1.2180547560095063,0.22320316551704944
GO:0002526,5,1.2175321306053342,0.2234018192315088
GO:0000779,19,-1.216825917792163,0.22367045673389785
GO:0090102,23,-1.2167491276197595,0.22369968099950854
GO:0043588,29,-1.2167460272240036,0.22370086098374597
GO:0141162,29,-1.216716348681965,0.22371215660950616
GO:0009048,13,-1.2164229521698948,0.22382384500040287
GO:0004721,151,-1.2163243255751552,0.223861398522887
GO:0140058,5,-1.2162816574387403,0.22387764643777075
GO:0044354,7,-1.2159708845901278,0.22399601336478248
GO:0014003,18,1.215709754636847,0.22409550693249958
GO:0048703,5,-1.2156742847578232,0.2241090238082737
GO:0098915,13,1.2156252105901573,0.22412772597289787
GO:0070373,76,1.2154806766713195,0.22418281432955178
GO:0071371,6,-1.2154073078843395,0.2242107821672954
GO:0046328,21,-1.215226481666405,0.22427972292272313
GO:1990000,28,1.2141965356714086,0.22467268310584854
GO:0061025,38,1.2139304618174225,0.22477427944231265
GO:0001662,7,1.2137061693912339,0.2248599476574178
GO:0099645,21,-1.212576118289166,0.22529192411428578
GO:0034333,13,-1.2120575329696641,0.22549035823798813
GO:0003831,5,1.211851409648522,0.22556926496340024
GO:0006572,6,1.2110042490740782,0.22589377622024676
GO:0000812,14,-1.2108381378331592,0.22595744544191287
GO:0035425,10,1.2104632615868407,0.2261011798277357
GO:0043129,10,1.210362202267554,0.22613993897633655
GO:0018345,9,1.209986838028768,0.22628394344384573
GO:0006359,9,-1.2099069445432593,0.22631460216690047
GO:0019829,14,-1.2091939057399532,0.22658835849116665
GO:0141221,10,1.2091494904361129,0.2266054186293318
GO:0000165,119,-1.2084856056923177,0.22686052925554256
GO:2000096,6,1.2073187257736373,0.2273094218200984
GO:0032039,20,-1.2063079164163688,0.2276987863904466
GO:0141038,6,-1.2055901174999792,0.2279755715506826
GO:0035024,21,-1.205357365406423,0.22806537281807415
GO:0036042,5,1.2052060379631944,0.22812377204456913
GO:0043236,20,1.2051286948617228,0.22815362386560145
GO:0071731,6,1.204872581990159,0.22825249463434194
GO:0004970,10,1.2046523507278526,0.2283375379340088
GO:0097191,38,1.2043106012696614,0.22846955071277608
GO:0048386,5,-1.2039912926013603,0.2285929440534863
GO:0015035,25,1.2037216271000153,0.22869719029087088
GO:0008499,8,-1.2036872710837903,0.2287104739360819
GO:0030118,6,-1.2033722804696254,0.2288322896706647
GO:0051725,5,1.203241008701404,0.22888306979110395
GO:0050848,12,-1.2029291491922067,0.2290037391930475
GO:0051209,42,-1.202828351594915,0.2290427510070121
GO:0030032,26,-1.2028013360152707,0.22905320768270332
GO:0036159,17,-1.201272711324052,0.22964543225203815
GO:0007340,15,1.2011103607553095,0.22970839454963732
GO:0052629,12,-1.2008764477910618,0.22979913154565612
GO:0044725,7,-1.20026885921113,0.23003493986790335
GO:0005385,26,-1.1998394273429813,0.23020170839331744
GO:2000252,5,1.1990251277397446,0.23051817512614114
GO:0006469,22,1.19876536538648,0.2306191933494739
GO:0001764,69,-1.1986226103023485,0.23067472235315012
GO:0034501,11,-1.1984932361317335,0.2307250546448536
GO:0006287,13,-1.1979197794176475,0.2309482487216854
GO:0051497,30,-1.197651143105621,0.23105285693900246
GO:0019065,10,1.1972244907602767,0.2312190665136611
GO:0060732,7,1.1952562895709113,0.23198691196997812
GO:0003253,5,-1.1945948799495263,0.23224535064349905
GO:0030165,87,-1.1943920024636054,0.23232466376937932
GO:0005125,240,1.1942806139504931,0.23236821827895437
GO:0050870,35,-1.1941392237365762,0.2324235122303837
GO:0009190,18,1.1941271022199764,0.23242825306759385
GO:0120200,6,-1.193881242589729,0.23252442585388733
GO:0006953,39,1.1938520375136945,0.23253585186463832
GO:1903671,33,1.1937894203538164,0.23256035115227336
GO:0051879,45,-1.1936212093429586,0.23262617364843063
GO:0031519,29,-1.1932851397425577,0.23275772031822095
GO:0032911,5,1.1929514009305742,0.23288840687147594
GO:0004714,54,-1.1928130914943065,0.23294258179240068
GO:0002312,16,-1.1916076727437377,0.23341511506925205
GO:0005123,16,1.1910683481747313,0.23362675430001378
GO:0061737,5,1.1898788097212294,0.234094028229061
GO:0015810,12,-1.1891137768406819,0.23439489777109235
GO:1900273,24,1.1891053528709064,0.23439821224548119
GO:0005109,40,-1.1888690108921913,0.23449121631100223
GO:0043495,47,-1.1886235856334162,0.23458782244359022
GO:0035435,14,1.1871355712947351,0.2351741494060361
GO:0035374,9,1.1869242518785992,0.2352575003097861
GO:0004520,26,-1.1868947894418644,0.235269122865442
GO:0071539,21,-1.1864386531412632,0.23544911467850294
GO:0008048,5,-1.1861273902214475,0.2355719952477091
GO:0042542,25,1.1858062014573605,0.23569884191705892
GO:0140713,11,-1.1849550226185877,0.23603523061138432
GO:0032541,7,-1.1846876186427395,0.23614097961552216
GO:0036020,20,1.1845459186351743,0.2361970306386676
GO:0051970,6,1.1838031302017975,0.2364910028554601
GO:0061820,9,-1.1837285124582526,0.23652054849632265
GO:0030134,40,1.1836500174663998,0.23655163218911535
GO:0032813,8,-1.1834911759313778,0.23661454161699425
GO:0015125,11,1.1833651256579691,0.23666447243344313
GO:0046914,22,1.1833478734417506,0.2366713069309958
GO:0071805,153,1.1833383390511372,0.23667508405743898
GO:0032680,9,1.1832225203833644,0.23672096996839365
GO:0005952,11,-1.1827869813086533,0.2368935814065709
GO:1902953,13,-1.182740529914307,0.2369119961216879
GO:0048704,20,-1.1825448153909264,0.23698959429495348
GO:0098632,40,1.1825253433383236,0.23699731568401516
GO:0140328,5,1.1821616038931069,0.23714158450998934
GO:0006760,5,1.1816256868217097,0.2373542566623611
GO:0060059,6,-1.1811286796651945,0.23755160829054367
GO:0001659,20,-1.1807759830589575,0.23769172737437982
GO:0099173,12,-1.1806492665685455,0.23774208347260373
GO:0003222,10,-1.179943347162243,0.23802274798363
GO:0001843,31,-1.1797539075313694,0.23809810655399832
GO:0045667,13,-1.1795052446187044,0.2381970495508463
GO:0033130,12,1.1794960635341944,0.23820070326083587
GO:0071139,5,1.1791961960980415,0.2383200604395469
GO:0048596,7,-1.1788295553282673,0.23846605297724244
GO:0035865,12,-1.178734949531523,0.2385037342639994
GO:1901030,8,1.1783785979976902,0.23864570604509117
GO:0034705,9,1.1780560749871372,0.2387742518227508
GO:0038113,8,1.1771640076598526,0.23913005139187216
GO:0008090,8,-1.1771075150859998,0.23915259594612714
GO:0030027,194,1.1770957424733868,0.23915729424449594
GO:0018023,9,-1.1763250494677828,0.23946500957261974
GO:1901096,6,1.174997012581275,0.23999591099094808
GO:0051248,6,1.1747687058281504,0.24008726333246821
GO:0000940,20,1.1743081315016566,0.24027162744023267
GO:0019068,8,1.173802699515605,0.2404740624860261
GO:0060171,7,-1.172639333784624,0.24094046893718235
GO:0046487,5,-1.1725508244127139,0.24097597940359006
GO:0060074,13,-1.1725028463076743,0.24099523003420487
GO:0015250,16,-1.1724316880679522,0.2410237834058907
GO:0071800,5,1.1724079131936747,0.24103332398200827
GO:0051792,6,1.1723551772951184,0.24105448722412215
GO:0000302,15,1.172331738357356,0.2410638938347669
GO:0006826,28,1.171881406594018,0.2412446730180976
GO:0007187,54,-1.171383878407528,0.24144450947928053
GO:0008532,6,-1.1711810282790487,0.24152601940316276
GO:0000346,11,-1.1691283210560666,0.24235193495296958
GO:0071813,9,1.1690281111246579,0.24239230564227587
GO:0141166,6,-1.1688001149964629,0.24248417404919187
GO:0038133,8,1.1684923975734323,0.24260820405476913
GO:1901165,7,1.1682608844000957,0.24270154822680723
GO:0032233,14,-1.167725091129485,0.24291767242617124
GO:0034186,5,1.166834375651142,0.24327726178819764
GO:0016627,24,1.1664330470289466,0.24343940373071404
GO:0004879,52,-1.1658920587906227,0.2436580901087846
GO:0033210,6,1.1657995119553959,0.2436955145984121
GO:1903748,8,-1.1656112763069342,0.24377164660345885
GO:1901987,17,-1.165499438241663,0.2438168874779616
GO:0030544,51,-1.1653777879755565,0.24386610429249
GO:0002029,6,1.1650819764455755,0.2439858117411009
GO:0050810,5,1.1644048849274737,0.24425996888780876
GO:0021795,5,-1.1642977015131941,0.24430338771701254
GO:0016446,10,-1.164203358183332,0.2443416096522999
GO:0035772,5,1.163904695660836,0.2444626364522805
GO:0030837,18,-1.163749424778081,0.2445255733849928
GO:0007292,22,-1.1637395494324874,0.24452957660619967
GO:2000178,7,-1.1634898843810924,0.24463079993668624
GO:0035726,5,1.1630115005418404,0.24482483637837993
GO:0006996,7,-1.1628859603280541,0.2448757744141229
GO:0044342,6,1.1626358326620971,0.24497728607205993
GO:0060090,206,-1.1623119536139566,0.24510877281214316
GO:0006386,17,1.1623019355013628,0.245112840702986
GO:0030742,24,1.1621921840657021,0.24515740877223957
GO:0008277,44,1.161994566605514,0.24523767197622448
GO:0001889,52,-1.1606046418668432,0.24580271686086663
GO:0030863,30,1.1604028167159532,0.24588484050180748
GO:0031048,8,-1.1588039211576595,0.24653611883061943
GO:0015485,56,1.1582287441838905,0.2467707011056708
GO:0035999,10,1.1580640045366621,0.24683791792256649
GO:1900024,5,1.1579024244611855,0.24690385803405268
GO:0048771,8,1.1572503753767045,0.2471700817345296
GO:0008349,6,-1.1569281638339808,0.24730171097085174
GO:0051893,25,-1.1566396967313615,0.24741959663045054
GO:0043069,23,-1.156017472613063,0.2476740101827275
GO:0070885,12,1.155786209147938,0.24776861531410665
GO:0035470,6,-1.155232170810769,0.2479953638864032
GO:1900039,5,-1.1551156556899191,0.24804306793735487
GO:1902166,15,-1.1544250399764069,0.24832595419884118
GO:0017124,112,-1.1537000593998477,0.24862315955473835
GO:0042692,15,-1.1536823658500082,0.24863041612352077
GO:0051984,10,-1.1536173944880452,0.2486570637800607
GO:0097027,9,1.1535287749359764,0.2486934138354524
GO:0044331,38,-1.153527590803919,0.24869389956906784
GO:0046473,7,-1.1530419982635285,0.2488931466405665
GO:0043171,15,1.1528159127025428,0.24898595155316916
GO:0007356,5,-1.1517215142377357,0.24943552858603213
GO:1902749,7,-1.1515623843335845,0.2495009460943498
GO:0097708,25,-1.1514456616431696,0.24954893783105792
GO:0043648,5,1.1509355025330195,0.2497587707165384
GO:0097028,14,1.1507275749451735,0.24984432849476046
GO:0061608,22,-1.150707083865948,0.2498527612460949
GO:0051130,16,-1.150399280674836,0.24997945628430673
GO:0070900,6,-1.1497201934853307,0.2502591344355366
GO:0003382,12,-1.1491668237307635,0.2504871981122373
GO:0030286,36,-1.1489332008090067,0.2505835261139945
GO:0140523,5,-1.1484345561998317,0.25078921504014295
GO:0033554,40,1.1482417376139347,0.25086878353135467
GO:0010255,7,1.1482106058392214,0.25088163201717273
GO:0005614,11,1.148098320349703,0.25092797750575635
GO:0007051,19,1.1472600125177432,0.25127417530865237
GO:0042770,19,1.1471316959599247,0.2513271958707468
GO:0007275,71,-1.1469102735661836,0.2514187062352836
GO:1902093,10,-1.146290593839756,0.25167493358863935
GO:0019827,28,-1.1460573984846896,0.2517714031728723
GO:0030156,5,-1.1455763318190457,0.2519704950405166
GO:0005158,23,-1.1455539666201398,0.2519797536606352
GO:0043252,17,1.144861011463362,0.2522667369088225
GO:0006829,26,-1.1441586785988314,0.2525578362881774
GO:0045187,7,-1.143862352657345,0.25268072616214443
GO:0051428,11,1.1436658803382815,0.25276222852584085
GO:0034707,54,1.1427318239554596,0.25314995249013006
GO:0070972,8,1.1421103655841267,0.25340814735786554
GO:0006071,13,1.1417233170227983,0.2535690455438334
GO:0006813,150,1.1413367827088665,0.253729800929697
GO:0098773,6,1.1411749978683794,0.2537971065302861
GO:0032880,71,-1.1404581619961731,0.2540954735458675
GO:0030121,14,-1.1404137554514269,0.2541139648101973
GO:0090370,30,1.1403561263675774,0.2541379634489208
GO:0031667,73,1.1401651212460981,0.2542175155164236
GO:0006369,13,-1.1398397605150845,0.25435306548911085
GO:1902412,8,-1.1397659237692312,0.2543838339419602
GO:0042799,7,-1.139453707070165,0.2545139661447011
GO:0006620,10,1.1391659118300403,0.25463396047365106
GO:0018095,11,1.138751653369097,0.25480675188910973
GO:0001784,48,-1.1385804608877137,0.25487818182120203
GO:0098588,22,-1.1381345876723457,0.255064287441646
GO:0016185,5,1.1376447591623644,0.25526884871301125
GO:0000451,8,-1.1365740933465422,0.255716375202085
GO:0001666,141,-1.136456691065329,0.2557654812089871
GO:0048490,17,1.1362374434667948,0.25585720373493637
GO:0050918,47,1.1352846982828961,0.256256051394372
GO:0052642,5,-1.1348222625863382,0.25644979641366306
GO:0008209,14,1.1344987906485948,0.2565853807367928
GO:0004527,54,-1.134464716368682,0.2565996659800984
GO:0031849,6,1.1343257952746395,0.2566579127391653
GO:0051289,67,1.1339968510760983,0.25679586888105266
GO:0051147,9,-1.1337151905298268,0.2569140356023454
GO:0043535,6,1.1330211852567844,0.2572053568164453
GO:0035372,9,-1.1322504766288346,0.2575291442008014
GO:2000535,5,1.1322141328388708,0.25754441980411
GO:0002949,5,-1.1321426772293512,0.25757445503597265
GO:0004980,5,-1.1320354938150718,0.25761951243981773
GO:0030953,14,-1.1318295827050786,0.25770608800192973
GO:0071391,19,-1.1317703708953757,0.2577309874108208
GO:0007197,8,1.1317157319951927,0.25775396532649986
GO:0036128,15,1.1309276558106227,0.25808554198596423
GO:0050868,29,-1.1301588808266372,0.2584092827004638
GO:0007204,133,1.1299085116687984,0.2585147770118361
GO:0034704,27,-1.1298270485389854,0.2585491083494502
GO:0051481,13,-1.1297793528150604,0.2585692104187489
GO:1904768,5,1.129695322603303,0.2586046288315056
GO:0043139,9,-1.1296672539307209,0.25861646041875486
GO:0010716,15,1.1295041970683581,0.2586852000344607
GO:0043086,10,-1.1290347150715438,0.2588831895049921
GO:0043200,18,1.1290024843687214,0.25889678565479834
GO:0002218,36,-1.128993566205711,0.2589005477662709
GO:0097386,14,-1.1286692404999554,0.25903738973614887
GO:0090051,53,1.1285354817555016,0.2590938408355191
GO:0046486,17,-1.1283308912362342,0.25918020202976055
GO:0140939,7,-1.127918757657132,0.25935423127434953
GO:0042997,6,1.1278679756862564,0.2593756802805143
GO:0005506,140,1.1264291400427449,0.2599839182603182
GO:0044528,7,-1.1264089475245358,0.2599924612486332
GO:1902817,5,-1.1263905006630193,0.26000026585974056
GO:1904380,14,-1.1260427398835353,0.26014742896612997
GO:0008597,5,-1.125425849934504,0.26040862218708627
GO:1903588,29,1.125247082119263,0.2604843469638647
GO:1900244,6,1.1251609098992068,0.26052085434575534
GO:0071372,10,-1.1238806897879197,0.2610636443186455
GO:0017101,12,-1.1238655491571026,0.26107006834555635
GO:0005253,9,-1.123701873679407,0.26113952128587514
GO:0001819,76,1.123683123755685,0.26114747831667984
GO:0046653,11,1.1236476322432207,0.26116254054672683
GO:0097190,55,-1.1233410129591963,0.26129269160502033
GO:0045830,11,-1.1233344707206745,0.2612954690854452
GO:0032052,9,-1.1231159881190103,0.26138823669788447
GO:0009617,52,-1.1230495715570636,0.26141644165183464
GO:0008160,5,1.122960631406076,0.2614542149366248
GO:0042633,16,1.122454278006686,0.26166933740342535
GO:0006520,37,1.122198507626207,0.2617780470432224
GO:0010968,10,-1.1221879461898667,0.26178253662303397
GO:0043029,16,1.121655278645195,0.2620090382400827
GO:0098609,210,-1.1212970587088047,0.26216143713552986
GO:0008250,13,-1.1210706739029248,0.26225778047356707
GO:0072562,138,-1.1204778959620343,0.26251016681483663
GO:0030174,19,-1.120295204439042,0.262587984965312
GO:1990715,5,-1.12010240702529,0.26267012503307563
GO:0048557,9,-1.1200267733460085,0.2627023531085385
GO:0030200,12,1.1186991995632103,0.26326848679758663
GO:0031466,19,-1.117875520777323,0.2636201612777386
GO:0030851,8,1.1177338199665994,0.26368069392690385
GO:0098911,11,-1.1177216526627334,0.2636858920797689
GO:1904046,31,1.1175195780864327,0.2637722333365923
GO:0035912,7,-1.1175010677422197,0.26378014330437605
GO:0045725,16,-1.1174006070452551,0.26382307571514596
GO:1900748,14,-1.1168606645578394,0.26405390556323427
GO:0098708,12,1.1168540747082487,0.26405672363809884
GO:0048675,20,-1.1164905413374975,0.2642122167172737
GO:0015643,11,1.1163485598331082,0.2642729631973515
GO:0015093,6,1.1159634092733277,0.2644377975226153
GO:0044351,7,1.115900669001668,0.26446465542307795
GO:0004340,5,1.1157793426493512,0.26451659822913065
GO:0004396,5,1.1157793426493512,0.26451659822913065
GO:0008865,5,1.1157793426493512,0.26451659822913065
GO:0016783,6,1.1154415652661858,0.2646612461061775
GO:0016810,13,1.1153313664264792,0.2647084488267919
GO:0042138,11,-1.1151922711344764,0.26476803737655596
GO:0000145,17,1.1147269704865934,0.26496743978238135
GO:1905278,5,1.1146717807017965,0.26499109796815445
GO:0045577,8,-1.114513743256984,0.2650588518755962
GO:0042771,23,-1.1141801102751165,0.2652019263999714
GO:0050731,16,-1.1141646596312162,0.2652085535130384
GO:0060411,9,-1.113981499609186,0.2652871234733769
GO:0006368,49,1.1137269016969877,0.26539636470200734
GO:0106072,10,1.1130926074540595,0.26566865832025255
GO:0042383,116,-1.113083843680109,0.2656724218323008
GO:0010754,5,1.1125638402209668,0.2658957976562667
GO:0160020,10,1.1122841328997655,0.2660160038873737
GO:0099504,5,1.1122780177828882,0.2660186323205921
GO:0030238,5,-1.111277639249613,0.2664488612357385
GO:0006225,5,-1.1109560890067747,0.2665872507274393
GO:0031167,16,-1.110828837296991,0.26664203125021213
GO:0097066,7,-1.1108277069561456,0.2666425178847578
GO:2001137,6,1.1105166624487823,0.26677645204125877
GO:0005851,5,1.1103129885210978,0.2668641780505675
GO:0051754,6,-1.1097665116885156,0.2670996534486384
GO:0050709,23,1.109714792431003,0.26712194653691934
GO:0008134,26,-1.1096187488965779,0.26716334857252155
GO:0008076,85,-1.1092679554384641,0.26731460460564727
GO:0034362,15,1.1088949900607914,0.2674754853522461
GO:0004952,5,-1.108848148525945,0.2674956954198169
GO:0099566,10,-1.1087975863843726,0.267517511944108
GO:0010855,5,1.1087409651116655,0.26754194431066325
GO:0004713,139,-1.1080986609776686,0.26781920920065305
GO:0033588,6,-1.1078748271626255,0.26791587843679077
GO:0004550,17,1.1077312220669062,0.26797791115868896
GO:0019843,54,-1.107368183475705,0.2681347760103222
GO:0004653,21,-1.1071369910380862,0.2682347045101837
GO:0070652,9,-1.1068976105607509,0.268338199089466
GO:0010389,8,1.1068307532129893,0.26836710932492347
GO:0035338,19,1.10610705933169,0.2686801835862598
GO:0009266,9,-1.1053263720124136,0.2690181946525949
GO:0006821,86,1.1050372882720108,0.26914343211252156
GO:0034706,9,1.1047937487756891,0.26924896985402225
GO:0090279,8,-1.1046275428327261,0.26932101143614673
GO:0072488,11,1.1042316178453637,0.26949267749430583
GO:0016558,13,-1.1040743463568485,0.2695608884560833
GO:0060373,8,-1.1038931393726383,0.2696394952814565
GO:1903979,8,1.103751907938006,0.26970077178647545
GO:0006754,24,1.1032604998880036,0.26991405491399423
GO:2000321,5,1.1019884100120585,0.2704667103445887
GO:0019211,9,-1.1017311651645236,0.27057856379071243
GO:0008603,7,1.1016782575526143,0.2706015726478056
GO:0032229,9,-1.1016246405171788,0.2706248913925514
GO:1902476,111,1.1015591671982077,0.2706533684568485
GO:0032868,58,1.1015512021782468,0.2706568329147977
GO:0016241,57,1.1010263609379174,0.2708851843847965
GO:0019585,5,1.1004878422121458,0.27111962394637357
GO:1990845,13,-1.1004623497597033,0.2711307253144919
GO:0007095,32,-1.0998194202104736,0.2714108091077583
GO:0016032,7,1.099473934759024,0.27156139712936234
GO:0044300,8,-1.0990347780212888,0.2717528965842213
GO:1990757,12,1.0984028261586327,0.2720286288579813
GO:0009982,13,-1.0979804870671863,0.2722130099406266
GO:0140078,10,-1.0975800019435435,0.272387929207875
GO:2000058,6,-1.0974053317693377,0.2724642437145862
GO:0001522,16,-1.0971659482154938,0.272568855671229
GO:0000795,29,-1.096191789463557,0.2729948519729051
GO:0070016,8,-1.0961819030417173,0.27299917760435977
GO:0061202,8,-1.0959276864593792,0.27311042173722955
GO:0051539,46,-1.0958811127448285,0.2731308055631103
GO:0035524,6,1.0949918032363057,0.2735202275152784
GO:0044613,6,-1.0948939574849665,0.27356309660146927
GO:0006612,54,-1.093945011420332,0.2739790959165841
GO:0016853,185,-1.091735982215301,0.27494916465698593
GO:0050974,6,1.0911758189340792,0.2751955259115595
GO:0033280,20,1.0908335390273205,0.27534613563630783
GO:0043295,10,1.0906574385724015,0.27542364512671513
GO:0071806,9,1.0905727083551464,0.27546094389567966
GO:0007616,28,-1.0901355844327347,0.27565342332681764
GO:0062072,25,-1.0900122127846816,0.2757077643494995
GO:0072584,12,1.089338650308634,0.2760045746252918
GO:0070778,7,-1.0888448714255485,0.27622230032871153
GO:0046847,19,-1.0883627124790842,0.276435015355041
GO:0047045,11,-1.0882844695434017,0.2764695444767179
GO:0015220,17,-1.0880035990994785,0.2765935186715316
GO:0017020,6,-1.0876859871363167,0.2767337559588404
GO:0061061,14,-1.0870723039081982,0.27700485679126907
GO:0005587,6,-1.087033682127389,0.2770219244083396
GO:0008066,13,-1.087011540345794,0.277031709558652
GO:0046888,8,-1.086973613503694,0.27704847117133313
GO:0042813,15,-1.086697285616205,0.27717061400888376
GO:0006183,11,1.0866945725827832,0.27717181340954
GO:1905719,9,-1.0866046652415493,0.27721156240416867
GO:0034432,6,-1.0860226093635512,0.2774689894709106
GO:0003945,5,1.0853749807987396,0.2777556088250379
GO:0071799,6,-1.0844896925925713,0.2781477346672071
GO:2000352,34,1.084425968799977,0.27817597474753397
GO:0051046,7,1.084164460014501,0.278291886421677
GO:0032590,31,1.0840054730924458,0.2783623721664661
GO:0010828,9,-1.083941549057927,0.27839071586633846
GO:0010447,9,1.083222507688349,0.2787096716674662
GO:0003279,5,-1.083016945684591,0.27880090152113424
GO:0042361,5,1.0829812178798313,0.27881675984253795
GO:0032456,75,1.0828236634945594,0.2788867000362617
GO:0009235,9,-1.0826898844516246,0.2789460954514099
GO:0048935,6,-1.082565392816235,0.2790013751580984
GO:1990261,5,-1.0825524842227134,0.27900710756201086
GO:0140936,5,-1.0823381173941544,0.27910231455860646
GO:0048039,6,-1.0823370860631103,0.2791027726582982
GO:0043647,17,-1.082015548513098,0.2792456190959106
GO:0032059,8,1.0820022670046388,0.2792515206146753
GO:0071547,6,1.0817173963046292,0.27937812076453084
GO:1902523,9,1.0815980068163393,0.2794311905691411
GO:0006929,5,1.081409194470399,0.2795151335082514
GO:0003163,8,-1.0811548783968452,0.2796282254468856
GO:0141111,7,1.0806013081015746,0.27987450041511763
GO:0034498,12,1.0801591541552,0.280071313809505
GO:0090557,8,-1.08008151949364,0.28010588057457864
GO:0015111,5,-1.0799086266704863,0.2801828713682345
GO:0101005,28,-1.0797757776707468,0.2802420400394643
GO:0003924,344,-1.0796152828698002,0.28031353299906137
GO:0008320,27,1.0792311212560795,0.28048470942528025
GO:0006753,6,-1.0790755610184724,0.28055404483353896
GO:0090734,51,-1.0786116010895268,0.2807609074948413
GO:0032232,5,-1.0784437866753334,0.2808357552669508
GO:0043010,32,-1.0783745520005432,0.2808666389286677
GO:0045739,43,-1.0780903548360692,0.2809934355345928
GO:0001561,7,-1.0777024726469904,0.2811665546638803
GO:0004972,7,1.0772797258098636,0.281355316976832
GO:0070100,11,-1.077155190819072,0.2814109399692327
GO:0001514,9,-1.076990815818673,0.28148436874694127
GO:0002725,9,1.076857660009492,0.2815438609748434
GO:0050667,10,-1.0760543669354665,0.2819029425165581
GO:0005092,15,-1.0753508753517789,0.2822176666533861
GO:0044790,17,1.0750973153113577,0.28233116132174574
GO:0001939,9,-1.0747537982244302,0.2824849705452205
GO:2000627,7,-1.0747130485844505,0.2825032198992995
GO:0019905,49,1.0745039285657425,0.2825968849646966
GO:0050684,18,-1.074179533945065,0.282742223291089
GO:0010669,14,-1.0741746911251278,0.2827443934005204
GO:0032497,5,1.0739778110803553,0.2828326266071455
GO:0043539,63,-1.07396750580308,0.2828372455050724
GO:0005688,116,1.0739170592454927,0.2828598567454528
GO:0098992,26,-1.0736213720698644,0.28299241477919546
GO:0016836,9,1.0734755024562916,0.28305782435644655
GO:1905477,9,-1.0724901494683514,0.2834999360371502
GO:0010977,68,-1.072463091304321,0.28351208318465637
GO:0036148,9,-1.0720640508789718,0.2836912642430143
GO:0038066,16,1.0719575183604506,0.2837391134891495
GO:0016594,10,1.071077195460594,0.28413472104563064
GO:0007600,13,-1.0707907948911295,0.2842635068071415
GO:0040037,20,1.0707510386118337,0.28428138713788653
GO:0140046,5,-1.0706551252376915,0.28432452717641243
GO:1990763,11,-1.0705787988456044,0.284358860522982
GO:0085020,16,1.0704593945576548,0.28441257691421373
GO:0000132,32,1.0696864136941484,0.28476048382040364
GO:0032717,39,1.0693887361872565,0.28489454068125486
GO:1902966,10,-1.0692075980537892,0.2849761357861367
GO:0002842,6,-1.0687691418774163,0.28517370726712166
GO:1904115,59,-1.0671384901755219,0.2859093032394432
GO:0055091,17,1.066803186991064,0.2860607191482665
GO:0034614,38,1.0664302550089595,0.286229191067219
GO:0050145,6,1.066062076090367,0.28639558153091027
GO:0060047,13,-1.0659157074593997,0.2864617477996877
GO:1903999,6,1.0655076168327784,0.2866462806039747
GO:0042379,11,-1.0653514103538735,0.28671693620172223
GO:0033204,10,1.064483074877134,0.2871099176552392
GO:0030681,10,1.064483074877134,0.2871099176552392
GO:1903690,5,-1.0636524755047656,0.28748616099400026
GO:0097646,5,1.0636524755047656,0.28748616099400026
GO:0005905,76,1.0633254760648274,0.2876343758136203
GO:0032091,19,-1.0626810699785671,0.28792660832769534
GO:0006596,11,1.0620752590410838,0.28820152084279693
GO:0000963,6,-1.0620177850350159,0.2882276113102802
GO:0044322,25,-1.0613251574514388,0.28854215656210813
GO:0000228,35,-1.0611614013804087,0.2886165574553171
GO:0045778,17,-1.0611058184719835,0.2886418139194922
GO:0050427,14,1.0598677365478808,0.2892047753835467
GO:0006282,64,-1.0591808547655805,0.2895174224535477
GO:0043410,182,-1.058159840747039,0.28998257655342385
GO:0043196,9,1.0577897481347565,0.2901513076988974
GO:1905232,8,-1.0575127362394054,0.2902776450882327
GO:2000675,5,-1.0573286540622766,0.29036162029997536
GO:0051059,32,-1.0569296837906128,0.2905436799744826
GO:0008385,8,1.056608855057759,0.29069013749758044
GO:0008081,60,-1.055929421143282,0.2910004613310351
GO:0005740,18,1.055911494813857,0.2910086519968469
GO:0140375,11,1.0555229564155042,0.29118621601689754
GO:1905337,6,1.0546793536845804,0.2915719975037151
GO:0010560,8,1.0545751223990545,0.29161968654700177
GO:0061436,28,1.054208499466599,0.2917874695491103
GO:0140546,9,1.0537950738593231,0.2919767493509714
GO:0032570,26,-1.0537499424589492,0.29199741697958315
GO:0000800,15,-1.0534419886230142,0.29213846865377935
GO:1903845,16,1.0531610583813733,0.29226718266630836
GO:0045444,64,-1.0529052341829632,0.2923844269587591
GO:0097067,10,1.0524317510521892,0.29260150772002125
GO:0032526,39,1.0516320315869343,0.29296840579981875
GO:0043190,6,-1.0515156743912815,0.29302181428308394
GO:0043161,336,1.0512568260364352,0.29314065029739833
GO:0071482,14,-1.049553917054134,0.29392325378898265
GO:1990635,8,-1.0494907907522935,0.2939522915640911
GO:0046813,6,1.0494282983627132,0.2939810396377591
GO:2000342,6,1.0492978373609276,0.2940410610619625
GO:0004064,6,1.0492652221104812,0.29405606770192205
GO:0003756,18,-1.0488867746118564,0.294230233163677
GO:0045737,16,-1.0472684380903767,0.2949757885202269
GO:0015143,10,1.0470756071299916,0.29506470859919987
GO:0033690,9,1.0464448731925258,0.29535568415710134
GO:0070061,7,1.0463286180916467,0.2954093369195917
GO:0000338,11,1.0461040213912338,0.29551300877816455
GO:0008645,15,1.0454582417642269,0.2958112306877201
GO:0032690,8,-1.0452538477133257,0.2959056620995377
GO:0042711,8,1.0452256014263992,0.2959187136589154
GO:0010458,11,1.045092268779931,0.29598032692183796
GO:0031996,10,-1.044296475849606,0.2963482428655356
GO:0030660,19,-1.0440385072212326,0.29646757417699277
GO:0031994,13,-1.0424266498337922,0.2972139162218481
GO:0097431,39,-1.0417138722606283,0.29754435547758173
GO:1903432,10,1.0412141666113601,0.2977761622668822
GO:0060236,19,-1.040482305475979,0.29811588062443084
GO:0035723,10,1.040178308588671,0.298257067240856
GO:0016705,78,1.039996042481218,0.2983417393052652
GO:0031624,31,-1.0393247840790492,0.29865371208025226
GO:0008045,14,-1.038684902308136,0.2989513050093614
GO:0042613,17,1.038141935155282,0.2992039805607942
GO:1901379,26,1.03731056575402,0.299591143248514
GO:0032695,14,1.0372969141775075,0.2995975034759255
GO:2000048,11,-1.0361310313655356,0.3001410169939748
GO:0015085,10,-1.0354032557523722,0.3004806258860745
GO:0005159,17,1.0350994628508754,0.3006224634069563
GO:0016004,11,1.0345652237528051,0.3008720018907032
GO:0097060,73,-1.0343946450109358,0.3009517068094276
GO:1904153,9,-1.0338749648058287,0.301194620180707
GO:0060976,5,-1.0337840307255515,0.3012371387873555
GO:0043162,31,1.0334974921614652,0.3013711435266194
GO:0033152,6,-1.0334142103935409,0.30141009913697436
GO:0003014,5,-1.0332123858493945,0.30150451784087384
GO:0036057,8,-1.0330796980480252,0.3015666033296256
GO:2000785,13,-1.032853750876941,0.3016723450728115
GO:0030101,27,-1.0326490350129418,0.30176817201854156
GO:0099550,11,1.0326139865738642,0.3017845801298926
GO:0070374,190,1.031661803740718,0.30223057676192244
GO:0030316,32,1.0316422568500494,0.3022397369977181
GO:0006334,107,1.0311770013976693,0.30245782362377815
GO:0061044,7,1.0311399281577314,0.30247520605804656
GO:0010485,12,-1.0308712564670386,0.3026011973175301
GO:0098804,9,1.0304661760907923,0.30279122222465615
GO:0007091,6,-1.0303809921020275,0.3028311924878275
GO:0000729,11,-1.030325498524489,0.30285723322266034
GO:0090069,6,-1.0302179158497955,0.30290772135830635
GO:0140416,45,-1.0289591499187252,0.3034988711725094
GO:0007267,225,-1.028904671122209,0.3035244731547647
GO:0034243,23,-1.0286226209858473,0.30365704386582826
GO:0033017,42,-1.0284957505455705,0.3037166887307797
GO:0072015,7,-1.0283920737164067,0.3037654354967616
GO:0018149,20,1.026583831292365,0.30461647072562414
GO:0050795,12,1.026558277118566,0.3046285089294406
GO:0016538,33,-1.026503370690541,0.3046543756263803
GO:0016322,11,1.025820790469403,0.3049760643563363
GO:0006351,104,-1.025767436146568,0.30500121885787645
GO:0051561,9,1.0247937386196768,0.30546052144130253
GO:0015276,35,-1.0244722744483332,0.30561225989567486
GO:0003272,12,-1.0244133194746732,0.3056400934176158
GO:1901289,6,-1.0242493250181082,0.305717526487154
GO:0033147,12,-1.024228806989177,0.30572721537624936
GO:0008038,5,-1.0241375234403987,0.3057703231631853
GO:1990381,19,1.0237644910859207,0.305946526027975
GO:0043085,12,1.022983347712078,0.3063157192963133
GO:0048806,9,-1.0228762949674688,0.30636633883242603
GO:0046339,13,-1.0226825457352866,0.30645796661064506
GO:0010954,13,1.022505269828678,0.306541819740182
GO:0001678,28,-1.0206523906836003,0.3074191583371295
GO:0016081,12,-1.0201003401262003,0.30768087548071044
GO:0090554,8,-1.0200864060618577,0.3076874832750759
GO:2000738,10,1.0193600888156011,0.3080320465671881
GO:0039536,8,1.018787076863241,0.30830406225489493
GO:1904707,53,-1.0175517913632712,0.3088910075067769
GO:0034450,16,-1.0170662622260145,0.3091219085237127
GO:0007605,121,-1.0166803941566642,0.309305495490114
GO:0015386,14,1.0161567872648587,0.30955473055037164
GO:0070886,20,-1.0156670984152631,0.30978794077501126
GO:0046037,12,1.0154875279887965,0.3098734887634548
GO:0061303,9,-1.0152864138441455,0.30996931877681433
GO:0005347,12,-1.0151876951998653,0.31001636494098317
GO:0006622,23,-1.0149934045810525,0.3101089714386531
GO:0046322,7,-1.0149245673336509,0.3101417863412891
GO:0035655,6,1.0148561328895507,0.31017441149909475
GO:0045723,15,1.0147816743765874,0.31020991112082974
GO:0006893,32,-1.0145626483745513,0.31031435180591405
GO:2000737,11,-1.0139688313084283,0.3105976251905269
GO:0120283,25,1.0132843282972726,0.31092437091585545
GO:0030324,36,-1.0132717589689486,0.3109303729716132
GO:0034472,13,-1.0131096467784353,0.31100779099213405
GO:0042355,10,-1.012664908912854,0.3112202445410742
GO:0042577,5,-1.0124902590886955,0.31130370182489975
GO:0042026,25,-1.012389356097461,0.31135192554594293
GO:0046329,32,-1.0123870820344136,0.31135301242660396
GO:0071723,9,1.012356986042161,0.31136739693892956
GO:1903691,6,-1.0122469128538403,0.3114200106378643
GO:0060021,24,-1.0119351470756774,0.3115690628580894
GO:0005381,9,1.0118509939672728,0.3116093037106752
GO:0010288,16,1.0117928664401734,0.311637101491139
GO:0008631,12,1.0116819579754381,0.31169014473860945
GO:0021702,6,-1.0116598383458055,0.3117007244175197
GO:0019372,9,1.0109721656266775,0.31202975202010375
GO:0043122,39,1.0103468935396267,0.31232912170069305
GO:0051402,28,-1.0101113628120733,0.31244193887529403
GO:0032010,5,1.0090246620269925,0.3129628067681186
GO:0070934,11,-1.0084764599899279,0.3132257830118773
GO:0005798,17,1.007814106133647,0.3135437126615964
GO:0008283,87,-1.0075220405946361,0.31368397147738825
GO:0030432,5,-1.006666626912844,0.31409500482112873
GO:0016874,145,-1.0060005176858446,0.3144153210361512
GO:0070852,7,1.005835510335423,0.31449470236144905
GO:0036499,7,1.0046880546346502,0.3150470818881914
GO:0160232,17,-1.0039964816497735,0.3153803094558738
GO:0050660,62,1.0037863575318682,0.31548160151818694
GO:0004679,6,-1.0035060257342105,0.3156167710391655
GO:0004239,5,-1.0034868522892195,0.3156260174212048
GO:0004865,15,-1.0031464463963395,0.31579020757099896
GO:0033268,20,-1.00312446915221,0.31580080992269166
GO:0060045,30,-1.002575252783235,0.316065841029739
GO:0019911,11,-1.00216505084323,0.31626388424421403
GO:1903826,14,-1.002063369323093,0.31631298811072184
GO:0003674,93,-1.0019375386348413,0.316373760979474
GO:0071569,7,-1.0016684343694584,0.31650375688365273
GO:0003215,11,-1.0016350851896905,0.3165198692762238
GO:0045019,16,1.0014657996929015,0.31660166652608
GO:0007405,7,1.0010041179111162,0.3168248175536177
GO:0035050,15,-1.000815274832921,0.3169161234103083
GO:0009116,8,1.0005399755087534,0.31704926188502247
GO:0051793,5,1.0003785332751147,0.31712735459261077
GO:0030540,5,-0.9997354327894379,0.31743855983909786
GO:0030514,63,0.9993749582275608,0.3176130860164209
GO:1902936,14,-0.999266039398288,0.3176658321692172
GO:0004888,272,-0.9989599819451667,0.31781407743197165
GO:0071257,10,-0.9982134262548491,0.31817587728277297
GO:0051246,20,0.9976393022237808,0.3184542958414225
GO:0001763,8,-0.9975741153814761,0.31848591795643744
GO:0002089,7,-0.99728998498493,0.3186237735309362
GO:0051180,9,0.9972304861191866,0.3186526463867305
GO:2000279,7,0.9960519406762014,0.31922490904256107
GO:0003333,29,-0.9942608368322786,0.3200958967890053
GO:0120317,7,0.9938778140852632,0.3202823566725812
GO:1903311,5,-0.9938760728088265,0.32028320450811054
GO:0044355,7,-0.9930927128163133,0.3206647749119632
GO:0045055,23,0.9928500933316972,0.32078301377633944
GO:1990592,5,-0.9927685108612718,0.32082277880733434
GO:0000018,5,-0.9924112328136736,0.3209969616633217
GO:0140410,7,-0.9923982001553192,0.3210033166097517
GO:0090235,5,-0.991696676718477,0.32134551268614786
GO:0046425,11,0.9913007549456699,0.3215387444744212
GO:0048247,9,0.9905993268219673,0.3218812665427315
GO:0033010,10,-0.9903813290101262,0.3219877679424311
GO:0044283,6,0.9898728510476239,0.3222362708873492
GO:0050859,11,-0.9897831260287158,0.32228013421332113
GO:0015742,6,0.9897423900458383,0.3223000498520885
GO:1990130,5,0.9891600025805295,0.3225848642652558
GO:1990569,5,-0.9881238962424945,0.32309197391643374
GO:0005462,5,-0.9881238962424945,0.32309197391643374
GO:0033631,17,0.9880671043617325,0.3231197850286175
GO:0009804,7,0.987234649501841,0.3235276191462606
GO:0007265,67,-0.9872171994019819,0.32353617184183936
GO:0042102,52,0.9868403909293856,0.32372089028816986
GO:0007141,20,-0.9865617664074092,0.3238575213363514
GO:0005579,7,-0.9864193520302392,0.32392737257320126
GO:0044218,7,-0.9864193520302392,0.32392737257320126
GO:0001849,8,-0.9863320931847486,0.323970176037942
GO:0000271,7,-0.9863287634222835,0.3239718094739231
GO:1901097,5,0.9861588669807041,0.3240551603650116
GO:0030643,7,-0.9859362127878085,0.3241644152596562
GO:0004722,99,-0.9859102032954032,0.3241771795049413
GO:0034080,11,0.9855434008003997,0.32435722391184774
GO:0031045,18,-0.985362964313336,0.32444581475514134
GO:0022841,16,0.9850263878302228,0.32461110942940197
GO:0006766,6,0.9849479482302206,0.3246496394498236
GO:0051414,6,-0.9839694907168292,0.3251305140485963
GO:0003170,8,-0.9828577998927951,0.3256774298414552
GO:0008135,22,-0.9828352986467634,0.3256885058974911
GO:0097550,13,-0.9820198846569946,0.3260900521022648
GO:0031464,14,-0.9817773889523695,0.3262095298542429
GO:0038060,10,0.9816902275514658,0.32625248126931883
GO:0030049,15,0.9807630734201533,0.32670959197087
GO:0061462,16,0.9793534923636362,0.32740534819155165
GO:0032725,14,0.9784248637753132,0.3278642358815279
GO:0006283,11,-0.9783406857818399,0.3279058535894236
GO:0005375,7,0.9779946114903538,0.32807698917492734
GO:0035434,7,0.9779946114903538,0.32807698917492734
GO:0005784,6,-0.977250749124875,0.3284450291716071
GO:0003841,21,0.9771122561428818,0.32851358075167414
GO:0009312,26,0.9770850894174682,0.3285270288893436
GO:0002548,25,0.977069917497758,0.3285345394848316
GO:0005675,12,0.9770628028842214,0.32853806148910913
GO:0032958,10,-0.9769404395449888,0.328598639827237
GO:0016188,7,0.9768773519922328,0.3286298753700745
GO:0005452,20,-0.9765919841726747,0.32877118907609026
GO:0090661,5,-0.9761908094527129,0.3289699167888517
GO:0031698,6,-0.9758482933556806,0.3291396487035563
GO:0016757,242,-0.9757624749069949,0.32918218443984737
GO:0015031,679,-0.9755656040556243,0.32927977652791607
GO:0045922,7,0.9754883266702445,0.3293180893098905
GO:0070317,7,0.9753675418596368,0.3293779781007936
GO:0071144,8,-0.9752877949965061,0.3294175228935815
GO:0051010,19,-0.9751325156727362,0.32949453147077046
GO:0010960,8,-0.9750053321272416,0.3295576150327002
GO:0035240,6,-0.9739239935793442,0.330094279410443
GO:0015207,5,0.9731539460481277,0.3304767959239828
GO:0032715,67,0.9727521565400331,0.33067649630867413
GO:1903409,5,0.9724393899529311,0.33083200390203116
GO:2000343,8,-0.9722089497215229,0.330946609085093
GO:0032421,11,0.9720774553309183,0.3310120168929753
GO:0140718,6,-0.9716083107976512,0.33124544642614284
GO:0033089,7,-0.9712306620963239,0.33143342822426114
GO:0019640,5,0.9706529997149399,0.3317211040410023
GO:0008053,18,0.9699387127169862,0.33207704200645105
GO:0061665,14,-0.9684740565618847,0.33280766962880326
GO:0000118,43,-0.9682239136194509,0.33293255437642166
GO:0090522,9,-0.9680427327466868,0.3330230284573299
GO:1900271,8,0.9680002529694818,0.3330442433617691
GO:0006657,7,0.9674259405621821,0.3333311474118269
GO:0042867,8,-0.9672376032224675,0.33342526811020157
GO:0043653,12,0.9671913849101769,0.33344836811437195
GO:0048273,7,-0.9670635861303591,0.3335122475734158
GO:0001501,99,-0.9670049569731323,0.3335415556503878
GO:0045956,11,-0.9669705135786284,0.33355877430290315
GO:0071947,8,-0.9669268940662766,0.333580581026207
GO:0032279,11,-0.9668741561870757,0.33360694752719333
GO:0051233,27,0.9661053944800742,0.3339914454745452
GO:0034626,7,0.9660671114428457,0.3340106002916349
GO:0034625,7,0.9660671114428457,0.3340106002916349
GO:0009922,7,0.9660671114428457,0.3340106002916349
GO:0015630,219,-0.965680528978167,0.33420406550813264
GO:0002474,14,0.9656126656464352,0.3342380351699632
GO:0016918,11,0.9652963039004012,0.3343964225477887
GO:0005902,71,-0.9652169140748176,0.33443617687538485
GO:0031146,79,-0.9651612224657357,0.33446406617724245
GO:0030010,33,-0.9649448867188162,0.3345724172396104
GO:0016791,85,-0.9649360578157934,0.33457683964769735
GO:0048280,7,0.9647384785261613,0.3346758172059858
GO:0002053,9,-0.9643942635751244,0.33484829712614594
GO:0008234,156,-0.9642666078253678,0.3349122776830298
GO:0060907,8,-0.9641587579474844,0.3349663377532053
GO:0018812,9,0.9636485910437101,0.335222136613637
GO:2000646,5,-0.9635074387629747,0.33529293290834516
GO:0043273,8,-0.9634808470612496,0.33530627131200363
GO:0016849,18,0.9630458237252107,0.33552452764159124
GO:1902462,7,-0.9628663139617424,0.33561461645965107
GO:0019897,9,0.962556713408425,0.3357700292664989
GO:0002407,16,-0.962514580820212,0.3357911824987607
GO:0006836,64,0.9623584219232556,0.33586959165401853
GO:0097421,26,-0.9622285316326513,0.3359348200212994
GO:0120212,22,-0.962085569156509,0.3360066224099565
GO:0035360,10,-0.96198366029055,0.33605781180027705
GO:0016078,5,-0.9610422202345468,0.33653093970086834
GO:0043395,20,-0.9608154291309712,0.33664497931602055
GO:0006704,7,0.9607827759787599,0.3366614006704336
GO:0060964,8,-0.9599500611954431,0.3370803491712797
GO:0050915,9,0.9595473921209319,0.33728305684438176
GO:0031100,23,-0.959526825838311,0.3372934122212031
GO:0045182,19,-0.9594595646820566,0.33732728046954663
GO:0010647,5,-0.9593272856060752,0.33739389379756757
GO:0030136,82,-0.9589593787184084,0.33757920944334885
GO:0009308,7,-0.9585482569825179,0.3377863698843163
GO:0007271,24,0.9584187186818138,0.337851659953499
GO:0038001,7,-0.9579443329294796,0.33809082970152127
GO:0004303,18,-0.957414747745591,0.33835795761585696
GO:0007341,5,0.956897794882407,0.33861884433300593
GO:0005324,17,0.9564408954394906,0.33884953180466404
GO:0071376,5,-0.9563618778110097,0.3388894378495798
GO:0005225,5,-0.9560045997634113,0.33906991059604874
GO:0030968,54,-0.9558734369480073,0.3391361806659602
GO:1902036,10,-0.9555916583456633,0.33927857752768276
GO:0061459,12,-0.9551750092922395,0.3394892014655666
GO:0032263,6,-0.9549745330699976,0.3395905758444342
GO:1901799,12,0.9541832546826977,0.33999088937322663
GO:0003746,23,-0.9541117948706357,0.3400270563016009
GO:0044209,6,0.9540939213079453,0.34003610277671636
GO:0140803,6,0.9537351535530352,0.34021772111292836
GO:0032905,7,0.9533545101263878,0.3404104814850937
GO:0051151,8,0.9533404300546536,0.34041761306926366
GO:1904580,7,-0.953324313923736,0.340425776038929
GO:0001727,6,-0.9515825470235741,0.3413087363076902
GO:0051412,12,-0.9514155674002553,0.3413934608409186
GO:0072318,6,-0.9501474760039335,0.3420373226374631
GO:0014701,11,-0.9492166641850545,0.3425104278287914
GO:0099513,8,-0.9489622555810536,0.3426398092631957
GO:0009636,65,0.9486314396944626,0.3428080949252217
GO:1902455,21,-0.9481151884037474,0.34307081689379537
GO:0001586,6,0.9474077949664375,0.34343102060007846
GO:0045765,37,0.9468763411184082,0.34370179498825526
GO:0016712,40,0.9465586018375807,0.3438637474484225
GO:0030346,8,-0.9457139325845118,0.3442945142415439
GO:0007286,80,-0.9456668466976701,0.34431853736405515
GO:0009743,7,0.9456544784501485,0.3443248477958706
GO:0050764,9,-0.9453796140240615,0.34446510604846725
GO:0010810,9,0.9452198270530442,0.3445466591502233
GO:0048667,7,-0.9451411430050659,0.3445868229470541
GO:0004559,9,-0.9448203596255008,0.3447505957962792
GO:0006686,13,0.9444595519443489,0.3449348619870112
GO:0046785,17,-0.9439997029590499,0.345169800068048
GO:0030904,21,0.9438780943203983,0.3452319473034102
GO:1903427,21,-0.943424742690081,0.34546369231907503
GO:0048169,11,0.9430738804735737,0.34564311468556796
GO:0018026,7,-0.9429368202114757,0.34571322008391614
GO:0060537,7,-0.9429066240088239,0.34572866645565425
GO:0032593,8,0.9418724375625144,0.3462579530137384
GO:0060088,9,-0.9416246202051541,0.34638486013799064
GO:0006259,52,-0.9414262459886632,0.3464864688018574
GO:0010543,6,0.9413087431329645,0.34654666353772856
GO:0016174,13,0.9412685856253985,0.3465672370797699
GO:0006105,5,-0.9412132885928436,0.3465955681939791
GO:1990418,6,0.9412108973816253,0.3465967933504521
GO:0045657,10,0.9398264045369307,0.3473066124485661
GO:0070836,7,0.9395246493118089,0.3474614427634941
GO:0007584,55,0.9392109561142341,0.34762244498176276
GO:0070634,5,-0.9391768037215336,0.3476399764723035
GO:0035651,22,0.9388997055799604,0.3477822403988715
GO:0018146,16,-0.9379253754703244,0.34828276150219295
GO:0051591,33,0.9377617731186465,0.34836685019940317
GO:0002385,6,0.9375579893316308,0.34847160948340195
GO:0051146,7,0.9374411113288266,0.3485317020784582
GO:0090671,7,-0.9372297379102631,0.3486403960272332
GO:0099091,5,0.9369974076311842,0.3487598914059681
GO:0031726,6,0.9368078385713641,0.34885741250690816
GO:0016624,7,0.9366258138572248,0.3489510688267986
GO:0071918,8,-0.9365903819072681,0.34896930131806914
GO:0030315,48,-0.9363399781753932,0.3490981707418652
GO:0140672,14,-0.9360378416322753,0.349253704508076
GO:0036312,11,-0.9358229867592376,0.3493643342058398
GO:0030516,10,-0.9357587669356391,0.3493974055875191
GO:0040014,8,0.9355170230040629,0.34952191465491667
GO:0051536,73,0.9355114615749489,0.3495247793740417
GO:0006207,9,-0.9354461906591505,0.34955840185346587
GO:0010526,18,0.9353047704878196,0.34963125752633106
GO:0047555,23,-0.9351841789343922,0.3496933904970482
GO:0008360,117,0.9351078720546615,0.34973271008059736
GO:0032897,16,-0.9349491028487702,0.34981453003240504
GO:0098809,6,0.9347856930436885,0.3498987541496724
GO:0035418,19,-0.933997893423514,0.350304979640212
GO:0030501,39,0.9338938821649785,0.3503586349446345
GO:0030258,6,0.9338724660311899,0.35036968333014074
GO:0051620,7,-0.9335759973893809,0.3505226514645866
GO:0035173,7,0.933515604984077,0.3505538171643312
GO:0048168,22,0.9332608217858107,0.3506853182160199
GO:0030627,55,0.9332126901987496,0.35071016384605136
GO:0032394,5,-0.932960165693324,0.35084053583284347
GO:0120044,7,0.9327606999177791,0.35094353666053657
GO:1902532,22,0.9316253751264804,0.3515301645850548
GO:0043378,5,-0.9316025091124506,0.3515419859452781
GO:0045651,14,0.931553572287168,0.35156728634034007
GO:0010666,16,-0.9310539809615013,0.3518256416222588
GO:1903347,7,-0.9306469657321448,0.35203621158192766
GO:0019958,5,-0.9301376691172977,0.3522998093408902
GO:0050966,10,0.9299731209064728,0.35238500161331643
GO:0031929,19,0.9297084542050122,0.35252205602408837
GO:0070273,31,0.9288789434243472,0.3529518265305206
GO:0007281,23,-0.928786111575662,0.3529999434317924
GO:0001701,38,-0.9285239792050024,0.35313583511997315
GO:0007260,5,0.9281369120507474,0.35333655456588187
GO:0061754,5,0.9275295393698304,0.35365166210429844
GO:0008535,9,0.9274568421082837,0.3536893896526784
GO:0045008,8,-0.9268736592045689,0.35399213493816106
GO:0008219,7,0.9266610669820914,0.35410253775593037
GO:0070974,5,-0.9256716935223195,0.35461662265929916
GO:0030235,9,0.9252997179995497,0.3548100254096268
GO:0060228,6,0.9250337331602211,0.3549483608169326
GO:0008093,23,-0.9250039207151628,0.354963868020434
GO:0030023,10,-0.9248696252824921,0.35503372826392365
GO:0106256,7,0.924215174567286,0.35537429653271424
GO:0019898,19,-0.9238792162926893,0.355549205212247
GO:0060628,7,-0.922735560637342,0.3561450293177897
GO:0019373,18,0.922630141276167,0.3561999825850112
GO:0032432,10,-0.9224189367897885,0.3563100958676948
GO:0004659,17,0.9221210326936019,0.35646544721278595
GO:0010165,11,0.9220920584629864,0.35648055900291087
GO:0036156,7,-0.9204406492357962,0.3573425346876119
GO:0001947,41,-0.9197393327429426,0.3577089931288445
GO:0046085,5,0.9194907832988697,0.357838924255531
GO:0097746,32,-0.9187105859210748,0.35824697132957994
GO:0045064,5,-0.918597588179874,0.35830609396248536
GO:0097006,6,0.9183802220691596,0.3584198414296257
GO:2001242,7,0.918236326442206,0.35849515435922474
GO:0006562,5,0.9180973989132365,0.3585678764991401
GO:0042130,35,0.9177414968745745,0.3587542170858846
GO:0032392,8,-0.9176088770926929,0.3588236687495715
GO:1900738,6,-0.9174343798062146,0.35891506412399055
GO:0004519,88,-0.9171705428266869,0.3590532801897647
GO:0097194,20,0.9170948966428076,0.3590929150654204
GO:0071321,7,0.9169982821334773,0.3591435403098565
GO:0043931,9,-0.9168842708593035,0.3592032870920445
GO:0097119,6,-0.9164885375432695,0.35941071673343183
GO:0045542,17,0.9163267701520882,0.35949553124029465
GO:0043232,7,-0.9162433770671794,0.3595392590759314
GO:0007276,13,-0.916228363816968,0.3595471317494968
GO:0000124,19,-0.9160885681394276,0.3596204432424729
GO:1904263,55,0.9159723913095899,0.359681375709497
GO:0043247,9,0.9148869337215867,0.360250990213384
GO:0070207,16,0.9146744940509345,0.36036253819369646
GO:0007096,11,-0.9146725393134331,0.3603635646893675
GO:0008239,8,-0.9145865243915625,0.36040873571467924
GO:0003906,12,-0.9136366359949168,0.3609078091007095
GO:0055102,7,0.9133143454099432,0.3610772397148623
GO:0098970,8,0.9120726048551084,0.3617304984619879
GO:0098820,8,-0.9116206642642852,0.3619684405314456
GO:2000510,7,-0.911170415021657,0.3622055896257007
GO:0008378,9,0.9110254152553345,0.3622819826259782
GO:0005047,8,-0.9104625665003007,0.3625786146183393
GO:2000144,8,-0.9097564093271394,0.36295098791671954
GO:0016075,17,-0.9096410826041877,0.36301182514521424
GO:1990760,6,0.9096067196990835,0.36302995352164324
GO:0033265,5,0.9091654477232801,0.36326279981060894
GO:0016328,72,-0.9086572294510393,0.36353108746973894
GO:1905653,5,-0.9085223472376033,0.36360231239635066
GO:0008486,6,-0.9078781114254253,0.3639426233070878
GO:0002732,5,0.9075219687043281,0.3641308374772704
GO:0048010,26,0.9072216562901333,0.36428959375108416
GO:0030883,5,0.9071289628519701,0.3643386036751953
GO:0048006,5,0.9071289628519701,0.3643386036751953
GO:0048007,5,0.9071289628519701,0.3643386036751953
GO:0030884,5,0.9071289628519701,0.3643386036751953
GO:0035615,21,-0.9070345560565432,0.36438852374109354
GO:0051026,5,-0.9065930457805726,0.3646220406071601
GO:0001913,5,0.9064858623662932,0.36467874452326743
GO:0042088,6,0.9062799641535527,0.3647876876080698
GO:0035020,9,-0.9056459205644175,0.3651232949738824
GO:1902176,17,0.9055715336619875,0.36516268154594955
GO:0019838,49,-0.9053712712091173,0.3652687302210075
GO:0010884,13,0.9045059944924904,0.3657271572083054
GO:0007080,53,0.9044380222278581,0.36576318438598887
GO:0030150,25,0.9044333344952012,0.36576566909541797
GO:0010951,7,0.9040139149931522,0.36598802295646005
GO:0050873,16,-0.9034086030539105,0.3663090757424412
GO:0022834,5,0.9030559931093499,0.3664961782859065
GO:0006637,26,0.9027709575444709,0.36664746793968617
GO:0098554,29,0.9027618917275381,0.3666522804844359
GO:0030620,7,-0.9025644972658601,0.3667570761378497
GO:1902807,13,0.9020906102649515,0.36700873640634035
GO:0008340,6,0.9020399815955233,0.36703562939891554
GO:0090594,6,0.9014855223379349,0.36733022805514837
GO:0070358,7,0.9009339023226564,0.3676234643066669
GO:0010868,7,-0.9005413516881815,0.36783222947916716
GO:0042805,13,0.9004286486404982,0.36789218053496464
GO:0061676,8,0.9001244254852195,0.3680540388284017
GO:0008092,71,-0.8999462148246685,0.36814887426992327
GO:0070328,38,0.8999366577659006,0.3681539605227315
GO:0004526,14,0.8996298452827137,0.3683172689253513
GO:0050953,11,0.8996166968833331,0.3683242684879663
GO:0004528,5,-0.8995546682428871,0.368357290608901
GO:0008757,48,-0.8990875812171455,0.368606012406682
GO:0032237,5,-0.8990187511714897,0.3686426729370389
GO:0007160,96,0.8989210067390775,0.36869473786037266
GO:0051593,6,-0.8980935362915115,0.3691356847237932
GO:0050790,5,-0.8966607160573412,0.3698999888265089
GO:0044829,10,0.8962698379243424,0.3701086641318081
GO:0070286,17,-0.8954170401109736,0.37056419496127524
GO:0031115,11,-0.8952083462197998,0.3706757239761934
GO:0043120,7,0.8951966238187918,0.37068198921390283
GO:0001895,14,-0.8949747466292214,0.3708005876717696
GO:0034447,5,0.894445592162232,0.3710835279625504
GO:0032935,5,0.8941597697241535,0.3712364136920354
GO:0001775,9,0.8939814716801521,0.3713318046758046
GO:0060044,13,-0.8937586426543588,0.3714510414939869
GO:0040018,12,0.8935247750758355,0.37157621063445634
GO:0006474,6,0.8928750962200906,0.37192406494838737
GO:0008091,9,-0.8928629628830308,0.3719305633607066
GO:0008046,11,0.8928235007788721,0.3719516990902576
GO:0098901,6,-0.8927772504687516,0.37197647150093494
GO:0031069,17,-0.8925295982424601,0.3721091354228727
GO:0019532,10,-0.891873757535369,0.3724606020145037
GO:0008542,24,-0.8916251270107162,0.37259389746151983
GO:0043813,6,-0.8909507964437543,0.3729555673820817
GO:0001931,14,-0.8907467212466917,0.3730650637556273
GO:0008429,16,0.8905447133339043,0.37317347053408956
GO:0010945,5,-0.8902654390053324,0.3733233741612654
GO:0005546,85,0.8896867612726594,0.3736341045580043
GO:0002052,13,-0.8896812968023665,0.3736370395566778
GO:0051057,7,0.8896405225308387,0.37365894010475653
GO:0035754,6,0.8887655746638468,0.37412908075880336
GO:0015189,6,-0.8884068069089366,0.3743219651873817
GO:0098887,7,0.888070319992939,0.3745029266399351
GO:0000828,8,-0.8879502758199191,0.374567499053577
GO:0048146,37,0.8878443796286346,0.3746244669051778
GO:0030864,57,-0.8876884743881416,0.37470834734274705
GO:0045672,25,-0.8876206424558857,0.374744846033898
GO:0042446,11,0.8873070401124834,0.3749136162923652
GO:0010698,11,-0.8854762496729832,0.375899823645795
GO:0071011,24,0.8848397462695252,0.3762430691916385
GO:0060429,11,-0.8844644970616805,0.3764455194699917
GO:0035194,14,-0.8841697928738677,0.3766045621096461
GO:0001111,9,-0.8839947859915687,0.3766990274690747
GO:0004806,20,0.8839337571667015,0.3767319730956157
GO:0043001,30,-0.8834696074710328,0.3769825965006015
GO:0099558,14,0.8833156463319425,0.37706575243787877
GO:0030215,24,-0.8831434010842275,0.3771587972075241
GO:0008494,14,0.8823760851358248,0.3775734638407451
GO:0001731,9,0.8823170227958866,0.3776053934708432
GO:0004111,6,0.8820468330718926,0.37775148167296013
GO:0006574,8,0.8813123983922031,0.3781487572664277
GO:0032024,48,0.8812401181962692,0.37818786948454797
GO:0035771,8,0.8811994132444972,0.3782098968212596
GO:1990535,13,0.8810612558435351,0.37828466608857725
GO:0017157,24,-0.8810229696026054,0.37830538779213674
GO:0008420,15,-0.880811513908981,0.37841984677650076
GO:0005024,9,-0.8796272754504282,0.3790612579700041
GO:0042270,6,0.8793397672848431,0.3792170799616088
GO:0030195,14,-0.879279803921346,0.379249583519767
GO:0038134,8,0.8792786657334986,0.3792502004989783
GO:0017154,14,0.8788740843139314,0.3794695516795983
GO:0101020,8,0.8788267251426753,0.37949523341673363
GO:0003283,7,-0.8787698895761479,0.37952605538576156
GO:1902742,8,-0.878741986281896,0.3795411879259344
GO:0016279,31,-0.8781269625854873,0.37987482235794834
GO:1902305,16,-0.8777607235500472,0.380073583174072
GO:0000209,147,-0.8773797592550209,0.3802804033165307
GO:0042795,12,-0.8770800998059904,0.380443132787033
GO:0015747,12,0.8760191530143875,0.3810196216382461
GO:0005978,16,0.8758431250824686,0.381115322150716
GO:0003887,24,-0.8752162495452401,0.3814562532979272
GO:0035377,5,-0.8741521990586512,0.382035373760496
GO:0030878,11,-0.8740819881218836,0.3820736057426296
GO:0032368,5,-0.8737234654015332,0.38226886880600075
GO:0007606,24,0.8736014594169279,0.38233533116090923
GO:0031526,61,0.8732376554088457,0.3825335542418121
GO:1903287,5,0.8730803649158564,0.38261927540054086
GO:0072582,5,-0.8730089093063367,0.3826582216154395
GO:0002429,6,-0.8725231799415497,0.3829230282733479
GO:2000329,7,0.871613389547643,0.3834193236808503
GO:0160239,6,-0.8713816461759264,0.383545803819362
GO:0008582,6,-0.8713490309254801,0.38356360651444177
GO:0006479,25,-0.8713353447486017,0.38357107712237926
GO:0051241,17,0.8711935345026388,0.3836484895749205
GO:0071987,7,-0.870496130049522,0.38402933317830235
GO:1904645,15,0.8704140761393978,0.38407415697056857
GO:0042373,8,0.8703245927778136,0.38412304291704236
GO:0016628,10,0.8699944149097881,0.38430345640440045
GO:1903292,8,-0.8699573910477697,0.384323689956786
GO:0001972,19,0.8695646504618315,0.3845383629345279
GO:0017162,8,-0.8693077264484613,0.38467883791207214
GO:0003774,83,-0.8690665749962695,0.3848107176806903
GO:0045046,6,-0.8684788888861986,0.38513222444808526
GO:0007368,37,-0.8671378647593083,0.3858664760958681
GO:0031730,7,-0.8670839591498551,0.38589600892582643
GO:0031527,18,-0.8670538696512238,0.3859124944162273
GO:0006370,8,-0.8656922017218756,0.38665897764894885
GO:0042246,20,0.8656022220899316,0.3867083366150117
GO:0032273,7,-0.8652419907880881,0.3869059825583566
GO:0070461,6,-0.8650869028397752,0.3869910927042415
GO:0002282,6,0.8650542875893288,0.38700899296113034
GO:0000506,7,0.8650004211668727,0.38703855762349815
GO:0070309,6,-0.8646302893335258,0.3872417422579717
GO:0004983,10,-0.8643603578595519,0.3873899627077452
GO:0071392,34,-0.8640951942536577,0.38753559877771315
GO:1904948,14,-0.8629656049705747,0.3881563780860344
GO:0070988,5,-0.8626478459259873,0.3883311154899085
GO:0006486,60,-0.8621765481562224,0.38859037287887166
GO:1900119,20,0.8621181584057502,0.38862249998131393
GO:0031016,16,-0.8618206862883004,0.3887861996567358
GO:0031435,17,-0.8616397838907116,0.3888857712378756
GO:0023035,10,-0.8615559617493447,0.38893191355124024
GO:0003091,27,0.8611457580953221,0.3891577700298414
GO:0010592,26,-0.8602072329204599,0.38967481833469086
GO:0016197,73,0.860162981114405,0.3896992076618132
GO:2000987,6,0.859835847517908,0.389879535729336
GO:0098894,5,-0.8597181659356816,0.38994441855220363
GO:0001568,26,-0.859455002146545,0.3900895356096673
GO:0070891,5,0.859432343497603,0.39010203185923564
GO:0006450,7,-0.8591725540550523,0.3902453231796924
GO:0046601,5,-0.8587892430119262,0.39045680337108024
GO:0007084,10,-0.8582715338725254,0.39074254414305065
GO:0031145,23,-0.8581407844896832,0.39081472913266
GO:1903426,9,0.8580826655249242,0.3908468184379932
GO:0046873,27,0.8576855503024182,0.39106612104559124
GO:0006658,7,0.8576325477198045,0.3910953968025528
GO:0048549,5,0.8567527581406161,0.3915815392977908
GO:0048853,5,0.8564669357025375,0.391739554177452
GO:0030125,10,0.8562756123166121,0.39184534755081446
GO:0032790,18,0.8561683782926277,0.39190465080497905
GO:0016562,8,-0.8561167104538087,0.3919332264314732
GO:0007131,39,-0.8559435486726814,0.39202900521213335
GO:0004930,800,0.8554671643053183,0.39229257490949054
GO:0060306,16,0.8553687664442601,0.39234702898885965
GO:0001682,13,0.8552232924553671,0.39242754373087285
GO:0090315,6,0.8551718667040757,0.39245600847411266
GO:0031509,10,-0.8547091928676676,0.3927121600439769
GO:0030522,42,-0.8539411640110188,0.39313758994592396
GO:0015252,11,-0.8537505785042766,0.39324320312962835
GO:0044284,8,0.8536592834912073,0.39329380045706286
GO:0061889,6,0.8533780279295249,0.3934497021019362
GO:0016018,14,-0.8533564563739162,0.39346166088986034
GO:0005663,5,-0.8533228888836728,0.393480270393437
GO:0001944,15,0.8529818640058704,0.3936693616216148
GO:0032092,9,-0.8525433838629899,0.3939125706141692
GO:1990239,6,-0.8520408026612233,0.3941914459789485
GO:0050431,22,-0.8518803145814221,0.3942805237589787
GO:0098534,7,-0.8516235033920726,0.39442309034094714
GO:0012506,41,-0.851326183939044,0.3945881836959547
GO:0032366,5,0.8506790313314457,0.3949476743068424
GO:0023019,8,-0.8506369307900771,0.3949710678428845
GO:0044388,5,0.8490355523124937,0.3958615097681628
GO:0048304,5,-0.848571090850616,0.3961199989112484
GO:0034775,6,-0.8481922031085505,0.3963309387360616
GO:0002903,7,-0.8477281932499751,0.3965893613271545
GO:0014031,5,-0.8474992567078212,0.3967169011931255
GO:0007023,6,0.8473115913464982,0.3968214674653544
GO:0005544,54,0.8464212836083295,0.39731776937618357
GO:0048172,13,0.8461600617300149,0.3974634584690081
GO:0009409,18,-0.8459608760151898,0.39757457029307697
GO:0046928,17,0.8458460582340773,0.3976386276362308
GO:0043407,12,-0.8457129772716434,0.39771288187277876
GO:0043679,61,-0.8456428746670974,0.39775199988447585
GO:0070525,6,-0.8447023713107878,0.3982770351710627
GO:0043567,7,-0.8443160223503082,0.39849283510734557
GO:0045621,5,-0.8442122986699173,0.398550783226031
GO:0007266,57,-0.8435788096223286,0.3989048096308616
GO:0018344,6,-0.8432999155415936,0.39906073004917086
GO:0051403,23,0.8430120210476858,0.3992217207694555
GO:0070574,6,-0.8428106867848978,0.3993343301924017
GO:0032060,7,0.8427760160150604,0.3993537240286208
GO:0120115,7,-0.8422626805699778,0.39964093548853163
GO:0001569,17,0.8414664484200903,0.40008667354230343
GO:0033314,13,-0.8414179312282413,0.4001138435681346
GO:0099149,27,-0.8413841269225153,0.4001327749125716
GO:0071300,64,0.8412529349157072,0.40020625115802333
GO:0043548,16,-0.8412264777458682,0.4002210699146582
GO:0045652,7,-0.8406924780320779,0.400520235592115
GO:0032795,7,0.8406924780320779,0.400520235592115
GO:0010561,8,0.8400728194795843,0.40086755878881086
GO:0070382,28,-0.8393406705896844,0.4012781667225568
GO:0052816,13,0.8384928787692034,0.401753945537621
GO:0140537,13,-0.8382269649092908,0.4019032454904544
GO:0050849,7,0.8380956046040129,0.40197701130798325
GO:0005201,129,0.838065098405886,0.4019941433273432
GO:0001523,39,0.8379820820733646,0.4020407668058176
GO:0032364,9,-0.8373902527781794,0.4023732428553528
GO:0031442,5,-0.8372811045465112,0.40243457781654457
GO:0015349,8,0.8371352056392335,0.4025165732753725
GO:0017119,12,-0.837040890453324,0.40256958391611386
GO:1900180,5,0.8368166430846334,0.40269564083390497
GO:0060213,13,-0.836808757656424,0.4027000739264208
GO:0090043,10,-0.8366953692048048,0.40276382277917755
GO:0070231,6,0.836385482446961,0.4029380770636817
GO:0030218,44,0.8361102582133748,0.40309287792982207
GO:0106438,7,0.8360120666210304,0.4031481147690279
GO:0060371,10,-0.8358363649908674,0.40324696553248107
GO:0048251,11,0.8357076569360448,0.40331938664879563
GO:0048333,10,-0.8351036849260385,0.40365933210474536
GO:0048662,28,0.8349158551651037,0.40376508699014846
GO:0051453,30,0.8345054933450144,0.4039961930985827
GO:0070345,7,0.8344116678804787,0.4040490445080922
GO:1903119,5,-0.8336725962657688,0.40446550446921814
GO:0042359,14,0.8316824878725644,0.4055881879206701
GO:0006390,7,-0.8315430286285465,0.4056669310603125
GO:0003846,8,-0.8314859482539432,0.40569916309520526
GO:0048731,81,-0.8307301548143307,0.4061260872842102
GO:0061001,21,-0.8306971161515941,0.406144755913723
GO:0007530,9,0.8305460441862702,0.40623012626426547
GO:0030621,114,0.8305134251463117,0.40624856059990333
GO:0009411,39,-0.8300923462995998,0.4064865740784316
GO:0005353,8,0.8300171413337678,0.4065290922041367
GO:0004969,6,-0.8298298171072387,0.40663500998103064
GO:0004908,7,0.8297614526720832,0.4066736690343056
GO:0004767,7,-0.8294292944429121,0.4068615306966321
GO:0030511,32,-0.8293004601630714,0.4069344105705809
GO:0030003,23,-0.8292994964741573,0.4069349557461891
GO:1990116,17,0.8292771803979763,0.4069475804611421
GO:1904000,6,-0.8284273613380444,0.40742851638684274
GO:0043537,45,0.8283264134031925,0.40748566810197584
GO:0001520,8,0.8281246401096956,0.40759991645829374
GO:0060117,5,0.8274202304327993,0.4079989179489498
GO:0001973,7,0.8273457564599297,0.4080411161269708
GO:0003183,10,-0.8267410262550602,0.4083838624783166
GO:0090314,26,-0.8265919202111432,0.40846839849487593
GO:0016907,5,0.8264555797042841,0.4085457061804574
GO:0005384,6,-0.8257202955509948,0.408962776578364
GO:0005954,5,-0.8244548226377338,0.4096811755329163
GO:0008374,30,-0.8244091980603886,0.40970709025236285
GO:0010626,6,0.8240895330286758,0.4098886870459102
GO:0034242,5,0.8240260889806159,0.4099247343253263
GO:0072345,5,0.8237402665425373,0.4100871546664482
GO:0008190,10,0.8235071280378843,0.41021966536246
GO:1904179,14,-0.8233545590887936,0.41030639590403284
GO:0008753,6,-0.8229806145134989,0.4105190174486525
GO:0043490,9,0.8223436463407137,0.41088134253650066
GO:0015711,36,0.8222535225989659,0.4109326227410026
GO:0042118,9,0.8221572282078601,0.41098741823042195
GO:0099013,6,-0.821871695998322,0.41114992336505785
GO:0042178,29,0.8217839897754509,0.4111998473226086
GO:0036384,6,-0.8217412349965365,0.41122418541542083
GO:0060252,16,0.8217308933254862,0.41123007252435506
GO:0001956,8,0.8210348220911563,0.4116264336561233
GO:0050901,19,-0.8208410203644908,0.4117368297465628
GO:2000772,8,0.8201591871964363,0.41212536481701634
GO:0071895,6,0.8198169352202002,0.412320475240759
GO:2000726,9,-0.8197337924807638,0.4123678813784103
GO:0004144,8,-0.819453030023275,0.4125279897536529
GO:0035672,5,-0.8194172021665984,0.4125484236969017
GO:0051880,10,-0.8190605179892674,0.4127518865043067
GO:0051966,30,-0.8189379397775349,0.4128218223315614
GO:0045214,39,0.8186128767309592,0.4130073179412468
GO:0046470,22,0.8180981195246286,0.4133011625625107
GO:0007269,26,-0.8176121653475356,0.4135786788043798
GO:1905605,5,-0.8174879007095678,0.4136496609295749
GO:0032532,7,0.8168676741397138,0.41400405295626763
GO:0055129,7,-0.8164751235052389,0.41422844575733375
GO:0051131,23,-0.8161701290817632,0.41440283866153316
GO:0005958,7,-0.8159013956548524,0.4145565338543803
GO:0032000,10,-0.8153718528353011,0.4148594909272295
GO:1903711,6,-0.815087723905475,0.41502209804253287
GO:0015606,6,-0.815087723905475,0.41502209804253287
GO:0030622,7,-0.8150408038792727,0.41504895401816755
GO:0006260,138,-0.8147877523895901,0.4151938127480249
GO:0015874,6,-0.8142071121434228,0.41552631178921917
GO:0033490,19,0.8140035809264516,0.4156428995478758
GO:0051052,5,-0.8139151202335853,0.4156935780621902
GO:1902388,6,-0.813880959638959,0.4157131494053661
GO:1902389,6,-0.813880959638959,0.4157131494053661
GO:0045598,11,0.8137622610099311,0.41578115864630494
GO:0120316,18,0.813153737699144,0.4161299196568451
GO:0015297,112,0.8129533463200707,0.416244807108214
GO:0030835,5,-0.81295046950507,0.4162464565666687
GO:0030140,17,0.8120494232093286,0.4167632727122098
GO:1902937,5,0.8116285407289564,0.41700480931578876
GO:0036157,12,-0.811555103394167,0.4170469620882823
GO:0060982,6,-0.8113695853545878,0.41715345998165576
GO:0004114,25,-0.8110685560791537,0.41732630199788934
GO:0033512,5,-0.81091398463376,0.41741506870376854
GO:0044389,25,0.8106050883328227,0.41759249384100383
GO:0038173,6,0.8105868193438747,0.4176029886502409
GO:0061723,12,0.810286580056381,0.41777548647143925
GO:0050691,7,-0.8094394082873417,0.4182624421322958
GO:0050804,115,-0.8093936295900374,0.4182887653132299
GO:0106029,7,-0.8088656804369553,0.4185924115175613
GO:0051702,5,-0.8086274051291311,0.41872949634629053
GO:0033038,24,-0.8085857679881134,0.41875345378630213
GO:0010763,12,0.8084414552014194,0.41883649562742764
GO:0035770,17,-0.8083286927478884,0.4189013892178589
GO:0005890,13,-0.8081786987391744,0.41898771833883697
GO:0051899,29,0.8076124859520601,0.41931369668461527
GO:0042325,10,-0.8064281030784239,0.4199960481602554
GO:0032012,20,-0.8061051345600645,0.4201822312545793
GO:0007056,7,0.8056950791585038,0.4204186875586613
GO:0090140,8,-0.8055841031423875,0.42048269473316535
GO:0019229,18,-0.8055828596262103,0.4204834119832316
GO:2000741,5,-0.8052689914817075,0.4206644715654976
GO:0097062,8,-0.8046802219607411,0.421004235608307
GO:0006825,9,0.8046072925577895,0.42104633253549417
GO:0044849,12,-0.8045436289453131,0.4210830830041431
GO:0003081,5,-0.8045187075817511,0.42109746962772576
GO:0016702,14,0.8037305422880623,0.4215526110839435
GO:0005231,5,-0.8035897846579957,0.4216339246846966
GO:0048589,11,-0.8030184118518118,0.4219640927463303
GO:1901652,11,0.802753429025042,0.4221172646378788
GO:0034584,7,-0.801890357624362,0.42261638428916193
GO:0072534,9,0.8014648154611153,0.4228626052142671
GO:0034184,5,-0.8010531105200481,0.4231008997877994
GO:1901363,8,0.8008952195125966,0.423192307861586
GO:0071681,5,-0.8008387436914891,0.4232250062988854
GO:0033553,5,-0.8007672880819695,0.423266379871037
GO:0019677,5,0.8007672880819695,0.423266379871037
GO:0072207,5,-0.8005171934486507,0.42341120601662163
GO:0002091,14,0.8004847854287466,0.42342997514946334
GO:0005575,76,-0.8003326865897725,0.4235180698290585
GO:0015213,6,0.8001173239505868,0.4236428248420687
GO:0015862,6,0.8001173239505868,0.4236428248420687
GO:2000347,8,0.7999630920440237,0.4237321813286372
GO:0030308,114,-0.799815822754598,0.42381751421234526
GO:0050819,10,0.7992528914090649,0.42414378860585744
GO:0001958,11,-0.7991159374939298,0.42422318915356305
GO:0004197,63,0.7986216962406248,0.42450980325462606
GO:0030422,7,-0.7982064209008278,0.4247507119272522
GO:0002576,5,0.797801880286904,0.4249854699913622
GO:0002040,31,0.7976213459211308,0.4250902599433979
GO:0090443,17,-0.7975540774533011,0.42512930932982695
GO:0042626,35,-0.7973806275944595,0.42523000674364164
GO:0042060,53,-0.7973741159145777,0.4252337874118932
GO:0005078,12,-0.7971631295254666,0.4253562963073234
GO:0007494,7,0.7967570031735357,0.4255921709040529
GO:0071880,14,0.7962140527191205,0.4259076309751233
GO:0150093,7,0.7957303322833705,0.42618879266310195
GO:0045923,5,0.7956224841965546,0.42625149393966166
GO:0005102,427,0.7949052153675534,0.4266686402607974
GO:0043024,18,-0.794678535237582,0.42680052145702185
GO:0030282,29,-0.7943164991188056,0.42701120126336456
GO:0003779,399,-0.7941361358883944,0.42711618271562835
GO:0097320,14,0.7938010887381819,0.427311238742733
GO:0051602,19,-0.7936012482333215,0.42742760556318604
GO:0006362,13,0.7934204795140286,0.4275328828105669
GO:0005736,13,0.7934204795140286,0.4275328828105669
GO:0030836,7,0.7933750284765207,0.42755935525335453
GO:0051495,10,-0.7929619487834648,0.4277999926097028
GO:0006684,5,-0.7926213485967293,0.42799846671960706
GO:0031674,26,-0.7924594488447603,0.42809282752915223
GO:0051930,15,0.7922888840096126,0.4281922517472012
GO:0015695,11,0.7922022946500279,0.4282427308300677
GO:0051721,27,-0.7919108448346402,0.4284126630535686
GO:0070131,14,0.791687076046917,0.42854315991430414
GO:0004198,17,0.7915272692579474,0.4286363697459281
GO:0051223,6,0.7914742825822961,0.42866727766362767
GO:0005272,41,-0.7913008541455852,0.4287684501201422
GO:0001162,9,-0.7899601535478672,0.4295510393227837
GO:0036038,14,-0.7899574292995185,0.4295526303562056
GO:0030336,192,0.7899568962700254,0.42955294165999325
GO:0002446,11,-0.7894320196428896,0.4298595475612347
GO:0003960,5,-0.7892272071445459,0.42997922294545177
GO:0033549,7,0.7889965790919925,0.4301140059494325
GO:0006957,17,0.7888723730432738,0.4301866042644983
GO:0048245,20,0.7888456190784273,0.43020224286220554
GO:0090068,9,0.7888416447507458,0.4302045660193683
GO:0098858,8,-0.7883538681172523,0.43048974671972673
GO:0043240,13,-0.7883459566873644,0.4304943730751394
GO:0070006,25,0.7883426548625122,0.43049630388701676
GO:0000226,139,-0.7882569592299802,0.43054641797753235
GO:0030168,57,0.7881717343175999,0.430596260152321
GO:0006611,26,0.7877423350333363,0.43084743711437234
GO:0032495,8,0.7876194646571646,0.43091932573564673
GO:0018342,5,-0.7865476217875589,0.4315467312790049
GO:0044381,5,0.7859759769114018,0.43188156122742727
GO:1902992,9,-0.7856725364922353,0.43205935673276397
GO:0009003,5,0.7854043320352445,0.4322165416484547
GO:0061512,35,-0.7852769980910944,0.432291179053071
GO:0015174,10,-0.7851045867089201,0.4323922507094704
GO:0005134,5,-0.784904142768607,0.43250977291848336
GO:1904037,5,-0.7843682256972095,0.43282407705460657
GO:0005132,15,-0.7842638774771367,0.4328852904710786
GO:0061575,15,-0.7842432476402922,0.43289739307029185
GO:1990166,16,-0.7839182485429216,0.43308808129079135
GO:0043068,15,0.7837068718823375,0.4332121293723752
GO:0097733,9,-0.7836751993545187,0.43323071841874694
GO:0043065,293,0.7835900302768304,0.43328070762162973
GO:0060836,7,0.7834404778040395,0.4333684941356649
GO:0017059,8,0.7828740884535207,0.433701054941238
GO:0043217,5,0.7825461076544584,0.4338936993723802
GO:0097449,14,-0.7815227321980072,0.43449511209609315
GO:0070848,12,-0.7815026323189802,0.4345069291225032
GO:0071044,10,-0.7813148622356672,0.4346173309939183
GO:0070878,9,-0.7812517636274224,0.4346544342804971
GO:0000796,8,-0.7809250946555956,0.43484655163720154
GO:0086045,5,-0.7805810783926681,0.43504892410238594
GO:0017040,7,-0.7803302689308917,0.4351965005973809
GO:0036336,5,0.78018807254031,0.43528018190232287
GO:0055075,8,0.7797387506046847,0.43554466486053633
GO:0060291,54,-0.7796970231645227,0.43556923145583915
GO:0060956,5,0.7795449720546331,0.4356587567239433
GO:0040038,5,-0.7792234218117947,0.4358481153274254
GO:0070175,5,-0.7790447827879956,0.43595333505582523
GO:0090024,5,-0.7789733271784759,0.43599542704763994
GO:0010506,70,0.7787326794506715,0.4361372014104924
GO:0045668,62,0.7786199875135432,0.43620360148022597
GO:0046039,15,-0.7782812247922574,0.43640324151074306
GO:0048387,7,-0.7781863385426055,0.43645916942073404
GO:0003214,10,-0.7775504025922357,0.4368341097498827
GO:0055037,147,0.7772905129327125,0.4369873910071571
GO:0008150,86,-0.7768191479180134,0.43726547808963134
GO:0001780,6,0.7765038826274079,0.43745152922696684
GO:0001768,6,-0.7764060368760688,0.4375092813301614
GO:0048208,23,0.7761822080896996,0.43764140967733456
GO:0090385,13,0.7761139191313877,0.4376817258956638
GO:1901029,10,0.7758323941643611,0.4378479542734387
GO:0017158,18,-0.7750168518839932,0.43832970182744446
GO:0051584,5,-0.7749718130453754,0.4383563155172455
GO:1903444,7,0.7748345600482425,0.43843742477362313
GO:0097486,7,0.7747439714402867,0.43849096257162756
GO:0016423,6,-0.7746448133519642,0.43854956923354094
GO:0061827,16,-0.7744101561411779,0.43868827959184076
GO:0034220,412,0.7743014077731066,0.43875257137746204
GO:0097212,7,0.7740494587792927,0.4389015438449746
GO:0001726,109,-0.7730429910302236,0.43949693819031055
GO:0070291,5,0.771792038421751,0.44023760793654865
GO:0014819,6,0.7715463645595582,0.44038315170579845
GO:0004530,5,-0.7713633047646331,0.44049161916507795
GO:0031406,8,0.7712366182398228,0.4405666930347941
GO:0000139,737,0.7700643326905672,0.441261732153303
GO:0060416,14,-0.7696073879381506,0.4415328212425913
GO:0090091,13,-0.76926663723864,0.4417350385929155
GO:0070989,8,-0.7690334078595596,0.44187347834067037
GO:1902260,6,0.7689371445238478,0.44193062534585337
GO:0030659,194,0.7687483170128796,0.4420427356261538
GO:0035855,13,0.7687348095188149,0.44205075589143783
GO:0044818,21,-0.7684658865899762,0.4422104500101214
GO:0008195,14,-0.7684329364430035,0.4422300190186974
GO:0050872,13,-0.768291619752294,0.44231395226172576
GO:2001244,29,0.7678284003494312,0.4425891393997915
GO:0009611,51,0.7675763111803581,0.4427389404472136
GO:0140664,19,-0.7673146848173746,0.4428944395155848
GO:0030050,5,-0.7670402403886942,0.443057590623101
GO:0015139,6,0.7668497684952795,0.44317084211857727
GO:0099022,15,0.7661508807277435,0.44358653113874047
GO:0009637,5,0.7659684062458995,0.44369510115715205
GO:0004439,9,-0.765645902791396,0.4438870237626551
GO:0043549,5,-0.7656111281983011,0.4439077210402014
GO:0048048,9,-0.7647138121271282,0.44444197964228904
GO:0015677,7,0.7646886359571977,0.4444569747287138
GO:0005657,31,-0.7646813583574477,0.44446130936705064
GO:0005222,9,-0.7642344512140762,0.4447275396181203
GO:0035902,19,0.7639051305667707,0.4449237797772433
GO:1904293,7,-0.7637223574723363,0.4450327144523234
GO:0006886,276,0.763430395564602,0.44520675834867485
GO:0006970,9,-0.7631958359024635,0.4453466118098257
GO:0046033,7,-0.7628466675954306,0.44555484571479254
GO:0031731,8,0.7625932544403288,0.44570600874999466
GO:0140457,6,-0.7623814791841255,0.44583235684472333
GO:0006855,18,0.7623422226723405,0.44585578007290316
GO:0005921,29,-0.7601713365034946,0.4471521760374728
GO:0004707,20,0.7600261589626088,0.4472389486464565
GO:0140031,10,-0.7596881679083032,0.44744100297602807
GO:0033539,11,0.7596575856531239,0.44745928790472633
GO:0007099,23,-0.7594705894417665,0.44757110094595076
GO:0043406,22,0.7590857525671234,0.44780126135961584
GO:0010882,12,0.7590382372098229,0.44782968365999476
GO:0050869,8,0.7587800057052579,0.44798416813501163
GO:0007512,10,0.7587028395452574,0.4480303379113876
GO:0001791,5,0.7585012950510959,0.44815093803027484
GO:0043541,5,0.7581797448082574,0.44834338531703843
GO:1902775,16,0.757371494757381,0.44882732881993437
GO:0032217,6,0.7572935001144903,0.44887404415733967
GO:0032218,6,0.7572935001144903,0.44887404415733967
GO:0006081,16,0.7572915948212319,0.44887518537815985
GO:0010700,5,0.7563576267655063,0.449434806016225
GO:0010591,8,0.7561531010210979,0.44955740778075637
GO:0009898,131,-0.7561265248805373,0.4495733400853077
GO:0005669,45,-0.7558250652413647,0.4497540865107921
GO:0031434,12,0.7553018593785257,0.4500678832897097
GO:0018022,7,-0.755237224527147,0.4501066571519923
GO:0030099,18,0.7549408418696965,0.45028447866349475
GO:0004556,5,-0.7548570589655937,0.4503347533355647
GO:0032700,24,0.7545147652067486,0.45054018276064334
GO:0061052,14,0.7545103478096228,0.450542834231922
GO:0035330,15,-0.7544537632369624,0.45057679898937275
GO:0032740,25,0.7527994732128562,0.4515704233869
GO:0006796,29,0.7527665402648851,0.45159021664014554
GO:0009725,52,0.7526310991420965,0.45167162418180984
GO:0044319,14,0.7525458107631948,0.45172289143265365
GO:0046688,11,-0.7522621558514587,0.45189342142145605
GO:0008080,13,0.7522038312275855,0.4519284900086522
GO:0005892,18,0.7518710579744523,0.45212860453268655
GO:0035791,5,0.7515701009276897,0.45230962937708385
GO:1902042,24,0.7515461611324776,0.4523240308571125
GO:0007217,8,-0.7508145527919987,0.4527642699578446
GO:0061179,9,0.7506525586776027,0.45286178125257737
GO:0035988,10,-0.7505928291724959,0.4528977380287128
GO:0010820,12,0.7500201894811981,0.45324254522874885
GO:0016405,8,-0.748837312707147,0.45395526733377745
GO:0033558,15,0.748512370225772,0.45415116645176534
GO:0007250,16,-0.7485026018448301,0.45415705628482383
GO:2001140,8,0.74801817038628,0.45444919764439284
GO:0003755,43,-0.7477475374082894,0.4546124517378519
GO:0038160,5,-0.7475328589898295,0.45474197582873743
GO:0008626,7,0.747446604242952,0.4547940226274163
GO:0010642,9,0.7470307206678766,0.4550450171680225
GO:0008622,5,-0.7467468472851133,0.45521638555026134
GO:0008401,11,0.7466734271414056,0.4552607136582705
GO:0045124,10,0.7462978081028091,0.4554875352322355
GO:0048514,17,0.7460839727367113,0.45561669041204744
GO:0015793,8,-0.7455607434236787,0.4559328044323979
GO:0021895,8,-0.745137049119782,0.45618887379854
GO:0010983,7,0.7450913004361023,0.4562165279013274
GO:0035658,5,0.7444959955852443,0.4565764629088318
GO:0005849,6,-0.7440843236837065,0.4568254625361976
GO:0035727,8,0.7439224587819446,0.45692338736892235
GO:0046222,6,-0.7429754051685296,0.45749657102320906
GO:0046485,5,0.7417806824234976,0.45822022653421646
GO:1990745,5,-0.7416377712044583,0.4583068322616457
GO:0008217,70,0.7412834093198972,0.4585216189536191
GO:0003993,9,0.7411718650639075,0.4585892401080125
GO:1905691,7,0.7408940282674855,0.45875769661706345
GO:0002504,14,0.7403742225407608,0.4590729555554379
GO:0097342,7,0.7401995156064913,0.4591789414729166
GO:0071870,7,-0.7401693194038395,0.45919726138092487
GO:0043008,7,-0.7401391232011876,0.45921558169839316
GO:1904753,25,0.7398703212548654,0.45937868438814833
GO:0000178,16,-0.7398534337566893,0.45938893240740575
GO:0006054,7,-0.7389916675004146,0.4599120570973888
GO:0030008,15,0.7389607557668096,0.45993082788041817
GO:0000444,5,0.738815274628432,0.46001917533100556
GO:0010903,6,-0.7387028073600538,0.4600874807031331
GO:1901264,8,0.7380189848143163,0.46050291259400167
GO:0045503,9,-0.7380027568053971,0.4605127738872351
GO:0015721,35,-0.7378621101928672,0.46059824572672725
GO:0060396,15,-0.7373516284929456,0.4609085432175585
GO:0072359,13,-0.7368916247942887,0.4611882576020315
GO:0019637,8,0.7367761481895524,0.4612584903369701
GO:0071320,51,-0.7366843251373445,0.4613143412741605
GO:0001707,13,-0.7358279693546386,0.46183539752343084
GO:0015847,5,-0.7355640443952879,0.46199605090853124
GO:0010310,5,0.7353139497619692,0.46214831443804716
GO:0015734,8,0.7353073412693769,0.46215233822445956
GO:0001609,5,0.7348494883000914,0.4624311638560912
GO:0035810,9,0.7348336485468866,0.462440811708939
GO:0030970,19,0.7344106532053633,0.4626984959484952
GO:0005471,5,0.7340634765953752,0.46291005205118907
GO:0061051,9,-0.7331026230275322,0.4634958404362355
GO:0003073,10,0.7330085076166017,0.46355324048892643
GO:0042634,5,-0.732884459038301,0.46362890253204037
GO:0010971,23,-0.7318456006897492,0.46426281254275115
GO:1903307,5,0.7317054414812267,0.46434837442820154
GO:0034982,6,-0.7316252980131894,0.4643973029218802
GO:0035493,12,0.7305771863220404,0.46503745101662575
GO:0008140,10,0.7297493445696042,0.4655434129585113
GO:0035970,8,0.7296863301710131,0.4655819387465223
GO:1903028,9,0.7293209980467886,0.4658053306661507
GO:0009749,46,0.7291418208851087,0.4659149150048133
GO:0071233,13,-0.7284488597420656,0.46633886318910966
GO:0043328,16,0.7284077679033298,0.4663640095772623
GO:0090494,7,-0.7279398573298123,0.46665040323435303
GO:0045294,11,-0.7274742168745422,0.46693550427849706
GO:0021670,7,0.7274567180873815,0.4669462202706305
GO:0071402,5,0.7273109214957683,0.4670355091972751
GO:0051646,11,-0.7270887873083316,0.46717156709033825
GO:0006509,20,0.7269543544527638,0.46725391831467744
GO:1904515,8,-0.7264662534613977,0.4675529881304481
GO:0015081,8,0.7262120368790597,0.4677087940238195
GO:1900118,8,-0.7258448351490159,0.4679338977654668
GO:0010038,14,0.7248287554777222,0.4685570924313883
GO:0072687,16,0.7238934215109053,0.469131169002196
GO:0120170,6,-0.7236345616538264,0.46929011719396085
GO:0006413,65,-0.7235388405634738,0.4693489005317728
GO:0007173,64,-0.7226357114831138,0.4699037220737776
GO:0022848,18,0.7225480302143585,0.4699576068199063
GO:0005858,16,-0.7224152726921468,0.4700391997895289
GO:0046513,35,-0.7223678434067514,0.4700683517958819
GO:0044224,12,0.7216744588968508,0.4704946486993776
GO:0048500,6,-0.7214493398739189,0.4706330990956983
GO:0001829,6,-0.7213188788721334,0.47071334417761423
GO:0098976,9,0.7211718625249045,0.4708037813146341
GO:0030015,6,-0.7209927263676696,0.4709139899198208
GO:0008296,13,-0.7208259957579063,0.47101657914280937
GO:0086100,10,-0.7204266223654017,0.4712623634387726
GO:0140677,27,0.7201538245604641,0.47143029063377206
GO:0051693,19,0.7201308534138552,0.47144443257710644
GO:0030553,15,0.7200431953804846,0.4714984004674181
GO:0106437,5,0.7196294434724058,0.47175317857981236
GO:0050321,22,-0.7193750633702573,0.4719098571704038
GO:0045648,35,0.7192608849404858,0.47198019163094573
GO:0015808,7,0.7191527623581038,0.47204680098540686
GO:0006851,16,0.7182804509964306,0.4725843813573315
GO:0048477,35,0.7176398631319993,0.4729793717879931
GO:0060385,9,-0.7176032868388507,0.47300193043805705
GO:0060122,6,-0.7176007403212461,0.4730035010402419
GO:0032453,8,-0.7175121805057127,0.47305812339439557
GO:0030838,41,-0.7174955359778326,0.4730683898748195
GO:0005388,9,-0.7171505570876349,0.4732812032685033
GO:0005861,9,0.7170174012784538,0.4733633595964386
GO:0006382,5,-0.7168784025058992,0.473449129365503
GO:0060391,42,-0.7166554739373556,0.47358670620919274
GO:0080090,71,-0.7164690362521822,0.47370178015968223
GO:0090136,10,0.7162326606150017,0.47384769914896785
GO:0002726,12,0.7156316749968515,0.4742188097781238
GO:1990314,11,0.715092292060028,0.47455201648350365
GO:0021695,5,-0.7148419176345892,0.4747067303154118
GO:0005543,133,0.7145630006715534,0.47487911404144323
GO:0045104,17,-0.7144383850099828,0.4749561434532352
GO:0002102,41,-0.7141254301254237,0.47514962233434843
GO:0000932,99,-0.713809693728432,0.47534486466031156
GO:0015431,8,0.7137271780575682,0.4753958972367418
GO:0062100,5,0.7125910659347201,0.4760988417417039
GO:0032100,5,0.7124838825204406,0.4761651885290733
GO:0036402,6,0.7123823002498254,0.47622807287185887
GO:0002573,5,-0.7120551488633227,0.4764306263434208
GO:0042780,7,-0.7119358699242951,0.47650448879639284
GO:0061053,10,-0.7116344615874547,0.47669116125644784
GO:0030866,23,0.7113684528150633,0.47685594282522104
GO:0003707,26,-0.7097767496119611,0.47784258930929124
GO:0045475,11,-0.7097203674809683,0.47787755926977415
GO:2000320,8,-0.7091230332885567,0.47824813054741777
GO:0033574,35,0.7089944134867386,0.4783279436185969
GO:0015860,5,0.7088396464349385,0.4784239916183566
GO:0160227,8,-0.7082756446807632,0.4787740986925446
GO:0042421,5,-0.7082322737540214,0.47880102721765605
GO:0045054,6,0.7074573974324221,0.4792822786735442
GO:0046007,14,0.706870324433745,0.4796470670693941
GO:0098794,231,0.7064590374437357,0.4799027178567983
GO:0034045,20,0.7057104994758833,0.4803681902146616
GO:0006865,71,0.7053676089920172,0.48058149606941203
GO:0003726,5,0.7048024044970781,0.48093321199173156
GO:0046628,18,-0.7047319838039227,0.4809770432580286
GO:0015884,7,0.704507604071923,0.4811167162568719
GO:0006228,10,0.7039539533216619,0.4814614499515042
GO:0006302,79,-0.7038998304848068,0.4814951570459377
GO:0051258,17,-0.7033924664525821,0.4818112000992716
GO:0007175,10,-0.7030696842779028,0.4820123236473747
GO:0000177,12,0.7030156338010517,0.48204600662260066
GO:0019208,6,0.702989108121268,0.4820625372653149
GO:0034164,6,0.7023041878618941,0.4824894821389364
GO:0050665,8,0.7019484764092381,0.48271129583608097
GO:0048488,41,-0.7014438466215447,0.48302606669974213
GO:0001915,5,-0.7013368074353751,0.48309284842338784
GO:0006307,10,-0.7011748220412763,0.48319392060785193
GO:0021554,8,-0.7008751175060329,0.4833809541084041
GO:0050808,59,-0.7008345497952937,0.48340627379821866
GO:0032926,14,0.7008272376496242,0.4834108376339199
GO:0000176,16,-0.7007424150117016,0.4834637809283623
GO:0016831,27,0.6998078027381891,0.48404734122195037
GO:0050291,8,-0.6997170197420485,0.4841040453453953
GO:0010369,12,-0.6993484481518155,0.4843342964768177
GO:0051019,24,0.6987311062286891,0.4847200904099711
GO:0035872,6,-0.698683895062346,0.484749600817575
GO:0006972,5,-0.6985500386641087,0.4848332760800683
GO:0043203,6,-0.6979011290516328,0.4852390282646335
GO:0099538,7,-0.6974718888540259,0.4855075258912387
GO:0042166,9,0.6973902350051578,0.48555861097547903
GO:1990351,6,-0.6973792850444908,0.48556546181881755
GO:1904996,14,0.6972825295006346,0.48562599920218685
GO:0015844,9,0.6970972922249594,0.4857419086582595
GO:0005337,7,0.6967773761930318,0.4859421265800664
GO:1901642,7,0.6967773761930318,0.4859421265800664
GO:0045719,10,0.6967029471628378,0.4859887140340613
GO:0021854,11,-0.6963989580988158,0.4861790153630092
GO:0019432,19,-0.6962639736596274,0.48626353039384873
GO:0016765,9,0.6961918327225278,0.4863087017722951
GO:0060923,5,0.6961562757452003,0.48633096677133003
GO:2000311,12,-0.6960964155949457,0.486368451128928
GO:0030262,5,-0.6960490923309208,0.48639808600822776
GO:0010762,12,0.6959349671701366,0.48646955773502554
GO:1990909,14,-0.6954247607719473,0.486789147679762
GO:0030137,14,-0.695382053444851,0.4868159044142517
GO:0180059,6,-0.6948026802592268,0.4871789682756851
GO:0014894,8,-0.6943784715129492,0.4874448911364567
GO:0006730,21,-0.6942208388249527,0.4875437259798294
GO:0035904,11,0.6941345593973288,0.4875978272950128
GO:0046889,17,0.6938387158406548,0.4877833599137287
GO:0032230,12,0.6930058314628851,0.488305891919949
GO:0022400,9,-0.692383576579948,0.4886964768557641
GO:0000255,6,0.6923565364757482,0.4887134535521779
GO:0097400,18,-0.69205735459227,0.4889013113180696
GO:0044233,27,-0.6916724697495394,0.4891430396005182
GO:0021955,6,-0.6909866959570004,0.4895739017352506
GO:0003007,31,-0.6903331511330999,0.4899847049050874
GO:0046330,95,-0.6901013618625144,0.4901304468209706
GO:0000212,5,0.6899396377169907,0.4902321477644527
GO:0098908,8,0.6894071250138938,0.49056710092659783
GO:0031397,54,-0.6890416618116232,0.49079705028608445
GO:0008199,12,0.6887620442964735,0.49097302466605053
GO:0009378,7,-0.6887451862876214,0.49098363516229293
GO:0000956,26,-0.6885419017233252,0.4911115929560289
GO:1904751,7,-0.6879600850186715,0.49147791739377156
GO:0006086,6,0.6873990184078985,0.49183131602678365
GO:0062234,5,0.6872957801647637,0.49189635747820926
GO:2000010,18,0.687047768603712,0.4920526268850164
GO:0070695,5,-0.6869742299219251,0.4920989679333444
GO:0030948,12,0.6865940225918936,0.49233859627231347
GO:2000503,5,-0.6865097684600474,0.4923917064991391
GO:0071421,10,-0.6863191021061245,0.49251190581381066
GO:0006112,8,0.6862717871650578,0.49254173639414467
GO:0006817,11,-0.6862091639421242,0.49258121985354375
GO:0015116,11,-0.6858237343759136,0.4928242675798251
GO:0016175,11,0.6856791982885847,0.49291542704393365
GO:0141214,5,0.6854736621220126,0.493045075050595
GO:0006559,7,0.6852122305773468,0.4932100071117518
GO:0007635,5,-0.6845804670030169,0.4936086963919505
GO:0090181,13,0.6843514779732368,0.4937532479012774
GO:0002821,8,-0.6837013750547507,0.49416375501099197
GO:0061966,6,-0.6836482646065649,0.4941972996376336
GO:0033018,10,-0.6834894411660954,0.49429761999171584
GO:0004459,6,-0.683322112102101,0.4944033246788547
GO:0072583,30,-0.6826817235013475,0.4948079809563213
GO:2000369,10,-0.6823777886539413,0.4950000968056578
GO:0019865,5,-0.6820080650603094,0.49523385114494844
GO:0036122,20,-0.6817329945314143,0.4954078002000307
GO:0051782,6,-0.6816913495797821,0.49543413847113504
GO:0071005,50,-0.6813254765312956,0.49566556632926384
GO:0010824,25,-0.6812336605207883,0.4957236523141484
GO:0098734,15,0.6810734335813917,0.4958250261218373
GO:0043559,5,-0.6810434143317942,0.49584402019872975
GO:0017077,5,-0.6807575918937155,0.49602488805162137
GO:0097227,13,-0.6805400459811571,0.4961625742483946
GO:0009891,13,-0.6803406105862227,0.4962888160938044
GO:0046479,11,0.6796327719686566,0.4967370135171226
GO:0051664,5,-0.6791855684842832,0.49702029015690763
GO:0005164,32,0.6789603498270509,0.4971629852795091
GO:0097753,5,0.6787568348271653,0.497291948063161
GO:0030833,31,-0.6786211555549014,0.4973779348015215
GO:0010874,7,0.6774216102931517,0.4981384909443328
GO:0005685,64,0.6773573088400573,0.4981792779130805
GO:0010972,16,-0.6772718087679016,0.4982335141010994
GO:0001824,5,0.6772205392224928,0.498266037974191
GO:0004382,10,0.676996379901922,0.49840825123459376
GO:0038061,20,-0.6768017043938037,0.4985317766097004
GO:0002042,24,0.6767764848882013,0.49854778006467726
GO:0017111,14,-0.6765694758589486,0.49867915139514873
GO:0008311,5,0.676148705079698,0.4989462361526339
GO:0004985,7,-0.6752474837022135,0.49951854317570044
GO:0005267,90,0.675202646757809,0.4995470252994728
GO:0099512,10,-0.6752025769845822,0.49954706962273876
GO:0008154,21,-0.6747964651259775,0.499805086526792
GO:1903561,171,0.6746289555666133,0.49991153174251446
GO:0045345,5,-0.674505226060746,0.4999901643168698
GO:0010765,13,-0.6742689107848865,0.5001403656350116
GO:0045670,7,-0.6740396355961368,0.5002861151698643
GO:0070531,9,0.6740347060747908,0.5002892490988577
GO:0014044,11,-0.6734418095613994,0.5006662572805929
GO:0048786,45,-0.673184251625845,0.5008300788942956
GO:0160240,19,-0.6729836838839981,0.5009576711512471
GO:0006361,18,-0.6726593336591317,0.5011640447529219
GO:0070857,5,-0.6723258299703967,0.5013762893638135
GO:0097418,5,-0.6717184572894797,0.501762948814281
GO:0033622,10,-0.6716402359797243,0.501812756743298
GO:0035654,7,0.6706576608991218,0.5024386406669883
GO:0060999,19,0.6705273383486168,0.5025216849529984
GO:0001503,81,-0.6703216915916584,0.5026527421775013
GO:0031013,5,-0.6702893450990867,0.502673358013065
GO:0051384,47,-0.6702278944523173,0.5027125244312101
GO:0061668,7,-0.6700537368460835,0.5028235349501953
GO:0051262,28,-0.669460982155863,0.5032014622378971
GO:0015755,9,0.6691345722969257,0.5034096379963204
GO:0006694,65,0.6691199778308367,0.5034189470311359
GO:0000244,165,0.6687770864709955,0.5036376853746778
GO:0051865,70,0.6686113758050879,0.5037434140293509
GO:0006883,28,0.6682679431847304,0.5039625722180077
GO:0098553,32,-0.667898866422324,0.5041981510444459
GO:0031430,28,-0.6677997886517542,0.5042614015036697
GO:0072672,6,0.6677646376391779,0.5042838426357897
GO:0017083,6,0.6674711003851606,0.5044712634434936
GO:0055013,15,-0.6667975864850592,0.5049014345944665
GO:1990817,14,-0.66661866864552,0.5050157413287196
GO:0070307,5,-0.6651802690184316,0.5059351989485592
GO:1902527,5,0.6647158075565539,0.506232281271926
GO:0032426,19,-0.6646797694994626,0.5062553360397202
GO:0051489,15,-0.6645695641058628,0.5063258415955261
GO:1990262,5,-0.6645371685327548,0.506346568132113
GO:2001212,6,-0.6644378820936473,0.5064100939121488
GO:0010508,80,-0.6644153727939672,0.5064244964699895
GO:0004971,6,-0.6641443448396298,0.5065979304049119
GO:0032580,90,-0.6629716004482052,0.5073487428936905
GO:0045684,5,-0.6624292280519251,0.5076961771874691
GO:0046703,13,0.6619925542522578,0.5079759935313419
GO:0038100,5,0.6617146719567285,0.5081540999393739
GO:1901166,7,0.6616893887115018,0.5081703066564593
GO:2001237,31,0.6616416325536653,0.5082009193897148
GO:0071474,13,-0.6612834506258244,0.5084305526080255
GO:1905563,28,0.6610039970440362,0.5086097502490721
GO:0004758,5,0.6603570153758552,0.5090247497146287
GO:0005802,204,-0.6601849288069477,0.5091351626644607
GO:0016758,35,-0.6598234186293178,0.5093671530860839
GO:0042256,7,-0.6593642811073042,0.5096618732756921
GO:0046655,14,0.6593584230391558,0.5096656341438838
GO:0006285,5,-0.6590708144045014,0.5098502961826943
GO:0070481,5,-0.6590350865997416,0.5098732380264629
GO:0038162,6,0.6586323675141916,0.5101318728099691
GO:0051393,16,0.6582156739963397,0.5103995544944475
GO:0044292,6,-0.6582083692583888,0.5104042476739574
GO:0071006,12,-0.658109907643424,0.5104675099184571
GO:0051132,10,-0.6577951092374399,0.5106697974980445
GO:0033198,16,0.6572568747625505,0.511015760804101
GO:1905166,5,-0.6570343295331914,0.5111588429388059
GO:0001920,5,-0.6569986017284316,0.5111818155470371
GO:0016857,5,0.656498412461794,0.5115034886754224
GO:0030070,7,-0.6561936798288526,0.5116995148821053
GO:0016183,5,0.6551764836856805,0.5123541332369669
GO:0045740,29,-0.6538924774635736,0.5131810807655246
GO:0045321,14,0.6538918851708346,0.5131814623843072
GO:1900017,32,0.652669902041359,0.5139691101426054
GO:0030426,139,-0.6526323503408739,0.5139933246168619
GO:0098693,15,0.6526042587361043,0.5140114393227914
GO:0006099,34,0.6523989300310619,0.5141438544135097
GO:0005850,5,0.6520681646715757,0.5143572000559296
GO:0015867,12,-0.6519518034399898,0.5144322646918917
GO:0010524,12,0.6518364831365546,0.5145066634436326
GO:0006595,5,-0.6516751588192176,0.514610751012569
GO:0030506,19,-0.6507115956340851,0.5152326764949174
GO:0060042,6,0.6506090159043822,0.5152989088822091
GO:2000406,20,0.650572958299556,0.5153221911521635
GO:0098698,5,0.6503175022383442,0.5154871538822428
GO:0001952,10,0.6501651306312904,0.5155855620771798
GO:0140021,5,-0.6500316798002655,0.5156717584227302
GO:0036444,13,-0.6498713141379113,0.5157753490411515
GO:0018107,19,-0.6494834228663944,0.5160259578955075
GO:1902951,5,-0.6492099402907896,0.5162026875165643
GO:0042645,47,-0.6491255149759366,0.5162572510936347
GO:0046602,5,-0.6491027568765101,0.5162719600291514
GO:0019706,27,0.6489658162344543,0.516360471614967
GO:0042698,5,-0.6487454788289119,0.5165029032105654
GO:0032688,12,-0.6484230021548757,0.5167113968827175
GO:0017069,13,-0.6482536714901102,0.5168208931813993
GO:1990544,8,-0.6472636649196286,0.5174613134032255
GO:0008138,20,0.6471782295816356,0.5175165994732738
GO:2001046,13,0.6467468262839391,0.5177958115890808
GO:0030054,183,-0.6465770530185747,0.5179057133218696
GO:0071902,11,-0.646124489056226,0.5181987369035075
GO:0007602,27,-0.6460438629871131,0.5182509492140528
GO:0061045,13,0.644708153357943,0.519116331618283
GO:0006707,7,0.6446587304158196,0.51914836616832
GO:0043274,23,0.6446386096595573,0.5191614081644934
GO:0001891,31,0.6443463449657619,0.5193508691734521
GO:0009925,72,0.6438410670871767,0.5196785004511284
GO:0072572,6,-0.6438250438115353,0.5196888919757996
GO:0071313,8,-0.6435069087584107,0.5198952332952826
GO:0051896,20,0.6430688211336268,0.5201794445882972
GO:0048193,22,-0.6423727831601177,0.5206311669916266
GO:0002933,8,0.6420663481251616,0.5208301046368407
GO:0099507,16,0.6416763872134746,0.5210833238895586
GO:0099634,36,0.64155807635427,0.5211601610106948
GO:0097038,18,-0.6413023386555632,0.5213262700764076
GO:1902074,7,-0.641125774705545,0.521440969390849
GO:0030193,9,0.6409854342360386,0.5215321465026213
GO:0032289,5,-0.640742450562711,0.5216900287685168
GO:0015180,9,0.6405859668084953,0.521791719435653
GO:1990716,6,-0.6404004425146654,0.5219122952489896
GO:0010387,5,-0.6397420720294359,0.522340298525023
GO:0008251,7,-0.6395253759649933,0.5224812109704127
GO:0035021,6,-0.6390632172463638,0.5227818073466526
GO:0031103,12,0.6388514169697626,0.5229195957444153
GO:0031117,5,0.6387774213009205,0.522967738625495
GO:0016311,101,-0.6387766069503579,0.5229682684689264
GO:0090599,6,0.6381173749834188,0.523397277009766
GO:0008235,13,0.6377279145352389,0.5236508111040753
GO:0046326,31,-0.6375430534166614,0.5237711755240523
GO:0031258,24,-0.6374506364098089,0.5238313542290444
GO:0030663,17,0.6373107431530448,0.5239224545434185
GO:0061744,9,-0.6369641287987691,0.5241482093264065
GO:0048020,26,0.6369200648634237,0.5241769123562084
GO:0019509,5,-0.6369195754534096,0.5241772311599973
GO:0010593,8,0.636897277617621,0.5241917561715682
GO:0006241,11,0.6368500901192845,0.5242224952142273
GO:0055085,614,-0.635487978937997,0.5251102043995677
GO:0097255,5,-0.6352403686296978,0.5252716585173669
GO:0030122,12,0.6351611672598393,0.5253233070731859
GO:0004438,14,-0.6347162953046139,0.5256134638962158
GO:0005313,14,-0.6346522343139696,0.5256552528565428
GO:0006182,12,0.6342847329537326,0.5258950181583169
GO:0099054,14,0.6336913194543037,0.5262822910870948
GO:0050909,33,-0.6336559065374242,0.5263054068361062
GO:0043025,363,-0.6327692717578736,0.5268843259023002
GO:0050805,7,0.6327312303683115,0.5269091719072543
GO:0033209,55,0.6325071706243672,0.5270555243713517
GO:0050982,14,-0.6324528069685121,0.5270910370230499
GO:1904659,19,0.6321056947504129,0.5273178142692838
GO:0008656,11,-0.6319840418458762,0.5273973049852334
GO:0071394,6,0.6319530926490531,0.5274175288546349
GO:0010880,25,0.6319142996526057,0.5274428788431138
GO:0048495,6,-0.6318878621481603,0.527460155266885
GO:0005319,41,0.6318199560854845,0.5275045319548131
GO:0032330,6,0.6316595553950356,0.5276093615456333
GO:0000076,17,-0.6316133746339645,0.527639544870636
GO:0009566,28,-0.6311780227657184,0.5279241301541836
GO:0042609,9,-0.6311585355184726,0.527936870607266
GO:0051149,14,0.6307445138846618,0.5282075884094126
GO:0047238,6,-0.6304201758780732,0.5284197138498992
GO:0090281,8,0.6303441390506844,0.528469450177752
GO:0061753,8,0.6303441390506844,0.528469450177752
GO:0086012,12,0.6303177145155652,0.5284867352464511
GO:0010764,12,0.6303177145155652,0.5284867352464511
GO:0007229,95,0.6301881543492268,0.5285714885431347
GO:0071225,10,0.6301553854125145,0.5285929258224973
GO:0160128,5,0.6298811979157241,0.5287723152990489
GO:0031915,9,0.6295872969701354,0.5289646368709708
GO:0003139,8,-0.6292142875736264,0.5292087763204348
GO:0061631,37,0.6286713388213176,0.529564245676314
GO:0045428,9,0.6284954193348503,0.5296794464588936
GO:0045661,5,-0.6278089852396541,0.5301290792636704
GO:0071221,6,0.6274195728370063,0.5303842410359205
GO:0031647,116,-0.6272033017795516,0.5305259791861812
GO:0071598,6,-0.627060805082096,0.5306193781418888
GO:0050671,7,-0.62657120502732,0.5309403483574053
GO:0035025,29,-0.6265585402461017,0.530948652395271
GO:0035924,34,-0.6261664653332729,0.5312057604843885
GO:0098871,12,0.6259355429850314,0.5313572202801637
GO:0042417,12,0.625474261771291,0.5316598358321781
GO:0046716,13,-0.6247424543761767,0.5321401045432532
GO:0010460,23,0.6245946642622855,0.5322371225269402
GO:0002638,6,-0.6245494307977248,0.5322668181809456
GO:0051315,15,-0.6237843766644618,0.5327692013253145
GO:0017145,6,0.6235383580338871,0.5329308037519626
GO:0045095,116,0.6235120356633091,0.5329480956138853
GO:0009303,11,-0.6232396085624741,0.5331270768539266
GO:0006449,5,0.6232000984256366,0.5331530370494155
GO:0010959,5,-0.6226999091589991,0.5334817424292153
GO:0001580,36,-0.6225907819821302,0.5335534702720461
GO:0070097,11,-0.6224928387779411,0.5336178511881788
GO:1900745,29,-0.622433222902748,0.5336570403582835
GO:1990023,14,-0.6220535728205728,0.5339066417501064
GO:0002735,6,-0.621385751504426,0.5343458447031024
GO:0001664,71,-0.6213762977894703,0.5343520633928915
GO:0070842,5,-0.6210921579448069,0.5345389887150047
GO:0051205,10,0.620099983143483,0.535191963283922
GO:0071933,15,0.6197615584798016,0.535414780788749
GO:0000388,34,-0.6195740852289696,0.5355382325786567
GO:0140115,10,0.6193673030786542,0.5356744159778744
GO:0016233,11,-0.6184217389848421,0.5362973714758175
GO:0071038,7,-0.61838803410865,0.5363195836131573
GO:0071035,7,-0.61838803410865,0.5363195836131573
GO:0032696,6,-0.6179611502075562,0.5366009480651992
GO:0009897,366,-0.6178765857997432,0.536656694321142
GO:0040012,7,0.6172707746105289,0.5370561402389017
GO:0048471,723,-0.616984359390956,0.5372450421710557
GO:1903670,7,0.6157911606805849,0.5380323620717673
GO:0046825,7,0.6156401796673253,0.5381320266013744
GO:1904862,25,0.6154212405417941,0.5382765676215825
GO:0060349,14,-0.6146011442422755,0.5388181585751779
GO:0044545,9,-0.6145406905326697,0.5388580929661871
GO:2000147,21,-0.6143960786867944,0.5389536263903054
GO:0007409,86,-0.6143656547415394,0.538973726126571
GO:0045545,6,0.6138842439017587,0.5392918226778107
GO:0032993,48,-0.6135166360615226,0.5395347861829027
GO:0008177,5,0.6124103013881693,0.5402663278959332
GO:0030335,284,-0.6122430567320307,0.5403769582403023
GO:0060392,44,0.6119096619606005,0.5405975287018279
GO:0071889,33,-0.6111887988279698,0.5410745979680502
GO:0000086,44,0.6106203910518538,0.5414509200974359
GO:0070234,5,0.6105881833454182,0.5414722475608373
GO:0003847,9,0.610492753933564,0.5415354419581111
GO:0072669,8,-0.6104587530544627,0.541557958600662
GO:2000253,7,0.6103860404058914,0.541606113180439
GO:0005326,18,-0.6100018427420912,0.5418605868802326
GO:0009395,20,0.6099791496305296,0.5418756195507577
GO:0046599,10,-0.609943521555165,0.5418992211905596
GO:0005025,5,0.6095163492026234,0.5421822393075557
GO:0023051,15,0.6095085295681293,0.5421874208032261
GO:0086073,6,-0.6094159545906047,0.5422487652971717
GO:0032956,101,0.6092757550191162,0.5423416746558132
GO:0008228,7,0.6092083885024666,0.5423863208383022
GO:1904823,7,0.6090272112865551,0.5425064025023578
GO:0071549,16,-0.6089573633604155,0.542552700246593
GO:0099638,6,-0.6088288800825699,0.5426378687760007
GO:0016779,106,-0.6087814632978591,0.5426693019255008
GO:0003777,60,-0.6082771031137362,0.5430037044265139
GO:0035357,9,-0.6080160558827952,0.5431768250967045
GO:0045190,13,-0.607989881201687,0.5431941850742553
GO:0038023,325,-0.6076988423210338,0.5433872310023131
GO:0140933,6,0.6076873463169465,0.543394856996531
GO:0033085,5,-0.6074798643313134,0.5435325014927859
GO:0016525,130,0.6068022849945078,0.5439821315462323
GO:0006308,19,0.6062407428815838,0.5443549014084066
GO:0150104,86,0.6061050153326719,0.5444450208056149
GO:0034198,55,0.6057440183006512,0.5446847490868947
GO:0046512,16,0.6036839675745745,0.5460537752200743
GO:0009267,75,-0.6027145373183102,0.5466986089416952
GO:0071385,31,0.6026223607184301,0.546759941468465
GO:0008188,23,-0.6020514738030097,0.547139874460814
GO:1903142,6,-0.6019470622383837,0.5472093759048126
GO:0003376,17,0.6016925005065493,0.5473788429507752
GO:0072559,8,0.6010527395079546,0.5478048597538521
GO:0015036,9,-0.600799011025179,0.547973862915323
GO:1990266,9,0.600213125464782,0.5483642072856284
GO:0035725,146,-0.5999524909391784,0.5485378983272665
GO:0033194,6,0.599827070959369,0.5486214899005046
GO:0019216,38,0.5998021945844012,0.5486380705845664
GO:1904951,8,-0.5996121788747055,0.548764728648171
GO:0015833,10,0.5992564985405914,0.5490018519508588
GO:0031932,9,0.5989880920203158,0.5491808254205806
GO:0009948,12,0.5985123748281648,0.5494981043415287
GO:0004017,10,-0.5980943163687938,0.5497770024391777
GO:0007625,5,0.5976189902176016,0.5500941900892679
GO:0043415,5,-0.5974403511938025,0.5502134201530424
GO:0005522,12,-0.5965980577911422,0.5507757682657852
GO:0050864,5,0.5950465882748941,0.5518123298007306
GO:0140311,66,0.5945640106279889,0.5521349429105984
GO:0140359,45,0.5945587139890495,0.552138484336693
GO:0015562,14,0.5940589199089745,0.5524727056303406
GO:0097490,6,-0.5940541716303599,0.5524758813656943
GO:2000110,7,0.5939593061632474,0.5525393309978313
GO:0070830,29,-0.5939418225457741,0.5525510250962862
GO:2000001,17,-0.5939215999073956,0.5525645513686767
GO:0097546,48,-0.5938809656920777,0.5525917307795634
GO:0006814,148,-0.5937215205774521,0.5526983867518803
GO:0046777,97,-0.5935541242017494,0.5528103723440652
GO:0031119,6,-0.5933692513709858,0.552934062345431
GO:0035729,11,0.5930074769628334,0.5531761484003528
GO:0005689,25,0.5929350640215306,0.5532246107021948
GO:0007033,9,0.592783031312476,0.5533263652389266
GO:2000434,15,0.592592063355712,0.5534541918865197
GO:0071470,13,0.5925890368150859,0.5534562178535392
GO:1990416,9,-0.59254335085595,0.5534868004869128
GO:0043546,6,0.5924886396089336,0.5535234258267453
GO:1903598,6,-0.5923581786071481,0.5536107651014959
GO:0001765,5,-0.5922955473083875,0.5536526970581268
GO:0046943,5,-0.5911522575560731,0.5544184083206949
GO:0032026,13,-0.5909935536556108,0.5545247402129552
GO:1990404,16,-0.5906802529663074,0.5547346815028353
GO:0005283,8,-0.5903473967628295,0.5549577694177381
GO:0019367,8,0.5898954561720063,0.5552607406105564
GO:0048870,36,0.5896244522271824,0.5554424545375753
GO:0051152,10,-0.5894790093995985,0.5555399890312729
GO:0030949,16,-0.5892420541156235,0.5556989100237009
GO:0035871,11,-0.5891531813007278,0.5557585208992057
GO:0010975,35,0.5890793252039572,0.5558080617812697
GO:0034332,28,-0.5885004514692495,0.5561964309103413
GO:0019985,18,0.5875152048836764,0.5568577417383842
GO:0042761,13,-0.5866502939437059,0.5574385972818683
GO:0048019,14,-0.5861580643961665,0.55776929968203
GO:0110011,6,0.5857698980169794,0.5580301549721676
GO:0005221,7,-0.5853533884074505,0.558310123433029
GO:0035640,11,-0.5850579921597406,0.5585087235742329
GO:0019531,9,-0.5848203139234455,0.5586685437928836
GO:0050860,34,-0.5845152322002632,0.5588737201992471
GO:0097054,5,-0.5844354302612259,0.558927395381736
GO:0008353,12,-0.5838436322312202,0.5593255197951295
GO:0044390,7,0.582575337763474,0.5601792116385229
GO:0000930,10,-0.582430121879348,0.5602769970523324
GO:0033489,20,0.5819279702245562,0.5606151994732989
GO:0007626,32,-0.5813989138206088,0.5609716293458755
GO:0043267,7,-0.5812467048467895,0.561074194161551
GO:0004407,19,0.5804857766337419,0.5615870756785971
GO:0036150,9,-0.5803196475731238,0.5616990802797717
GO:0006139,60,0.5792771258529693,0.5624021972890965
GO:0099171,37,0.5790203745502616,0.5625754255116691
GO:0008157,26,-0.5787788946295941,0.5627383737473203
GO:0032206,39,-0.5787469925335985,0.5627599026660322
GO:0019226,16,0.5786952625439414,0.5627948131526288
GO:0019885,9,0.5786418843774418,0.5628308370229653
GO:0001006,6,-0.5783336209152048,0.5630388997109725
GO:0001516,20,0.5782652366078527,0.5630850607857745
GO:0006695,34,0.57747056822186,0.5636216151437756
GO:0015171,33,-0.5771612165014525,0.5638305538021398
GO:0030644,8,0.5769304104727653,0.5639864663665491
GO:1990742,11,0.5769157925735425,0.5639963416524938
GO:0001955,5,0.576646768823584,0.5641780985357803
GO:0046935,6,0.5764745516397611,0.5642944661101745
GO:0008356,5,0.5761823073617063,0.5644919627235789
GO:0044571,11,0.5760726653974569,0.5645660665665903
GO:0008526,11,0.5758317719185754,0.5647288959631945
GO:0032727,27,0.5748250972584997,0.5654095914004585
GO:0055009,5,0.5747174673665534,0.5654823921352824
GO:0008170,8,0.5744447372232375,0.5656668866521215
GO:0006700,6,0.5742567146094074,0.5657940956657321
GO:0030518,31,-0.5735002540662676,0.5663060271256453
GO:0035694,10,0.573385312803184,0.566383832583114
GO:0060372,6,0.5731477960942305,0.5665446274363577
GO:0032816,7,-0.5731239263334234,0.5665607880772144
GO:2000318,11,0.5727001566931146,0.5668477313513434
GO:0010039,18,-0.5724864469180021,0.5669924651241114
GO:0032482,16,-0.5724830425083484,0.5669947708851815
GO:0070411,16,-0.5723232426360502,0.5671030062545741
GO:1900028,7,-0.5720670592406062,0.5672765445983545
GO:0097422,6,-0.5711908810674476,0.5678702589120732
GO:0090150,12,-0.5709508223071761,0.568032978990578
GO:0030510,16,0.5709449687374781,0.5680369470198944
GO:0032238,5,0.5709303200620119,0.5680468771508909
GO:0000347,5,0.570894592257252,0.5680710968753502
GO:0051050,8,-0.570716227348946,0.5681920170648436
GO:0032979,5,0.5702514917715752,0.5685071363711522
GO:0031641,13,0.5702079536057809,0.5685366622050949
GO:0045446,12,0.5698437473941992,0.568783680927031
GO:0019992,15,-0.5695691654373491,0.568969946917071
GO:0010575,31,-0.5694383732468679,0.5690586816248389
GO:0099557,7,-0.5692890085966296,0.5691600247232135
GO:0097151,7,-0.5690172427727623,0.5693444384518844
GO:0031256,11,-0.5689663077704498,0.5693790048888909
GO:0043297,8,-0.5689367112725795,0.5693990906623503
GO:0016592,40,-0.5687565523196827,0.5695213635014794
GO:0160226,9,-0.5686818298506946,0.5695720808851299
GO:0050806,17,-0.5683028203760206,0.5698293642553571
GO:0030119,7,0.567990571882597,0.5700413698437212
GO:0061484,8,-0.5674679043524041,0.5703963265969382
GO:0032874,18,0.5673261966891867,0.5704925820056623
GO:0031630,6,0.5672444357634358,0.5705481219112146
GO:0061617,10,0.5670185756881189,0.5707015612413197
GO:0003129,8,-0.5670159637615809,0.5707033357834617
GO:0050998,11,-0.5670150705915088,0.5707039426035558
GO:0086004,15,-0.5665572092580651,0.5710150542221701
GO:0030325,14,-0.5664059256141463,0.5711178674967554
GO:0048714,16,0.56631077244083,0.5711825386793051
GO:0010970,6,-0.5658419799942414,0.571501205954881
GO:0000266,15,0.565649496436911,0.571632073441638
GO:0042622,17,-0.5653959997030206,0.5718044448664479
GO:0030719,6,0.565287520736653,0.5718782153935382
GO:0016684,7,0.5651219326306648,0.5719908314013255
GO:0086080,5,0.5648923210576013,0.5721470070282587
GO:1905516,5,-0.5645350430100031,0.5723900582465142
GO:0140545,6,-0.5642764479728152,0.5725660073903429
GO:0004089,15,-0.5638134409577584,0.5728811034352626
GO:1903244,10,0.5635825588323695,0.5730382593230976
GO:0009992,8,-0.5634851778957745,0.5731045503074508
GO:0035860,11,0.5633775790603966,0.5731778012424229
GO:0008131,6,-0.5630044532054064,0.5734318515626794
GO:0032801,13,0.5615435936702974,0.5744270208015188
GO:0016082,17,0.5615008600012003,0.5744561442067582
GO:0035650,5,-0.5613552683863786,0.5745553715342113
GO:1990430,6,-0.5610801534290699,0.5747428970691677
GO:0046415,8,-0.5609147657854674,0.5748556435364267
GO:0022851,15,-0.5600588106520755,0.5754393241081968
GO:0004726,12,-0.5597186247525975,0.5756713765033392
GO:0070098,70,-0.5593596520477159,0.5759162919351302
GO:1901223,46,0.5593363434941478,0.5759321963057811
GO:0009143,5,0.5584255883960729,0.5765538036972877
GO:0047144,9,0.5583489390582403,0.5766061327357377
GO:0007191,9,-0.5582424144108954,0.5766788615757307
GO:0005687,20,0.5576467263947996,0.5770856424436694
GO:0060992,5,-0.5574252098627979,0.5772369451777684
GO:0012501,35,0.5571722126069166,0.5774097730880384
GO:0005251,26,-0.5570425595583484,0.5774983513389642
GO:0060754,6,0.5564814031161305,0.5778818040928893
GO:0099140,6,-0.5563183268638985,0.5779932607888283
GO:0032009,12,0.5552903251006897,0.5786960953656249
GO:0003747,7,0.5551873819581834,0.5787664986824557
GO:2000134,55,0.5548584596537469,0.5789914772155254
GO:0060586,16,0.5542658570663521,0.579396913221009
GO:0001401,13,-0.5540093676394422,0.5795724347735525
GO:0140275,13,-0.5540093676394422,0.5795724347735525
GO:0048148,11,-0.5540068227319024,0.579574176436688
GO:0008028,15,0.5537873402513745,0.5797243933099259
GO:0001570,34,-0.5537462231895337,0.5797525364318566
GO:0140944,6,-0.5535460305759563,0.5798895700933905
GO:0006874,94,-0.5534478465105414,0.5799567835283226
GO:0032205,5,-0.5534236957296974,0.5799733168821334
GO:0035148,8,0.5516782299605179,0.5811688278861112
GO:0016655,10,-0.5516322943267116,0.5812003058592152
GO:0007015,142,-0.5508099725865481,0.5817639471210911
GO:0007565,74,-0.5507210317276323,0.5818249248666209
GO:0021799,5,-0.5506726547631908,0.5818580933092226
GO:0006533,5,0.5506726547631908,0.5818580933092226
GO:0050916,5,-0.5505654713489113,0.5819315840549519
GO:0009968,77,0.549463162391544,0.582687638241295
GO:0019003,63,-0.5486067342547872,0.583275363357787
GO:0004745,20,0.5480700180116138,0.5836438265035829
GO:0060134,8,-0.5480344589470056,0.5836682421244019
GO:2001222,17,-0.5476450147932328,0.583935674017865
GO:0051938,5,0.5469212352634092,0.5844328460223909
GO:0098868,6,0.5468925194848948,0.5844525752629337
GO:0030212,9,0.5462317604227591,0.5849066368378875
GO:0008089,28,-0.5460645083188327,0.5850215954343366
GO:0032465,38,0.546063216187541,0.5850224836051436
GO:0070847,9,0.545858924157052,0.5851629154657524
GO:0006983,8,0.5456335245582573,0.5853178749974179
GO:0030388,6,-0.5455552942165932,0.5853716618784539
GO:0141069,12,0.545234394641149,0.5855923187993732
GO:0032754,15,0.545081549103033,0.5856974320026851
GO:0033270,11,0.545069674665395,0.5857055985231625
GO:0070254,5,-0.5446346557587803,0.5860048146649499
GO:0006513,43,-0.5443105759764526,0.5862277703782774
GO:0015918,21,0.5439870831783009,0.5864503614928172
GO:0019789,28,-0.5439200585226194,0.5864964851712711
GO:0000182,6,-0.5438266859429352,0.5865607432366651
GO:0048681,9,-0.5438083246956629,0.5865733796453448
GO:0000731,15,-0.5432867532975693,0.5869323834010329
GO:0046697,17,-0.5431685109568125,0.5870137851509437
GO:1990513,5,0.5430626323493479,0.5870866797544425
GO:0010569,19,-0.5429806798770983,0.587143104728344
GO:0042045,7,-0.5429579198841562,0.587158775622497
GO:0006297,5,-0.5424909874731908,0.5874803144292093
GO:0035005,7,-0.5417500717780794,0.5879906906511956
GO:0070578,8,-0.5415095666669955,0.588156405503869
GO:0042589,19,0.5412392408781339,0.5883426934137805
GO:0098688,26,-0.5400860241963529,0.5891377084264472
GO:0031432,13,-0.5399159330640778,0.5892550093329454
GO:2000811,18,0.5399053049623425,0.5892623392082883
GO:0038007,10,0.5396062353315887,0.5894686155891131
GO:0043504,6,-0.5391953203795492,0.589752088993344
GO:0042287,13,0.538542044787863,0.590202886380341
GO:0002532,5,-0.5379178284639331,0.5906337794171043
GO:0019530,5,-0.5377749172448938,0.5907324505941518
GO:0016239,28,-0.5377434390391602,0.5907541853277029
GO:0071732,15,-0.5375310288179785,0.590900857673509
GO:0042797,11,0.5374815300806247,0.5909350396775621
GO:0034605,42,0.5370938814586872,0.5912027669759841
GO:0006837,9,0.5369374849419174,0.5913107971180296
GO:0050699,23,0.5367045462484793,0.5914717152188509
GO:0006699,26,-0.5359957693631913,0.5919614743368272
GO:1904888,13,-0.5358829061887377,0.5920394790616567
GO:0006904,22,0.5358302476658228,0.5920758753068742
GO:2000553,8,-0.5357473241339994,0.5921331920461724
GO:0140673,15,-0.5355505644809151,0.5922692024932075
GO:0043392,10,-0.5349322418145765,0.5926967123697731
GO:0050840,30,-0.5334257975450998,0.5937388635847826
GO:0070314,7,-0.5331441540222825,0.5939337962865963
GO:0070306,9,0.5328362860191392,0.5941469131110784
GO:0060324,6,-0.5327048855407196,0.5942378836899638
GO:0007076,17,-0.5325876837070919,0.5943190297009737
GO:0014912,9,-0.5324368185915959,0.5944234903212176
GO:0030532,16,-0.5322733996413105,0.5945366528186347
GO:0008203,94,0.5320265600538014,0.5947076001537652
GO:0007189,153,0.5312254456250024,0.5952625619740036
GO:1901299,6,-0.5305196637608122,0.5957516791151836
GO:0006897,217,0.5302351273717008,0.5959489188081968
GO:0061337,9,0.5302264321591894,0.5959549467697072
GO:0016788,35,0.5300606228599816,0.5960698994875562
GO:0090543,25,-0.529887468874097,0.5961899549342957
GO:0016929,7,-0.5291582552722293,0.5966956723753623
GO:0016917,6,-0.5282365962295656,0.5973351320050768
GO:0140059,6,-0.5277473674728699,0.5976746921398942
GO:0005879,42,-0.527301855055661,0.5979839862548979
GO:0016780,13,0.5265094426268209,0.5985342930031357
GO:0000077,41,-0.5264604616403636,0.5985683163729572
GO:2000042,25,-0.526307580074851,0.5986745172235329
GO:0097731,23,0.5261577320868225,0.5987786190592483
GO:0016339,44,-0.5259140874211233,0.5989479004953375
GO:0048041,25,-0.5253646629357639,0.599329713740482
GO:0060170,67,-0.5253320697993095,0.5993523672530983
GO:1905700,18,0.524744715786443,0.5997606678688423
GO:0031290,7,0.5245080400638337,0.5999252291733628
GO:0005757,8,0.5238838836248899,0.6003593048863448
GO:0097553,11,0.5237024230885972,0.6004855300356733
GO:2001034,16,-0.5234844066649088,0.6006371995660693
GO:0051897,191,-0.5232930965218902,0.6007703043477421
GO:0097186,11,0.5231965467829458,0.6008374842668729
GO:0030311,6,-0.5230507714085912,0.6009389221244629
GO:0010761,7,-0.5227264641073704,0.6011646192431732
GO:0003743,54,0.5224703217111971,0.6013429049985091
GO:0030185,5,0.522376233393409,0.6014084003714961
GO:0097484,9,-0.5220772966373053,0.601616513179856
GO:0030001,35,-0.521887971242196,0.6017483339124492
GO:0032869,98,-0.5215403373172823,0.6019904133194645
GO:0006363,15,0.5214603859161822,0.6020460947271498
GO:0034647,5,-0.5212329436410946,0.602204507473205
GO:0010812,16,-0.5211972709926406,0.602229355051594
GO:0033197,6,0.5211917021331476,0.6022332340503782
GO:0000287,238,-0.520808646173944,0.6025000793633263
GO:0015179,23,-0.5207093778516538,0.6025692405751536
GO:0034372,8,0.5204943291937157,0.6027190793406842
GO:0060333,13,0.52012750998892,0.6029747054875828
GO:0004169,7,-0.5200993944766535,0.6029943004224503
GO:0016240,7,0.5197974324501343,0.6032047690780915
GO:0030896,5,-0.5195894646221426,0.603349742640914
GO:0042574,16,0.5194294849053417,0.6034612745395711
GO:0097084,7,-0.5193746856130075,0.6034994806959524
GO:0050714,43,-0.5193608749369121,0.603509109693513
GO:0071787,6,0.5193326328577039,0.6035288006832666
GO:0034144,20,0.519054020970021,0.6037230704065057
GO:0070828,11,-0.5184268559010902,0.6041604811140644
GO:0047429,7,-0.517653502061848,0.6047000457083856
GO:0015277,5,-0.5175529797508326,0.6047701954268052
GO:0032983,5,-0.5175529797508326,0.6047701954268052
GO:0016830,9,0.5175499991251475,0.6047722755187878
GO:0048536,11,-0.5173187458982348,0.6049336702016286
GO:0014909,5,0.5168026958508762,0.6052938979610543
GO:0032420,54,-0.5167377352661554,0.6053392503846174
GO:0008483,27,-0.5166474702338086,0.6054022717102352
GO:0032332,16,-0.5165930371720484,0.6054402772573657
GO:0003254,11,-0.5164515293742611,0.605539083998822
GO:0009952,46,-0.5164401024154402,0.605547063100867
GO:0043657,9,0.5162184410333364,0.6057018518996113
GO:0048185,11,-0.5154879554587347,0.6062120840676954
GO:0051610,9,0.5152597192072323,0.6063715427483068
GO:0033189,14,0.5151357794350864,0.6064581419004949
GO:0004177,34,0.5145619930061593,0.6068591297801273
GO:0030983,12,-0.5144900017453515,0.6069094488878508
GO:1900026,39,-0.514234165225329,0.6070882838024916
GO:0061817,6,-0.5136249640295875,0.6075142224947823
GO:0000137,24,-0.5132749066437365,0.6077590344353223
GO:0046549,5,0.5131941875701338,0.6078154914020035
GO:0060077,16,-0.5129376150932268,0.6079949602280003
GO:0051247,23,0.5128950716244548,0.6080247210671714
GO:0006298,27,-0.5125567356875311,0.6082614235523685
GO:0070403,18,0.5122960829351765,0.6084438062663893
GO:0017071,6,-0.5120594320081613,0.6086094156312752
GO:0034101,5,0.5120508978178194,0.6086153882703742
GO:0006029,6,0.5118311252550366,0.6087692047271205
GO:0016242,11,0.511778195883958,0.608806252011229
GO:0017166,12,-0.5117453785235961,0.6088292226365245
GO:0032675,10,0.5116380687189812,0.6089043371997815
GO:0140361,7,-0.5109499450731221,0.6093861069925735
GO:0071243,6,0.510917898242538,0.6094085477806637
GO:1903804,5,0.510693241236946,0.6095658741290788
GO:0052869,5,-0.5106217856274264,0.6096159179735297
GO:2001214,12,0.5104076630037491,0.6097658894115585
GO:0007019,15,-0.5100108264675339,0.6100438769686769
GO:0045921,26,0.5095736634294347,0.6103501787365018
GO:0004725,98,0.5093575712551286,0.6105016106469361
GO:0001221,43,-0.5089032083556099,0.6108200709980482
GO:0072344,35,-0.5087441860783855,0.6109315462008629
GO:0033625,9,-0.5085486664245042,0.611068618560433
GO:0032787,19,0.5083718711397848,0.6111925756189858
GO:0031985,10,-0.507949403565015,0.6114888268130112
GO:0010181,15,-0.5075146162093602,0.6117937835188829
GO:0016308,8,-0.5073033131990631,0.6119420142254663
GO:0050678,7,-0.5068432615124611,0.6122647990188399
GO:0008061,8,-0.5068231263213134,0.6122789281370846
GO:0015813,22,-0.5063070282843689,0.612641129856234
GO:0008312,7,-0.506118552648815,0.6127734271606087
GO:0034587,19,0.5060071802885595,0.612851609049327
GO:0043197,151,-0.5059741958182483,0.6128747645465458
GO:0036324,6,0.50576468867201,0.6130218501199489
GO:0021559,6,-0.5056016124197781,0.6131363494324571
GO:0090160,11,0.5050813571710495,0.6135016948242074
GO:0034475,8,0.5048741325233883,0.6136472435395364
GO:1902514,11,-0.5044791234738456,0.6139247288698235
GO:0099502,13,-0.504239156859146,0.6140933272406683
GO:0046514,7,-0.5040954070711364,0.6141943343119997
GO:0034056,11,0.503949157820306,0.6142971051647912
GO:0000974,12,-0.5036729572831392,0.6144912147826405
GO:0070390,5,-0.5036548636992604,0.6145039316261274
GO:0044853,43,-0.5031258960484568,0.6148757609639695
GO:0047631,5,0.5029045797993041,0.6150313610479252
GO:0050871,8,0.5028403998646838,0.6150764870622134
GO:0050775,18,-0.5022957439880925,0.6154595025708147
GO:0035459,10,0.5015321367903065,0.6159966665155263
GO:0030131,12,-0.5015049355785594,0.6160158051635642
GO:0071007,30,0.5013131589302707,0.6161507457437254
GO:0030897,12,-0.5011589746682541,0.6162592444493362
GO:0048487,44,-0.5011528564166922,0.6162635500057798
GO:0042462,11,0.5011307041173914,0.6162791392063345
GO:0000425,16,-0.5008727247347117,0.61646069934766
GO:0032873,7,0.5006530399688176,0.6166153270875558
GO:0035473,10,0.5004962787676174,0.6167256757252997
GO:0009755,42,0.5002566234412571,0.616894392614793
GO:0030858,6,-0.49986132834121527,0.6171727238025431
GO:0003009,31,-0.49920945858495014,0.6176318318643153
GO:0010936,5,0.49918888810428225,0.6176463219665351
GO:0005198,195,0.49846232065114876,0.6181582205183651
GO:0003785,29,-0.49810981030341034,0.6184066462959188
GO:0008318,7,0.4978145969195373,0.6186147265613029
GO:0072332,19,-0.4972266615464127,0.6190292221286188
GO:0005979,11,0.4969873362806278,0.6191979816131439
GO:0002323,17,-0.49681441062470305,0.6193199321070829
GO:0042391,66,-0.4967771791079319,0.6193461898586707
GO:0016310,14,-0.4967289214565983,0.6193802245808093
GO:0044281,29,0.4960768301737721,0.6198402056261746
GO:0101021,9,0.49560592177210017,0.6201724739690583
GO:1990708,9,0.4953928724774104,0.6203228249432724
GO:0050658,10,-0.4949885458664896,0.6206082058255851
GO:0042149,47,-0.4949265807468701,0.6206519469530942
GO:0140861,26,-0.49452904795113917,0.6209325969338763
GO:0070417,12,-0.494101372098026,0.6212345889058858
GO:0071397,16,0.4939813552418512,0.6213193470988247
GO:2001033,8,-0.4919655793980001,0.6227436767102674
GO:1990138,19,-0.49185569705486987,0.6228213592714532
GO:0035641,10,0.49119882139323656,0.6232858324710692
GO:0097728,5,0.49118585983808133,0.6232949990245638
GO:0047024,6,-0.49085951921801446,0.6235258099073319
GO:0001654,45,-0.49079302111454526,0.6235728465468144
GO:0071439,8,0.49072274277323624,0.6236225587609276
GO:0019852,7,0.4906279006883805,0.623689649146941
GO:0035091,113,-0.4905929352691735,0.6237143841385789
GO:0048407,11,-0.490386854959272,0.6238601766453133
GO:0046209,12,-0.4903649942667288,0.6238756429619139
GO:0030368,6,0.48997890745596223,0.6241488245179226
GO:0036269,7,0.48969181840617104,0.624351992218457
GO:0007185,6,-0.4896853702019448,0.6243565558233832
GO:0032094,16,0.4890874841527184,0.6247797619177573
GO:0090521,6,-0.4888699889407853,0.6249337438665087
GO:0008237,169,0.48850449112562766,0.6251925453604871
GO:0033762,8,-0.4879828529413705,0.6255619866776987
GO:0003400,5,-0.4879346296049372,0.6255961447809839
GO:0051321,150,-0.4878216854747507,0.6256761498001246
GO:0043235,200,-0.4876628561544676,0.6257886654760503
GO:0031681,23,-0.4876526964982147,0.6257958629361664
GO:0000243,5,0.48739871253353984,0.6259758057542035
GO:0044309,8,0.48730494205513564,0.6260422459892592
GO:0007031,22,-0.48584690914003753,0.627075712527932
GO:0015881,5,0.485719505709828,0.6271660520149651
GO:0071875,14,-0.485667723738667,0.6272027712798169
GO:0098914,5,0.48432612132419484,0.6281544405724677
GO:1990384,7,0.48383375509169874,0.6285038571215646
GO:0034185,16,0.4834745136382437,0.6287588518104659
GO:0071548,14,-0.4834255890661134,0.6287935825944095
GO:1901857,8,0.4824183344168596,0.6295087992733293
GO:0004321,7,-0.4823239449591028,0.6295758397843976
GO:0015645,7,-0.4823239449591028,0.6295758397843976
GO:0045947,17,-0.48189273116996884,0.6298821500150953
GO:0006888,120,0.48151874065455236,0.6301478635712829
GO:0006950,50,0.48149351571766025,0.6301657871597366
GO:0005031,10,0.4814718619118871,0.6301811734532701
GO:0097104,7,-0.4810859006503741,0.630455448375034
GO:0000307,44,-0.48024738887767116,0.6310514938917586
GO:0008392,14,0.4799235882442201,0.631281727758301
GO:0008409,10,0.4798549128032991,0.6313305630603114
GO:0038127,10,-0.47965279416472567,0.6314742995385383
GO:0017004,9,0.4790413391099698,0.6319092200502288
GO:0007100,5,-0.4787883115864219,0.6320892327156504
GO:0010544,9,-0.47866850284426266,0.6321744764706996
GO:0043616,10,-0.47854114165257144,0.6322650991439003
GO:0043589,10,-0.4785158768227497,0.6322830767554914
GO:0035249,32,0.477861733905866,0.632748618710582
GO:0009893,13,0.4777142493328705,0.6328536009874982
GO:1990913,6,-0.4776829580376771,0.6328758756677655
GO:0006710,5,0.4766089154960725,0.6336406336131251
GO:0045722,20,-0.47629830611747676,0.6338618719854345
GO:0046314,5,0.4758586315961162,0.6341750958057503
GO:0030850,14,-0.4757809775158829,0.6342304233293306
GO:0098890,10,-0.47555989173361235,0.6343879552716165
GO:0010717,11,-0.4741506344826522,0.6353924931527979
GO:0032469,18,0.47389553469957524,0.6355744035927329
GO:0046827,18,-0.4737072043992535,0.635708715144594
GO:1900747,21,0.4736827072768037,0.6357261866423127
GO:0019205,9,-0.47315585234416463,0.636101991860207
GO:0009123,9,-0.47315585234416463,0.636101991860207
GO:1905024,5,-0.4730004072153301,0.6362128886545662
GO:0003796,11,0.47272936295725076,0.6364062750365289
GO:0006986,72,-0.4726551557608413,0.6364592251806177
GO:0004629,15,0.4725264129212388,0.6365510933442533
GO:0045646,5,-0.4714283838058978,0.637334850650798
GO:0002674,5,0.47117828917257903,0.6375134213518898
GO:0010507,59,0.47071986883534744,0.6378407938475824
GO:0010838,15,-0.4706903574420862,0.6378618712901627
GO:0042605,41,0.46997998392869766,0.6383693181275386
GO:0071782,21,0.4699687112284359,0.6383773720126724
GO:1990050,7,0.4698227170612083,0.6384816827523689
GO:0120013,17,0.46881203814146805,0.6392039944757013
GO:0033151,6,-0.46802884390554866,0.6397639629600274
GO:0006998,16,-0.4678940260891679,0.6398603757677692
GO:0110052,7,-0.46725603983579517,0.6403167039119071
GO:0140900,14,-0.4672181584330828,0.6403438033689389
GO:0006103,16,-0.46675545199904317,0.6406748512774134
GO:0002043,6,0.46587623737608763,0.6413040910771632
GO:0001217,17,-0.4648587620261878,0.6420326036248952
GO:0009249,5,-0.46478301212057027,0.6420868543640367
GO:0033276,14,-0.46420729187279647,0.6424992374036246
GO:0042627,14,-0.4641645845457002,0.6425298326562803
GO:0045760,7,0.46384386893612833,0.6427596106186702
GO:0070474,8,0.4636063073238431,0.642929834611867
GO:0008821,7,0.463602299314913,0.6429327066983528
GO:0051968,26,0.4635622144249809,0.6429614312968592
GO:0006853,5,0.4628894384682995,0.6434436182561619
GO:0045329,6,-0.4626147123314497,0.6436405611167131
GO:0045840,24,-0.46241717310759917,0.6437821864841584
GO:0050673,9,-0.46205065785845983,0.644044993156201
GO:0010634,33,-0.4619181698976626,0.6441400034866103
GO:0006605,33,-0.4617790546796474,0.6442397726421425
GO:0019228,22,0.46170703501221283,0.6442914254505542
GO:0051054,6,-0.46147317856582637,0.6444591601199935
GO:0045504,14,-0.4613886082844433,0.6445198230215015
GO:0016554,12,0.46128121374039677,0.6445968613505142
GO:0006172,5,0.46124595944934754,0.6446221514717096
GO:0048205,6,-0.4611470260613626,0.644693124812138
GO:0060468,5,-0.4601383975017929,0.6454168846236551
GO:0042177,37,-0.4600498846126029,0.645480414705258
GO:0071425,12,0.4599204341598626,0.6455733323608305
GO:0046527,6,-0.45954887878948997,0.6458400601345258
GO:0019079,12,0.4593668967033741,0.6459707159006676
GO:0005244,12,-0.45920544827856496,0.6460866384735402
GO:0019894,43,-0.4590525599668846,0.6461964226702963
GO:1900181,15,-0.4589107206039274,0.6462982798613068
GO:1905564,23,-0.458694777046462,0.64645336522986
GO:0051310,16,-0.45824610879916333,0.6467756368760804
GO:0045638,12,0.4581675655476491,0.6468320601280269
GO:0015075,14,0.4577584854812612,0.64712596450725
GO:0019752,24,0.4576543577796479,0.647200784049345
GO:0034098,9,-0.4573635733752847,0.6474097421030585
GO:0004445,8,0.45705316875690644,0.6476328299360627
GO:0007077,9,-0.4566711631675429,0.6479074208387724
GO:0048013,50,-0.45665864650691484,0.6479164187983388
GO:0071651,5,0.45652988922105053,0.6480089826422856
GO:0071774,8,-0.4561210412883336,0.648302940219277
GO:0045028,12,0.455722775114825,0.6485893423309854
GO:2000378,16,0.45548956100201915,0.6487570759510317
GO:1901317,5,-0.45538659946873616,0.6488311342183632
GO:0035235,23,0.45517917232590976,0.6489803431503653
GO:1990003,6,0.4551132047287823,0.6490277986911666
GO:0098876,7,-0.4547548119379007,0.6492856429444802
GO:0007498,22,-0.4545519558776423,0.6494316055498088
GO:0045040,13,0.4544689460788497,0.6494913381196835
GO:0042403,11,0.4541323863875913,0.6497335443653167
GO:2000052,8,0.4539460771949968,0.6498676382857994
GO:0001867,9,0.4537949976892309,0.6499763843676892
GO:0048743,7,-0.4536375524397797,0.6500897204056145
GO:0140439,7,0.45354696383182397,0.6501549337517885
GO:0005290,5,-0.45342157020694573,0.650245207115846
GO:0046902,13,0.45336097166254746,0.6502888350526658
GO:0004993,13,-0.45325017422091723,0.6503686067969248
GO:0019371,11,-0.4529279189931833,0.6506006463086045
GO:0008206,14,0.45278308187454697,0.6507049471454893
GO:0035542,12,0.4524938066186422,0.6509132819747268
GO:0016614,5,0.45231400825939116,0.651042785745044
GO:0032328,7,-0.45227872332044333,0.6510682017441108
GO:0019433,27,0.45227222658449406,0.6510728814346511
GO:1990456,7,-0.45194656509127223,0.6513074776182705
GO:0030021,16,0.4516343890828247,0.6515323917032882
GO:0034121,10,0.4514319792539014,0.6516782392733875
GO:0048102,5,-0.45102780728803743,0.6519695075860849
GO:0048842,7,-0.45070852078254353,0.6521996403620927
GO:0061180,5,-0.4495629672928846,0.6530255957035251
GO:1903358,12,-0.4494493506079556,0.6531075376579172
GO:0004468,5,-0.4493486004643256,0.6531802035819141
GO:0060326,97,0.4493150152464621,0.65320442761241
GO:0032355,78,-0.4483678117231255,0.653887768128073
GO:0004465,12,0.4477195460564291,0.6543556134142017
GO:0015823,5,0.4475264824215745,0.6544949712960022
GO:0043249,13,-0.4473335908378633,0.6546342170123354
GO:0030877,12,0.44730439296406277,0.6546552955931715
GO:0030595,12,0.4470506882965055,0.6548384621037779
GO:0031492,56,-0.4469779353269517,0.6548909912128009
GO:0022849,9,-0.4468442644499768,0.6549875087300594
GO:0045742,32,0.4460052267824187,0.6555934703789194
GO:0007209,6,-0.4457852431011177,0.6557523824016881
GO:0055074,29,0.44577170141848976,0.6557621651646427
GO:0090556,9,-0.4455393375200019,0.655930038358396
GO:0034979,7,0.44545438152110967,0.6559914198520578
GO:0046826,5,-0.44466825804078847,0.6565595114770166
GO:0006654,32,-0.444634902529215,0.6565836202104184
GO:0030263,5,0.44445389121222956,0.6567144580041198
GO:1990316,8,0.444314093353077,0.6568155132742766
GO:0031643,21,0.4438661192828652,0.657139381259947
GO:0060347,9,0.44375504967697504,0.6572196902695834
GO:1903902,6,0.44369786707254943,0.6572610377627968
GO:0007159,35,-0.4435385838320201,0.6573762175282744
GO:0000395,59,0.443510116523386,0.6573968034634913
GO:1905205,12,0.44336043858658236,0.6575050462926919
GO:0006335,9,-0.44332895108759546,0.6575278180714974
GO:0097526,6,0.44268679430871166,0.6579922955741712
GO:0051450,6,-0.4425237180564798,0.6581102710577488
GO:2000727,12,-0.441769018399178,0.6586563599604768
GO:0032433,18,0.44163455425446246,0.6587536752382622
GO:0007346,65,-0.441221158190858,0.6590528971538484
GO:1905821,5,-0.4411669331743256,0.6590921500377167
GO:0071305,13,-0.44115109359489685,0.6591036163095805
GO:0031394,9,0.4410919334933528,0.6591464430167235
GO:1903604,5,0.4410240219552863,0.6591956063715221
GO:1904178,13,-0.4409294987116364,0.6592640372501224
GO:0008083,164,-0.4408869719939448,0.6592948257469708
GO:0048069,7,-0.4398378878278527,0.6600545244530641
GO:0050750,25,-0.43973500138951555,0.660129048990159
GO:0045606,6,-0.43949049976496646,0.6603061642866963
GO:0001758,8,0.4394274857148009,0.6603518143166911
GO:0006665,55,-0.4390213279489639,0.6606460824212194
GO:0035973,10,-0.43900168298163145,0.6606603168598841
GO:0036041,6,-0.438936040507378,0.6607078812691098
GO:0010800,8,0.43849535824622804,0.6610272342543692
GO:0046849,9,-0.43837555498605807,0.6611140637799957
GO:0021952,5,-0.4381300697697404,0.6612919977645665
GO:1902387,6,0.4381206592462185,0.6612988191344646
GO:0060079,59,0.43721893454879024,0.661952579227795
GO:0046875,27,0.43703193359441506,0.6620881892176207
GO:1905601,5,0.43691532440790637,0.662172757875862
GO:0022829,15,0.4368780548540962,0.66219978783991
GO:0030199,59,-0.43660490686227055,0.6623979034653642
GO:0043652,9,-0.4365912671430312,0.6624077970424871
GO:0038163,7,0.436365324522882,0.6625716932043886
GO:1902107,8,-0.43578371470128874,0.6629936605605122
GO:0007519,38,-0.4356552210059578,0.6630868992500197
GO:0045111,39,0.43515764073856117,0.6634480069111172
GO:0031648,49,-0.43480977987327346,0.6637005055395087
GO:1904903,10,0.4344792784435495,0.6639404390140544
GO:0120009,45,-0.4343885211641603,0.6640063319290321
GO:0047086,5,-0.43369982197952206,0.6645064359098884
GO:0090303,33,0.4332187004211273,0.6648558945212715
GO:0001657,29,-0.43293573198683216,0.6650614602969209
GO:0000793,34,-0.4326026727904968,0.6653034473665116
GO:0017076,5,0.432270709789129,0.6655446726827028
GO:0045252,8,0.4322246825485559,0.6655781217204564
GO:0006048,10,-0.431775941652629,0.6659042667497822
GO:0090156,5,0.43169906491297183,0.665960147131581
GO:0046685,10,-0.43104326158780004,0.6664369146681275
GO:0008474,15,0.43089540216921696,0.666544426758735
GO:0045736,7,-0.43086961564023274,0.6665631774571827
GO:0005391,8,-0.4306146441937482,0.6667485913933149
GO:0031588,11,-0.430139395890984,0.6670942438673895
GO:0099508,10,-0.42990634424582413,0.6672637703057476
GO:0006476,9,0.4298269520366307,0.6673215256693891
GO:0030127,16,-0.4296619066418204,0.6674415973695007
GO:0006576,5,0.4295911244321421,0.6674930945402449
GO:0098984,9,0.4294008534472511,0.6676315328121674
GO:0030139,73,0.42880883862692015,0.6680623461131614
GO:0070837,13,0.42856450422570347,0.6682401818500942
GO:0045656,6,-0.42814039260962633,0.6685489103955906
GO:0046626,11,-0.42797135458104957,0.6686719758596232
GO:0043184,9,0.4279627707080951,0.6686782254501691
GO:0005768,368,0.4271751003919767,0.6692517958310173
GO:0090162,8,-0.42668841031097143,0.6696062931609266
GO:0061809,11,0.4265500830556481,0.6697070619775678
GO:0034383,14,0.4265394293738953,0.6697148232319609
GO:0006890,54,0.4264304626537518,0.6697942079957637
GO:0008236,151,-0.42632860195947775,0.6698684191920112
GO:2000300,36,-0.4262712933929681,0.6699101730953421
GO:0016361,7,-0.4260382232159257,0.6700799939870963
GO:0015939,7,0.42576645739205843,0.6702780308118301
GO:0030895,6,0.42536809632168404,0.6705683595016683
GO:0043560,12,0.4251167665831497,0.6707515559121795
GO:0005525,389,0.4248993030264289,0.6709100827673313
GO:0007342,26,0.4246656148238043,0.6710804534136559
GO:0050847,11,0.4246229352245953,0.671111570849586
GO:0004305,5,0.4235888532324914,0.6718656859836266
GO:0005549,58,-0.42346926200084983,0.671952920470146
GO:0061709,25,-0.42333783215725523,0.6720487955953304
GO:0007631,26,0.42314548180151823,0.6721891204850045
GO:0140284,7,0.42310919155868953,0.6722155964989327
GO:0071398,25,0.42281043782522343,0.6724335715784262
GO:1901135,28,0.4221847781896979,0.6728901511668037
GO:0005680,23,0.4220391828037371,0.6729964177454575
GO:0005007,5,0.42190964640877965,0.6730909687412805
GO:0042053,5,-0.4213022737278626,0.6735343701243646
GO:0034361,21,0.4212159743681715,0.673597380613125
GO:0006231,6,-0.42073673075829815,0.6739473365118887
GO:0002084,6,-0.42001919524847775,0.6744714311375036
GO:0071773,26,-0.4197447718444452,0.6746719143246493
GO:0033386,8,0.419711577440138,0.6746961664460447
GO:0033093,6,-0.41959519699267483,0.6747811976851839
GO:0002639,27,-0.41928491229214343,0.6750079218009186
GO:0032819,7,-0.419213881416592,0.6750598280022004
GO:0014902,5,-0.41915860544227307,0.6751002222925604
GO:0015183,9,-0.4187483887127621,0.6754000275895176
GO:0001558,66,-0.4174514622031136,0.6763482198959809
GO:0001921,14,-0.41727193939400686,0.6764795108025077
GO:0051382,20,0.4172657604121672,0.6764840298692871
GO:0090394,10,-0.4166423085894385,0.6769400581349003
GO:0007214,26,0.41656346252976395,0.6769977390873074
GO:0046951,5,0.4165504756948058,0.67700723997221
GO:0010604,31,0.4162351369702871,0.677237950670291
GO:0006633,85,0.41569251783302485,0.6776350170037457
GO:0004693,30,0.41499858825997155,0.678142936590949
GO:0010907,7,-0.41450327380289265,0.6785055699520001
GO:0048515,9,0.4143276158479492,0.6786341918699212
GO:0006828,7,-0.4138087611418985,0.6790141671886383
GO:0150099,5,0.4137994347282992,0.6790209979919242
GO:0098989,6,0.4137570671627729,0.6790520289555404
GO:0031264,7,-0.41374836873659465,0.6790583999469946
GO:0043276,10,0.41368632350030116,0.6791038444270638
GO:0032963,8,0.41344090174246584,0.6792836128360085
GO:0051020,36,-0.413404434991643,0.6793103258377909
GO:0042030,6,-0.41297430115205974,0.6796254423117625
GO:0045773,29,0.4129027161108348,0.6796778910182083
GO:0016247,8,0.41233929655233426,0.6800907496171571
GO:0038128,8,-0.4111247062144968,0.6809810946849829
GO:0006032,6,-0.4108216946225987,0.6812032840958735
GO:0160195,5,-0.41065538790943457,0.6813252436327696
GO:0080008,32,-0.41048981263237594,0.68144667505217
GO:0070740,10,0.41047769011294694,0.6814555659232147
GO:0030669,66,-0.4102382441791424,0.6816311888894763
GO:0006565,6,-0.4100063133614392,0.6818013163002308
GO:0010142,9,0.4099867364686449,0.6818156772112605
GO:0005143,5,0.40929773132856123,0.6823211802158256
GO:0005154,35,0.40928098961267423,0.682333464900266
GO:0004301,6,0.4086364728426913,0.6828064603900958
GO:0001711,5,-0.408511719623845,0.6828980281997963
GO:0045048,11,-0.4082421786606466,0.6830958849241456
GO:0005262,108,-0.40775535734656687,0.6834532916016074
GO:0005655,7,0.40740716617969164,0.6837089645442065
GO:1904602,5,-0.40722551865249135,0.6838423607232732
GO:0140227,5,-0.40722551865249135,0.6838423607232732
GO:0022850,5,-0.40722551865249135,0.6838423607232732
GO:0019212,11,-0.40718224735356756,0.6838741392473755
GO:0089718,23,0.40712702060044675,0.68391469869308
GO:0051902,7,0.4068636345319571,0.6841081463450557
GO:0044391,5,0.4063323235334957,0.6844984383593478
GO:0070979,39,0.40628619888030765,0.6845323247210164
GO:0060080,9,0.40628500497341,0.6845332018560635
GO:0044572,5,-0.40622514011921623,0.6845771836883832
GO:0051928,26,0.4062046179139792,0.6845922612984381
GO:0002009,40,-0.4060326338114052,0.6847186225047903
GO:0031116,23,0.4058607364356981,0.6848449288082358
GO:0042594,33,-0.4054652144270954,0.6851355828936831
GO:0032437,12,-0.40532780251368666,0.6852365725969931
GO:0098821,8,0.40522123224686857,0.6853148993705123
GO:0034651,5,-0.4051175781716616,0.6853910860531305
GO:0009896,8,-0.40462806022141307,0.685750929393473
GO:0048787,37,-0.40444711118177223,0.6858839625986133
GO:0002503,13,0.4043220239970106,0.6859759320231509
GO:0019899,403,-0.4042563792848213,0.6860241986718945
GO:0010225,8,-0.4038936567613253,0.6862909210877355
GO:0046934,7,-0.4033306788216826,0.6867049756214485
GO:0071380,14,-0.40322122877933736,0.6867854839879195
GO:0070050,20,0.4030972347631628,0.6868766947843075
GO:0006651,7,-0.4025757737553846,0.6872603347469818
GO:0008310,7,-0.4025455775527327,0.6872825526248685
GO:0033165,6,0.4023091142560936,0.687456547833635
GO:0043262,9,0.40178433862308843,0.6878427491035248
GO:0070213,12,-0.40149916843964134,0.6880526502591437
GO:0035909,10,-0.4003717581842722,0.6888827222658715
GO:1900029,15,-0.4000125364131334,0.689147283229256
GO:0030545,14,-0.3999541182564735,0.6891903108416968
GO:0009437,6,-0.3999282009735079,0.6892094004138211
GO:0016601,22,0.39979856459547675,0.6893048880450848
GO:0030502,13,-0.39938045810030265,0.6896128908610464
GO:0001537,5,-0.39936540160532974,0.6896239833558584
GO:0016593,7,0.3991636028557178,0.6897726599571994
GO:0046940,10,0.3991590463528312,0.6897760171299763
GO:0030275,6,-0.39894974346011647,0.6899302353929486
GO:0007052,61,-0.3987527700804994,0.6900753808039256
GO:0030520,21,-0.398635575858142,0.6901617440941388
GO:0010573,6,-0.39833005370163527,0.6903869098150819
GO:0030509,61,-0.39814887836545376,0.6905204465463535
GO:0046822,5,-0.398079200633976,0.690571805640849
GO:0014074,7,0.39750281170986224,0.690996713541769
GO:0120019,8,0.39745350334209445,0.6910330676785863
GO:0031054,14,-0.3974343859577942,0.6910471627599442
GO:0004536,7,0.3973216344939507,0.6911302956129524
GO:0017110,11,0.39629386210811923,0.6918882547101114
GO:0003727,48,-0.3958283492218891,0.6922316616710578
GO:0055131,5,-0.39550679869126854,0.6924689051454598
GO:0048706,22,-0.39536922989312356,0.6925704141162996
GO:0006777,6,-0.39513375915789006,0.6927441755717035
GO:1900246,12,0.39372657998811567,0.6937829152288064
GO:0001725,85,0.39362771718690537,0.6938559146009947
GO:0090435,7,-0.3933961281492012,0.6940269289115606
GO:0160111,30,0.39285093473097993,0.6944295823383998
GO:0042308,14,0.39273657997720557,0.6945140501615509
GO:0031023,12,-0.3923658004075815,0.6947879515534738
GO:1902004,21,0.39195735761154643,0.6950897215600951
GO:0001938,62,-0.39156896739411845,0.6953767209251884
GO:0001574,16,0.39117011240198835,0.6956714986231254
GO:0032886,12,-0.39010552246025354,0.6964585193840518
GO:0046686,15,0.39000706554359393,0.6965313222810938
GO:0140319,8,0.3898270058719527,0.696664472679433
GO:0008559,14,0.3893840548001492,0.6969920655936386
GO:1902425,8,0.389346818994203,0.6970196066196898
GO:2000556,8,0.38931857270727654,0.6970404989200237
GO:0036197,15,0.38930565109088394,0.6970500564400834
GO:0010715,5,0.38929016066305894,0.6970615140541281
GO:0051781,48,0.3890216244757243,0.6972601498886974
GO:0036310,5,-0.38864706017738204,0.6975372492228341
GO:0008595,7,-0.38853453952224226,0.6976204988831096
GO:2001223,6,-0.38821932606325754,0.6978537324489045
GO:0140608,9,0.38758992936438186,0.6983195226744379
GO:0050770,17,-0.38726602886156986,0.698559272216257
GO:0006415,10,-0.3868803390594914,0.6988447971166396
GO:0046983,199,-0.3867705973250304,0.6989260463521612
GO:0042276,11,-0.3862245146908684,0.6993303995569535
GO:0019470,5,-0.3860389304299148,0.6994678369937455
GO:0097021,6,-0.3858384127806718,0.6996163446606402
GO:0021785,6,-0.38567533652843994,0.6997371308991951
GO:0021637,6,-0.38567533652843994,0.6997371308991951
GO:0019722,105,-0.385620577341756,0.6997776912748861
GO:0060562,5,-0.3854315577489978,0.699917705516995
GO:0010760,5,0.38500282409187986,0.7002353231918041
GO:0002151,8,0.38457319650363275,0.7005536557108867
GO:0050772,21,-0.3844596191101467,0.7006378196622454
GO:0007032,38,0.384405478761618,0.7006779404330995
GO:0140896,6,0.38424026550879925,0.7008003770755993
GO:0015204,7,-0.38403530532710634,0.700952280271882
GO:1901992,7,-0.3828576534236815,0.7018253110575083
GO:0019464,5,0.38275197239201086,0.7019036750315478
GO:0097165,8,-0.3824547249841489,0.7021241051668845
GO:1903278,10,-0.3822821400319444,0.7022521007080924
GO:0031274,13,0.3822733331125962,0.7022586324797402
GO:0031665,15,0.3822296170532509,0.7022910554158676
GO:0007263,10,0.3818526379249757,0.7025706724003058
GO:2000679,8,0.3817768140979141,0.7026269181225435
GO:0017147,31,-0.38084079739205506,0.7033213844927177
GO:0003143,7,-0.38062313442743945,0.7034829124218165
GO:0042376,6,0.3803264354552337,0.7037031146132902
GO:0032705,5,0.379643653377906,0.7042099519187343
GO:0004435,25,0.3791006348522878,0.7046131348817684
GO:0042043,14,-0.3789207596615655,0.70474670777124
GO:0038170,6,0.3785652119311292,0.7050107594986892
GO:0010641,5,-0.3782859967970327,0.7052181468382168
GO:0005005,14,-0.37815202777383283,0.7053176602512232
GO:0048813,17,-0.3781386119483493,0.7053276259265598
GO:1902808,13,0.3779965518656696,0.7054331554950783
GO:0045617,6,0.3777172154195233,0.7056406775634853
GO:0030673,15,-0.3774228650685031,0.7058593773178705
GO:0038036,10,-0.377229174067607,0.7060033013051152
GO:0071635,6,-0.37716275616193484,0.7060526561992561
GO:0060354,14,0.37708434459642637,0.7061109251280053
GO:1903053,8,-0.3770314378942703,0.7061502419452179
GO:0051017,37,-0.3770136067102282,0.7061634930972325
GO:0098780,6,-0.37699967990970296,0.7061738427888297
GO:0051525,6,0.37696706465925656,0.7061980810009221
GO:0071625,15,-0.3768864893105484,0.7062579623150274
GO:0036431,6,0.3768692189079174,0.7062707974251565
GO:0071051,8,-0.37669248245115283,0.7064021501708664
GO:1902993,9,0.37661789068785817,0.7064575903270414
GO:0006703,12,-0.3764515985335378,0.7065811921936145
GO:0035976,5,-0.3762495119257226,0.7067314098271423
GO:0005178,148,0.37560966951246644,0.7072071010826328
GO:1903288,5,-0.3753920446114868,0.7073689205220146
GO:0014731,11,-0.37531204009753194,0.7074284128359584
GO:0038026,9,0.3746205535501415,0.7079426849165251
GO:0021707,6,0.37396646161818964,0.7084292685169602
GO:0015012,30,-0.37354833550907224,0.7087403778576199
GO:2001240,29,0.3734450944706296,0.7088172024791987
GO:0000379,5,-0.37321264852113745,0.7089901830265242
GO:0004532,5,-0.3726052758402204,0.7094422456246161
GO:0035589,15,-0.3718528091205121,0.7100024424334554
GO:2000563,5,-0.37156916950218544,0.710213647300754
GO:0051490,5,-0.371461986087906,0.7102934644395914
GO:0098640,5,0.3710689802355479,0.7105861544650928
GO:0006527,5,0.37042587974987107,0.7110651938381207
GO:0006552,7,0.369994071093964,0.7113869080117105
GO:0021983,12,0.36987834123773716,0.7114731399737357
GO:0009612,56,0.36968292672295056,0.7116187544865369
GO:0042407,14,-0.3696746233452253,0.7116249420404177
GO:1904628,10,-0.3696497251211009,0.711643495941473
GO:0045745,13,-0.36895548062864336,0.7121609085388096
GO:0030036,215,0.36877821325923277,0.7122930451638254
GO:0010455,6,0.36868279104587615,0.7123641772808588
GO:0007007,20,0.3686675387661496,0.7123755472653174
GO:0090238,5,-0.36842512268332084,0.7125562676582812
GO:0061024,34,-0.36798090108199366,0.7128874752854968
GO:0048738,13,0.36784750621234114,0.7129869438729624
GO:0032354,5,-0.36774629439288414,0.7130624177736427
GO:0042092,8,0.3671734837569388,0.713489616981896
GO:1900027,5,-0.3666744602500894,0.7138618593764421
GO:0050769,24,-0.3662963829445275,0.714143928327079
GO:0071636,9,-0.36599205711520544,0.7143710025150845
GO:0006790,28,0.3658401148821516,0.7144843844141633
GO:1904861,11,0.36582083702959695,0.71449877032883
GO:0071107,5,-0.36556689830253475,0.7146882791642764
GO:0070851,5,0.36524534805969633,0.7149282702149977
GO:0002116,14,0.365190354000118,0.7149693182012871
GO:0090205,7,-0.36507209006170116,0.7150575941011014
GO:0045746,36,0.36479408329843804,0.7152651220465298
GO:0010659,5,-0.36453079196449983,0.7154616845473054
GO:0030318,12,-0.3643660307335394,0.7155846981161231
GO:0070293,11,0.36430320811264283,0.7156316045103555
GO:0005245,43,-0.3635928342503819,0.7161620785101328
GO:0016462,16,0.3635846594465093,0.7161681838695859
GO:0042478,6,-0.36349696622490174,0.7162336787705341
GO:0055003,11,0.3632191874576757,0.716441155480883
GO:0030976,8,-0.36304952586567696,0.7165678883126366
GO:0006816,157,0.3625959863727005,0.7169067089297734
GO:0032588,114,-0.36234783094023815,0.7170921191907154
GO:2000648,20,-0.36227115518185754,0.7171494111429133
GO:0006685,6,-0.36222497145749294,0.7171839202846608
GO:0016303,10,-0.3619439520254864,0.717393914479302
GO:0015820,10,-0.3613123312799442,0.7178659764658262
GO:0002021,7,-0.35996893181352685,0.7188703671427661
GO:0019705,6,0.3598440581749072,0.718963753441426
GO:0045785,60,0.3595893977569038,0.7191542133171718
GO:0030943,7,-0.35882147611275395,0.7197286455059304
GO:0004691,6,-0.3587351396597303,0.7197932380907268
GO:0001942,13,-0.35862915906870657,0.7198725301650852
GO:0006402,38,-0.35851482982108,0.7199580718784084
GO:0099151,15,-0.35720562496098013,0.7209378752093347
GO:0006824,8,-0.3571742981849751,0.7209613256552023
GO:0016528,10,0.35701731021025745,0.7210788469028209
GO:0045618,19,-0.35694000197720727,0.721136722291277
GO:0043547,79,-0.3564748956213858,0.7214849493167446
GO:0160001,8,0.3562986632902551,0.7216169102694125
GO:0061734,5,-0.35542020175074435,0.7222748167394086
GO:0031507,133,-0.35516900959601727,0.7224629799484789
GO:0060997,17,-0.35494218297780794,0.7226329058275417
GO:0008610,30,0.3549168773031946,0.722651864279112
GO:0050850,32,0.3539674689512617,0.723363262949577
GO:0051492,13,-0.35390918805525906,0.7234069410495783
GO:0010906,20,-0.3535163284882735,0.7237013896617654
GO:0042129,12,-0.35327221754308286,0.7238843716465946
GO:0031346,7,0.3532351786221489,0.7239121368576622
GO:0000253,6,0.3529622403307211,0.7241167487601454
GO:0036019,10,0.35287387811950083,0.7241829949182409
GO:0015825,7,0.3522990963399394,0.7246139657770172
GO:0015194,7,0.3522990963399394,0.7246139657770172
GO:0043382,9,0.3520106971511886,0.7248302401184779
GO:0035312,6,0.3518859370659906,0.7249238061505554
GO:0032934,7,0.35133281785507803,0.7253386771422787
GO:0042985,23,-0.3511439312115578,0.7254803713846818
GO:1990410,6,0.35077701855081367,0.7257556395731086
GO:2000463,30,0.35032102034559753,0.7260977916152085
GO:0052659,6,0.35028778979411795,0.7261227278444913
GO:0008417,11,-0.3499700461191877,0.7263611775758515
GO:0051378,10,-0.34984209854089837,0.7264572029194504
GO:0044320,10,0.3490588888164261,0.7270450996526259
GO:0034620,16,-0.34894299614718555,0.7271321052379354
GO:0015175,18,0.34831689044504405,0.7276022104026716
GO:0015129,6,0.3482982595168888,0.7276162008192875
GO:0035873,6,0.3482982595168888,0.7276162008192875
GO:0032405,6,-0.3482656442664424,0.727640692621853
GO:0050771,8,-0.3477682846384669,0.7280142098375793
GO:0038043,8,0.3477682846384669,0.7280142098375793
GO:0031591,6,-0.34771118500885395,0.7280570958111316
GO:0035516,5,0.3476672681178622,0.7280900811687632
GO:1904044,10,-0.3471892914096213,0.7284491152931487
GO:0006388,13,-0.34710622513916334,0.7285115169353609
GO:0141163,17,-0.34649302422162076,0.7289722257878455
GO:0042693,5,-0.3464525227560281,0.7290026587139198
GO:0006531,5,-0.34623815592746915,0.7291637417200759
GO:0110076,18,-0.34620759108144067,0.7291867102274766
GO:0090482,5,0.3459880612941504,0.7293516870049557
GO:0006164,22,-0.3451473887295193,0.7299835687970262
GO:0042756,14,-0.3450965566013277,0.7300217820601921
GO:0071361,11,0.3448390150190096,0.7302154003127412
GO:0050996,9,-0.34476702113173613,0.7302695279712444
GO:0009651,5,-0.3447375881275565,0.7302916571757592
GO:0055010,19,0.3446949361739629,0.7303237254459827
GO:1903566,6,0.34458012096600155,0.7304100526765795
GO:0030857,7,-0.34453867225839624,0.730441217959859
GO:0040019,17,-0.34449700735949396,0.7304725462459274
GO:1904841,5,0.3444874934942377,0.7304796998867087
GO:0090611,5,-0.3433799315466831,0.7313126550689822
GO:0072538,13,0.3431618362171274,0.7314767136318092
GO:0007422,17,-0.3431404910454272,0.7314927708399004
GO:0140492,9,-0.342716421670347,0.7318118074112596
GO:0072657,34,0.3426941208482316,0.7318285860863425
GO:0030017,61,0.34225307063893784,0.7321604494339359
GO:0098793,232,0.3417067349850157,0.732571603107836
GO:0005788,334,0.3408641381282883,0.7332058633619845
GO:0034105,6,-0.3407641366637751,0.7332811510292363
GO:0031113,15,-0.340495457117007,0.7334834433348558
GO:0000455,6,-0.34034013840797217,0.7336003932422432
GO:0090407,5,-0.3403073403373381,0.7336250899072625
GO:0019082,31,-0.339834459932603,0.7339811954100051
GO:0048489,19,0.3397272522927066,0.7340619367446648
GO:0032438,24,0.3396931233558681,0.7340876409022752
GO:0022409,17,-0.339477896997447,0.7342497451755633
GO:0097681,9,0.33938752644081915,0.734317814038125
GO:0021675,10,0.33925613484561157,0.7344167844697368
GO:0050693,7,0.3389221785651393,0.7346683561607787
GO:0030705,14,-0.3387758721910813,0.7347785787865365
GO:0005827,5,-0.3387353169279058,0.7348091328148838
GO:0008504,10,0.3384476602913176,0.7350258631923874
GO:0002115,10,0.33794236369488384,0.7354066220600177
GO:0016050,15,0.33791672751145563,0.7354259415654005
GO:0006721,5,0.33769921058987085,0.735589869708754
GO:0072574,5,0.33727047693275297,0.7359130132132521
GO:0016805,12,0.337173503183543,0.7359861103814231
GO:0023052,45,-0.33694956877838755,0.7361549174709469
GO:0038063,6,0.3367850761093168,0.7362789240789066
GO:0097441,6,-0.3367524608588704,0.7363035126569932
GO:0010043,23,0.33674827965441495,0.7363066648789702
GO:1902751,6,-0.33668723035797765,0.7363526906233364
GO:1905652,5,0.3365559208375564,0.7364516895384612
GO:0005127,6,0.33652415410574577,0.7364756402641032
GO:0060253,8,0.3363567847201806,0.7366018336843184
GO:0030496,178,-0.3363166383306776,0.7366321043758035
GO:0061523,6,-0.33616538635083554,0.736746153221085
GO:0055062,13,0.33613727841777125,0.7367673481434127
GO:0022407,19,0.33556612963202326,0.7371980689923334
GO:0016973,23,-0.33553198039090637,0.737223824601288
GO:0030552,25,-0.33534288694007647,0.7373664456140614
GO:0008194,40,-0.3346600554364148,0.7378815367077882
GO:0070922,10,0.3346326709882429,0.737902196508559
GO:0050815,6,-0.33453462382851656,0.7379761683221379
GO:0000183,7,-0.33439274816735143,0.7380832109039764
GO:0032436,72,-0.3341083900110374,0.7382977692005415
GO:0035686,9,-0.333981400588066,0.7383935938017909
GO:0046923,5,-0.33234003987589705,0.7396325089487186
GO:0071897,34,-0.332195652740339,0.7397415261652183
GO:0042552,45,0.3311470779723382,0.74053339266488
GO:0036010,10,-0.33107032998338504,0.7405913623001583
GO:0032183,11,-0.3308431038959887,0.7407630003628025
GO:0016799,9,0.33073239884404687,0.7408466274814878
GO:0008238,7,0.3306786152411654,0.7408872569741283
GO:0005608,5,-0.33051792183314593,0.7410086531393668
GO:0032835,9,-0.3303063002546673,0.7411685329319642
GO:0034109,8,0.3301990941702142,0.7412495312370757
GO:0060760,7,0.3301048873907789,0.7413207104360173
GO:0090656,12,-0.32981606782438366,0.7415389457366212
GO:0005160,16,-0.3297470364873627,0.7415911096672709
GO:0005315,6,0.32915310750486393,0.742039964585443
GO:0019217,6,0.3288921855012929,0.7422371811070523
GO:0040008,6,0.3284355719950436,0.7425823507382117
GO:0004896,51,0.3280370749813925,0.742883630448604
GO:0070410,11,-0.3280005608451858,0.7429112385691959
GO:0030619,7,-0.32780997598923306,0.7430553440081993
GO:0097700,22,0.3275322653363148,0.7432653433124567
GO:0045647,7,-0.3273872291521062,0.7433750244011283
GO:0071025,6,-0.32706573147629564,0.7436181699846884
GO:0015291,22,0.32698711644987133,0.7436776296603715
GO:0106292,5,-0.32619485745720705,0.7442769319553628
GO:0030132,8,-0.3259339048443201,0.744474362822946
GO:0046856,25,-0.3257059541456779,0.7446468389277049
GO:0051016,19,0.3247508769016128,0.7453696255665565
GO:0048812,62,0.3245409046805743,0.7455285591514218
GO:0001504,11,0.32436306931407366,0.7456631759637471
GO:0033234,9,-0.32431428884151725,0.7457001028879485
GO:0009988,7,-0.3241864316710028,0.745796893817239
GO:0010976,109,-0.3241321156408303,0.7458380135625873
GO:0097091,12,-0.3241192448346898,0.7458477574638315
GO:0097602,25,0.3237561932818029,0.746122624001606
GO:0033503,5,0.3235867277097398,0.746250937545542
GO:1902905,5,-0.3234080886859407,0.7463862045319491
GO:0042995,126,-0.3230002120036187,0.7466950815071942
GO:0003344,5,0.3226578047859843,0.7469544111701372
GO:0030148,45,0.32265185015978554,0.7469589212912542
GO:0070301,60,0.3218687867646964,0.7475521004197814
GO:0048015,24,-0.32160421171649145,0.7477525527380708
GO:0090304,7,0.32143857722967817,0.7478780525320224
GO:0050436,5,0.3212286925955913,0.7480370898710844
GO:0050664,6,0.32064052713835883,0.7484828216687843
GO:0031204,11,-0.32041241626041544,0.7486557144867894
GO:0050910,11,0.32014743343364566,0.7488565696462982
GO:0009954,7,0.3194154316519996,0.7494115104748906
GO:0031683,24,-0.3192717370867071,0.7495204625880298
GO:1900025,13,0.31891935598843457,0.7497876661879384
GO:0050687,12,-0.31872225463392717,0.7499371373351957
GO:0034551,14,0.31763574527843264,0.7507612564493474
GO:0005545,14,-0.3173367939887588,0.7509880614289728
GO:0072593,22,-0.31674853892635496,0.7514344149301673
GO:0052658,7,-0.31645620379211153,0.7516562626006889
GO:0097237,11,-0.31610042298843477,0.7519262856918223
GO:0042326,6,0.31581347007229466,0.7521440933552017
GO:0090258,5,0.31561942724829867,0.7522913900794994
GO:1900087,47,0.3155446964244432,0.7523481201985893
GO:0006516,16,0.31546492290070993,0.7524086798389936
GO:1905522,7,-0.31524835568603476,0.7525730933561314
GO:0002430,16,0.31508539820400167,0.752696814833201
GO:0031011,16,-0.3141865239223242,0.7533793772017084
GO:1901673,27,0.31375626395922496,0.7537061644079573
GO:0070181,7,0.3131044252977485,0.7542013271203731
GO:0005795,39,-0.3130938940878422,0.7542093278786826
GO:0071014,8,0.3130818442927848,0.7542184823670643
GO:0034103,5,0.31304702530559125,0.7542449352943378
GO:0010897,7,0.3128326594738812,0.7544078011715049
GO:0016602,5,-0.31251110823419387,0.754652122358034
GO:2000810,7,0.3125005012447101,0.7546601821833024
GO:0006885,16,0.31200925066226104,0.7550334930268586
GO:0019104,11,-0.311908876455895,0.7551097763758623
GO:0051918,12,-0.31184916454919526,0.7551551579346409
GO:0003899,33,-0.31132594639621103,0.755552844324821
GO:0008330,8,-0.31116109678178616,0.7556781562477
GO:0042438,13,0.3102328365646251,0.7563839015510467
GO:0019725,14,-0.3097562434291727,0.75674632870257
GO:1905820,7,0.30951107718217014,0.7569327872004631
GO:0031265,6,-0.309486111485697,0.7569517753808166
GO:0007129,30,-0.30884158755052304,0.757442032236018
GO:0070513,5,0.3078307658106567,0.758211109849926
GO:0007094,28,-0.30778895279311175,0.7582429281916765
GO:0031593,38,0.3076669954971992,0.7583357360525331
GO:1904612,5,-0.3075092155678183,0.7584558096221627
GO:0051971,5,0.3074734877630585,0.7584829999798073
GO:0086014,8,-0.30737609433364166,0.7585571219805622
GO:0035994,12,0.3072594164724783,0.7586459234643774
GO:0030016,46,0.30660206157822395,0.7591462842644372
GO:0014898,6,0.30628981694195173,0.7593839917957603
GO:0042765,5,0.3055799141107877,0.7599245155909452
GO:0009404,8,-0.30522937652723137,0.7601914600379645
GO:0016461,7,-0.30522321640559763,0.7601961514031499
GO:0017075,19,-0.3040369182823521,0.7610997649457238
GO:0046457,9,-0.30394145003680706,0.7611724981215933
GO:0030240,6,-0.30322398339999207,0.7617191727751886
GO:0043114,15,-0.30276348552857896,0.762070112425102
GO:0016878,9,-0.3023169491647975,0.7624104589151579
GO:1903140,9,-0.3023169491647975,0.7624104589151579
GO:0000578,6,-0.3022129106361543,0.7624897628622264
GO:0042981,247,-0.30196131144239874,0.7626815560518233
GO:1903779,23,0.3018754802225862,0.7627469882258964
GO:1990254,6,-0.3018215276307977,0.7627881190623433
GO:0150052,43,-0.3014196906242481,0.7630944811499879
GO:0090336,17,-0.3013985461811447,0.7631106027832761
GO:0006862,5,-0.3013283053443685,0.7631641588216702
GO:0010719,53,0.3011645868389875,0.7632889925224978
GO:0022038,10,0.3007272693675391,0.7636224728330909
GO:0071230,45,0.30052613059749894,0.7637758677124653
GO:0006547,6,0.3005169176129425,0.7637828940522096
GO:0048066,10,-0.3004746210693222,0.7638151520228775
GO:0022604,12,-0.30043245450912043,0.7638473112682015
GO:0120025,30,0.2999124940329059,0.7642439039173964
GO:0004385,9,-0.29989351343770126,0.7642583822741084
GO:0046710,9,-0.29989351343770126,0.7642583822741084
GO:0051129,8,0.29921291741189726,0.7647775938642133
GO:0035035,26,-0.2985886028207965,0.7652539625927326
GO:0002827,8,-0.2984502676648831,0.7653595280413672
GO:0160004,5,-0.2983986253540628,0.7653989381120899
GO:0019956,7,0.29809691257974474,0.7656291979184882
GO:0044794,12,0.2979415359549223,0.7657477856366781
GO:0071333,70,0.2976256615190337,0.7659888866257636
GO:1903803,5,-0.29754115803982695,0.7660533903789958
GO:0006265,10,-0.29711439870303785,0.766379171900351
GO:0048167,56,-0.29707731955305067,0.7664074795051461
GO:1990391,5,-0.29693378535890996,0.7665170617970222
GO:0006887,120,0.2963102372046334,0.7669931686538299
GO:0070371,30,0.2961920384005654,0.7670834286422002
GO:0099103,8,-0.29616231842384055,0.76710612416391
GO:0048306,79,0.29603986940666643,0.7671996338920255
GO:0051445,20,0.2957344723106188,0.7674328689829747
GO:2000210,6,-0.2955920147955392,0.7675416725463234
GO:0098641,18,-0.2954525751447338,0.7676481756183602
GO:0043489,6,0.29523324704062903,0.7678157058343331
GO:0032402,19,-0.29507309017189326,0.7679380459151536
GO:0031143,17,-0.294964783091571,0.7680207824342058
GO:0010803,20,-0.29494832460752146,0.7680333554140557
GO:0031956,10,-0.294764769529621,0.7681735811086633
GO:0009416,16,-0.294531139629644,0.7683520721079795
GO:0060312,5,0.29411128878288373,0.7686728649855068
GO:0061628,14,0.29382641042226776,0.7688905528203489
GO:0002865,5,0.2935039161019667,0.7691370066208341
GO:0014910,5,-0.29307518244484876,0.7694646858404101
GO:0045348,10,-0.29251619967549086,0.7698919757062919
GO:0050482,23,-0.2921450861145174,0.7701756957952166
GO:0005652,13,-0.2920842156255945,0.7702222348401991
GO:0005901,81,0.2918625547121575,0.770391714550072
GO:0000813,13,0.290843284279336,0.7711711795090697
GO:0090330,8,-0.2905413073254768,0.7714021542461369
GO:0000281,66,0.29050669752476643,0.7714286277253853
GO:1905354,6,0.29024311372233297,0.7716302550780746
GO:0061909,17,0.28967436946671066,0.7720653662078921
GO:0042415,5,-0.2888950292879492,0.7726617076798601
GO:1904995,8,0.2888606532533529,0.7726880148911887
GO:0010430,6,-0.28867758170090674,0.7728281198598566
GO:0060298,8,-0.28847932837984586,0.7729798518126673
GO:0035529,5,0.2883591122165518,0.7730718627364295
GO:0006670,9,-0.2882290645534358,0.7731714020750076
GO:0051240,36,-0.28783934788057497,0.7734697161232761
GO:0086064,12,0.28719368367477105,0.7739640224014527
GO:0050890,56,0.2868012280277537,0.7742645225959562
GO:0071287,7,0.28674314038262316,0.7743090027226068
GO:0046605,6,0.28632928366876736,0.7746259314622487
GO:0140627,16,-0.28618159630206236,0.7747390385682438
GO:0055001,11,-0.286157363563452,0.7747575977885247
GO:0015872,8,0.28582417740875943,0.7750127893895516
GO:0005672,6,-0.2851225194022513,0.7755502778158448
GO:0090266,8,0.2851180202355981,0.7755537246426965
GO:0070120,8,-0.284920296227113,0.775705206043033
GO:0006383,32,-0.28487204707064945,0.7757421722465945
GO:0002063,6,0.28476375164734113,0.7758251448872446
GO:0150053,10,0.28475989692023296,0.7758280983084072
GO:0031253,14,-0.2847083960872163,0.7758675576124252
GO:0086010,12,-0.28458744481713777,0.7759602312608911
GO:0035176,38,0.2844341247403419,0.7760777106838538
GO:1902306,7,-0.2843274441704697,0.7761594562419282
GO:0004000,10,0.28422933549397755,0.7762346356491686
GO:0010883,6,-0.28401360088707445,0.7763999576548577
GO:0003950,24,0.2839420864006027,0.7764547629587976
GO:0003995,11,0.2833389098605373,0.7769170530471015
GO:0071476,10,-0.28309241815200165,0.7771059934137703
GO:0141110,7,-0.28299881125378523,0.7771777482543349
GO:0032783,5,-0.2809991844360277,0.7787110253672054
GO:0036376,20,-0.28083339993827366,0.778838184638238
GO:0055090,5,0.27985589468371336,0.7795880665306814
GO:0035102,19,0.27916183700240804,0.7801206294756626
GO:0051379,6,0.2789256218174392,0.7803019051860437
GO:0032480,35,0.2788968021500849,0.7803240227261469
GO:0007168,12,-0.2787061093419477,0.780470373649016
GO:0051724,5,-0.2786411493218793,0.7805202302625424
GO:0060348,39,0.27856590200736,0.7805779834707028
GO:0051560,14,-0.2785158336582586,0.7806164121944308
GO:0015234,6,0.27843639306074347,0.7806773859610077
GO:0032870,45,-0.2783765815041813,0.7807232945607148
GO:0050435,7,-0.2780164378162186,0.7809997404431993
GO:0046340,6,0.2779145490536014,0.7810779551655197
GO:0005942,7,0.2774427099658321,0.7814401904434962
GO:0097009,47,0.2772922615835565,0.7815557010475629
GO:1990542,11,0.27714794745328014,0.7816665064506312
GO:0005499,6,-0.27690347628976364,0.7818542232393219
GO:0097284,5,0.27664039225532905,0.7820562460866516
GO:0140097,6,0.2761859407799433,0.7824052550703703
GO:0032747,7,0.2760234884411919,0.7825300256138645
GO:0097267,11,0.2759675694067603,0.7825729751870993
GO:0016255,6,-0.27566409677280124,0.7828060741029856
GO:0001965,31,-0.27553330773857243,0.7829065398580387
GO:0031210,31,0.27551895480281485,0.782917565303515
GO:0046038,5,-0.2750683688458967,0.7832637125324259
GO:0015141,5,-0.2739608068983421,0.7841147412771261
GO:0071422,5,-0.2739608068983421,0.7841147412771261
GO:0007612,41,-0.27349033085973745,0.7844763239919711
GO:0008630,41,-0.2733530302509356,0.7845818546687489
GO:0030278,5,0.27324625080314563,0.7846639292016084
GO:0005528,10,0.2726833082654666,0.7850966667013997
GO:0016868,9,0.27217047396619365,0.7854909435095343
GO:0006084,6,-0.27207641922369946,0.7855632605680183
GO:0002437,8,-0.27158804879782805,0.7859387898478479
GO:0051298,22,0.2715863608650541,0.7859400878592622
GO:1903265,17,-0.2713613992268096,0.7861130874973652
GO:0051493,30,-0.2712139205865775,0.7862265070164687
GO:0048854,10,0.2710158294972353,0.7863788575458497
GO:1901381,15,0.27084912793027477,0.7865070729419763
GO:0097229,30,-0.270747039879774,0.7865855949173705
GO:1902731,5,0.27067384886043816,0.7866418918078063
GO:0050807,29,0.2704753928680031,0.7867945453171015
GO:0010664,5,0.27045948203187925,0.7868067843801313
GO:0031465,7,-0.26974267828959275,0.7873582245867283
GO:0006868,9,-0.2693209396497178,0.7876827197814685
GO:0015186,9,-0.2693209396497178,0.7876827197814685
GO:0035371,25,0.2693067239111294,0.7876936583329169
GO:0038083,10,-0.26889358379221356,0.7880115745884638
GO:0035092,17,-0.26866774540316274,0.7881853748596785
GO:0071286,6,-0.26858658742593683,0.7882478348352777
GO:0030371,16,0.26738513632298505,0.7891726424558535
GO:0051597,6,0.26711890115584974,0.7893776151618993
GO:0070383,9,0.26697739740813026,0.7894865639014156
GO:0001940,6,-0.2666949029000468,0.7897040787219809
GO:0030007,23,0.2666028015808368,0.7897749983409605
GO:0160025,9,-0.26647140533324204,0.789876178753026
GO:0097494,6,0.26646659614692214,0.7898798820877434
GO:0030500,19,-0.26644016684155236,0.7899002341733096
GO:0120281,7,0.2656963871342356,0.7904730460561422
GO:0007021,8,0.26480893993547977,0.791156649612971
GO:1901164,9,-0.2647403798138876,0.7912094683969552
GO:0051239,34,0.26427083819371305,0.7915712294693122
GO:0043268,9,-0.2638082891496198,0.7919276469655911
GO:0046985,6,0.26372691510942625,0.7919903542913288
GO:0098700,6,0.2634007626049625,0.7922417028791477
GO:0045927,5,0.2633853766894338,0.7922535605288957
GO:0051764,14,-0.26337608620263453,0.7922607205640754
GO:2000573,12,0.26306867619614827,0.7924976466017929
GO:1902236,18,0.2629467653092028,0.792591610670289
GO:0048259,6,0.26177000008264345,0.7934987692302206
GO:0005834,35,-0.2616734454349169,0.7935732148306179
GO:0006204,5,0.2597768684086914,0.7950358948755609
GO:0070849,11,0.2593940980597063,0.7953311829869325
GO:0008047,84,-0.25893870231980376,0.7956825361312202
GO:0009306,47,0.25861490693098094,0.7959323803818646
GO:0048008,20,0.25849965837300826,0.796021312546345
GO:0060546,21,-0.25848017568546483,0.7960363467279407
GO:0046949,8,0.2578885996384992,0.7964928835169993
GO:0008585,10,0.2576254696917412,0.7966959710949517
GO:0045453,11,0.257394682184989,0.7968741076338417
GO:0030149,14,-0.25714081644658054,0.7970700696481212
GO:1904158,6,0.2570734040183648,0.7971221082616005
GO:0034337,5,0.25648991037078744,0.7975725702915607
GO:0140691,5,0.25648991037078744,0.7975725702915607
GO:0030677,7,0.25627517190683685,0.797738367181194
GO:0046580,22,-0.256271084336533,0.7977415232317601
GO:0050778,33,-0.2559998241915669,0.7979509730676736
GO:0021953,5,-0.25598972110414986,0.7979587743104205
GO:0030126,13,-0.2555210598876208,0.7983206799028884
GO:0014704,47,-0.25521054515910074,0.7985604868307032
GO:0051117,88,0.2552048154726177,0.7985649119798419
GO:0010831,14,0.2550268037553157,0.7987023971397895
GO:0046337,5,-0.2548821591565953,0.7988141162127458
GO:0008556,7,-0.2547653617742409,0.7989043299516219
GO:0070822,14,-0.2546637914749975,0.7989827845467399
GO:0035278,118,0.25416666301846824,0.7993668041265355
GO:0051219,40,-0.2539488907620055,0.7995350431606225
GO:0022010,11,0.2534922078271071,0.799887881833118
GO:0033674,5,0.25327440794240313,0.8000561710075828
GO:0010856,5,-0.25323868013764333,0.8000837779820589
GO:0098735,5,-0.2531672245281237,0.8001389926803174
GO:0046638,6,0.25283342146033544,0.8003969399706404
GO:0015804,22,0.25257429345033827,0.8005971969045558
GO:0007259,75,0.2520335179794518,0.8010151562516911
GO:0030117,31,-0.2517648461239933,0.801222830930756
GO:0002079,6,0.25139835044069475,0.8015061429225494
GO:0005501,10,0.25132189465123034,0.801565248798882
GO:0051894,25,-0.251183536864947,0.8016722123002193
GO:0005915,8,0.25105299820229804,0.8017731342963526
GO:0034061,16,-0.25090577449223184,0.8018869597978946
GO:0009408,32,0.25019012911585425,0.8024403183950537
GO:1902952,5,0.24980881088070006,0.8027352056402308
GO:0046870,5,0.24855833771410618,0.8037024388660973
GO:0016126,30,0.24808873557771607,0.8040657509380179
GO:0010837,11,-0.24787938976916582,0.8042277269206657
GO:0034713,11,-0.24773485368183687,0.8043395629391137
GO:0045070,28,0.24744232331657603,0.8045659230322151
GO:0032388,14,-0.24620774070993803,0.8055214237463804
GO:2001135,9,-0.24575236142466095,0.8058739362920588
GO:0047044,8,0.24447161334843492,0.8068655843466783
GO:0006839,11,-0.24436234497749448,0.8069502022436135
GO:0150077,10,0.2441845802266038,0.8070878688595535
GO:0042641,11,-0.24388055801973127,0.8073233270692044
GO:0051496,51,-0.2435206305571911,0.8076021051819683
GO:0030234,28,0.24319872900153436,0.8078514514206657
GO:0030130,7,-0.24292845033468866,0.8080608254394905
GO:0141109,10,0.2428455442460544,0.8081250522097059
GO:0048384,18,0.24277659014474523,0.8081784714574052
GO:0006352,28,-0.242428539285993,0.8084481226529158
GO:1990253,12,-0.24210344503164724,0.8087000088511964
GO:0014829,5,-0.24194869383353845,0.8088199185549757
GO:0010881,25,0.2414347325455719,0.8092181961122277
GO:0002087,6,0.24138546855365617,0.809256374235258
GO:0018126,7,-0.24096569716231392,0.8095817029386666
GO:0031419,10,-0.24062223922174597,0.8098479121306074
GO:0006312,7,0.24033157690662363,0.8100732174002475
GO:0001405,7,0.2399692224748006,0.8103541164528055
GO:0045110,6,-0.23978732128178354,0.8104951364208293
GO:0032400,6,-0.23978732128178354,0.8104951364208293
GO:0010923,8,-0.239782729718644,0.8104986961367264
GO:0005882,198,0.23971672135989278,0.8105498710820686
GO:0030550,7,0.2391841212058507,0.8109628148161933
GO:0006002,11,-0.2389422417026585,0.811150369926555
GO:0098797,15,-0.23887288082143743,0.8112041548542299
GO:2001199,5,0.2388046470146738,0.8112570666772785
GO:0038180,12,-0.23850545156447214,0.8114890876035399
GO:0071318,18,-0.2384449932373454,0.8115359740080653
GO:0002357,12,-0.23829787501828897,0.8116500693750347
GO:1902725,5,-0.23801863530995765,0.8118666406157272
GO:0044772,7,0.23749313385734322,0.8122742452458405
GO:0005691,5,-0.2369646650695428,0.8126842027912197
GO:0009913,7,0.2367986211963491,0.8128130212658079
GO:0090575,109,-0.23677089519428618,0.8128345318652722
GO:0035767,10,0.23642827747134593,0.8131003558227973
GO:0005042,6,-0.2360039522300035,0.8134296033577137
GO:0043149,17,0.23564626255788076,0.8137071718368806
GO:0031694,5,0.23562487239104934,0.8137237714254416
GO:0008333,42,0.2355019347508689,0.8138191773639103
GO:0047023,8,-0.23520683123655892,0.8140482041558056
GO:0031589,20,-0.23520109917212334,0.814052652909312
GO:0035331,25,-0.23512198220761593,0.8141140575548732
GO:0045860,25,-0.23504207397548993,0.8141760774823901
GO:0030307,85,-0.23494155656528495,0.814254094659258
GO:0032982,23,-0.23456247988594595,0.8145483338149627
GO:1903861,22,0.23446512887879437,0.8146239018488962
GO:0016327,22,-0.2342436621436767,0.8147958202672212
GO:0034719,17,-0.23374713971818734,0.8151812891086803
GO:0002159,8,-0.23365328545560413,0.815254156696851
GO:0036462,8,-0.23345556144711896,0.815407673031073
GO:0048844,15,-0.23342660389451286,0.8154301567699708
GO:0045777,17,0.23314639677910062,0.8156477280184868
GO:0015232,9,0.23190415726982527,0.8166124555105496
GO:0007127,9,0.23169110797513548,0.8167779382909894
GO:0030345,6,-0.23163350867018861,0.8168226790730223
GO:0008611,7,0.2315746781375671,0.8168683768385153
GO:0031941,30,-0.23125185008861443,0.8171191509097365
GO:0106015,11,-0.23123365037844731,0.8171332890723796
GO:0035497,13,0.2311899417056238,0.8171672437201523
GO:0008432,11,0.23048688059391434,0.817713456856805
GO:0031214,35,0.23029316492563437,0.8178639714916776
GO:0006833,22,-0.23018911730075342,0.8179448179582252
GO:0045332,28,-0.2298789774504071,0.8181858124645707
GO:0005922,22,-0.22937139397108824,0.8185802678186134
GO:0031639,11,0.22904151972062475,0.8188366456770502
GO:0035335,19,0.22886174633758385,0.818976373484208
GO:0046034,33,-0.22782899254348934,0.8197791865574994
GO:0004715,48,-0.227748395278033,0.8198418469484134
GO:0030299,10,0.2276361166933989,0.8199291399165094
GO:0097228,70,-0.2274190303246479,0.820097923873171
GO:0006396,1091,0.2272537838575678,0.8202264080583909
GO:0009083,17,-0.22710020977926026,0.8203458209300436
GO:0052650,13,-0.226824522505393,0.8205601944350455
GO:0005126,33,0.22677171688657385,0.8206012574384556
GO:0003954,11,0.22653622754025612,0.8207843859778747
GO:0031581,6,0.22648029909966064,0.8208278802249254
GO:0001216,27,-0.22506729355177227,0.8219269242071734
GO:0031467,5,0.22444206950122395,0.8224133388160174
GO:0019841,14,0.22319916823682806,0.8233804992653513
GO:0018108,36,-0.22254603537198733,0.8238888405840109
GO:0035881,5,0.22147666170615843,0.8247213066668111
GO:1904383,6,-0.22132708952913263,0.8248377585673686
GO:0070973,8,0.22088596376484818,0.8251812267931965
GO:1990791,5,-0.2200475495157654,0.8258341229769379
GO:0007041,25,-0.21907640919671012,0.8265905271443134
GO:0071203,13,-0.21838175745317,0.8271316779825935
GO:0014911,13,-0.21824880052321374,0.8272352640780415
GO:1900272,13,-0.21820448154656163,0.827269793444582
GO:1904781,7,-0.21798638694420353,0.8274397180363282
GO:0001786,58,0.21786456479500393,0.8275346371484843
GO:0008641,10,-0.21768177374365427,0.8276770655992884
GO:1901741,9,0.2176032233637738,0.8277382727925383
GO:0033572,11,-0.21743045403853167,0.827872899952989
GO:0016747,52,0.2173050762552897,0.8279706013364692
GO:0000811,5,-0.21672486367310165,0.8284227700828205
GO:0090267,21,-0.21652771327995834,0.8285764254202932
GO:0006536,13,0.21612148964391345,0.8288930492176048
GO:0032733,39,0.2160878970641004,0.8289192336023696
GO:0022011,12,-0.21581041584844463,0.8291355289588512
GO:0005871,47,-0.2156406689475892,0.8292678522892916
GO:0032434,13,-0.2145703254610903,0.8301023318965509
GO:0044458,20,-0.2142788500737827,0.8303296101969838
GO:0035845,7,0.21418166541006173,0.8304053932174903
GO:0038110,8,-0.21402211604172056,0.8305298106409236
GO:0006384,25,0.21380246587639248,0.830701101926961
GO:0045324,9,0.21360854908834043,0.8308523320640683
GO:0098696,19,0.21346375939937237,0.8309652534718714
GO:2001016,5,-0.21308062758759944,0.8312640746157187
GO:0046059,5,0.21308062758759944,0.8312640746157187
GO:0006891,32,0.21305010373778646,0.8312878825419799
GO:1902373,6,-0.21294497016441305,0.8313698855836896
GO:0005684,29,0.21278030714513066,0.8314983246337195
GO:0070372,30,-0.21270793201526245,0.8315547794918243
GO:0060078,61,0.21250847097929385,0.83171036981679
GO:0016167,5,0.21243752710192257,0.8317657114432587
GO:0004890,19,-0.21196062257921364,0.8321377549211298
GO:1902711,19,-0.21196062257921364,0.8321377549211298
GO:0009072,10,0.21096132901108555,0.8329174472041808
GO:2000145,18,-0.21042144454947162,0.8333387569755996
GO:0045776,23,-0.21028647951701404,0.8334440871545727
GO:0038135,5,-0.21018667540205357,0.8335219787729343
GO:0031369,23,0.20932010475970586,0.8341983580686505
GO:0015385,14,0.20903101247264383,0.8344240288926209
GO:0045121,221,0.20873503366595997,0.8346550895906232
GO:0051694,7,0.20829340589293752,0.8349998800727785
GO:2000402,5,-0.2080072793117042,0.8352232835979518
GO:1902065,10,-0.2080053439219482,0.8352247947677702
GO:0000467,9,-0.20790948045538882,0.8352996465903367
GO:0043323,5,0.20790009589742472,0.8353069742927394
GO:0016459,55,-0.20783209951908677,0.8353600680276094
GO:0002826,12,0.20723058527287325,0.8358297821331329
GO:0045920,7,0.20708555778686075,0.8359430408460189
GO:0000079,25,0.20707419273138117,0.8359519164904874
GO:0002684,12,0.20702300872669008,0.8359918893679454
GO:0008395,19,0.20684629120330766,0.8361299026898565
GO:0034616,5,-0.20679253394987013,0.836171887173716
GO:0008179,12,-0.20653866345226266,0.8363701666625211
GO:0072577,6,-0.20648715057602987,0.8364104008334322
GO:0098880,6,-0.2062588438229052,0.8365887251456822
GO:0070665,10,0.20611048168532167,0.8367046113543051
GO:0030157,5,0.20564924419755573,0.8370649082666635
GO:0051371,14,0.20525141402462485,0.8373757018383673
GO:0071347,53,-0.20463029658092569,0.8378609830007455
GO:0015190,6,0.20456285079969347,0.8379136823339234
GO:0010832,13,0.2044434392960879,0.8380069873080831
GO:0005778,65,-0.2044376262679998,0.8380115295118356
GO:0034634,7,-0.2042773109402323,0.8381367993772068
GO:0002286,21,-0.20420003625556388,0.8381971830250122
GO:0140009,6,-0.20397577629165864,0.8383724286639301
GO:0030314,9,-0.20394143734179168,0.8383992631905534
GO:0070728,7,-0.2037941716978016,0.8385143475780452
GO:0071934,5,-0.2036484871310055,0.8386281997921111
GO:0008508,5,0.20314829786436794,0.8390191224538662
GO:0090559,6,-0.20306254927916,0.8390861432075162
GO:0005212,24,0.20272956065447445,0.8393464168549479
GO:2000288,6,-0.20263855102335707,0.8394175557028186
GO:0005865,10,-0.2025481406804638,0.8394882274083766
GO:0045955,6,-0.20234501376933967,0.8396470118070795
GO:0048839,25,-0.20213586398599281,0.8398105111072558
GO:0016338,21,0.20200302450864208,0.8399143597082243
GO:0060627,16,0.2016075138882331,0.8402235706173078
GO:0019870,13,-0.20123031348881143,0.8405184895346056
GO:0032098,10,0.2008301322525891,0.8408314007835858
GO:0098690,9,0.1999467630663583,0.8415222171713319
GO:0071881,5,-0.1997184286074247,0.8417008001913631
GO:0007213,14,0.19920832724050408,0.8420997857738084
GO:0180046,6,-0.19918133447604083,0.8421208998134327
GO:0070938,7,-0.19911376028675412,0.8421737575912469
GO:0005179,130,0.19910513589415868,0.8421805038014641
GO:0071682,18,0.19904629441003896,0.8422265313544637
GO:0099589,10,-0.1988847403563192,0.8423529064953763
GO:0060158,7,-0.19884199446288686,0.8423863450130248
GO:0046627,40,0.19834702375599314,0.8427735628151276
GO:0042267,30,0.19830758021479164,0.8428044213108553
GO:0035995,7,-0.19690943749316406,0.8438984082181203
GO:0045838,5,0.19678874861711898,0.8439928562565984
GO:0004596,7,-0.19627531723747374,0.8443946796228486
GO:0014808,9,-0.19589882646725248,0.8446893558162685
GO:0030239,15,0.1948900686691527,0.8454790091740259
GO:0072531,6,0.19484350616667231,0.8455154619518332
GO:0007026,24,0.19473716506989866,0.8455987153403836
GO:0004675,12,-0.19466067219844743,0.8456586019159253
GO:0007231,8,0.1946169169232486,0.8456928584971437
GO:0000428,41,0.1945799264192619,0.845721819077439
GO:0004711,6,-0.19396289440462008,0.8462049360733049
GO:0070059,35,-0.19380666571961966,0.8463272674855715
GO:0004706,9,0.19347539074015624,0.8465866772732613
GO:0038155,8,-0.19323284886385247,0.8467766138326466
GO:0042721,5,0.19296587350781766,0.8469856947450007
GO:0140597,25,-0.19281856412009832,0.8471010642420942
GO:0090277,10,-0.19266959222018423,0.8472177391151255
GO:0046069,6,0.1921364403796228,0.8476353313485637
GO:0008200,14,0.19171319133511047,0.8479668724659241
GO:0036465,17,0.1915982399596848,0.8480569212804323
GO:0090092,7,-0.19102117797603982,0.8485090010367735
GO:1902461,6,0.1903752168555183,0.8490151166087752
GO:0030497,13,0.1901505693257891,0.8491911442967062
GO:0016024,13,0.190084090860811,0.8492432364541165
GO:0098981,15,0.18985638847911637,0.8494216677681969
GO:0007208,6,-0.18916845258900225,0.8499607924151921
GO:0098536,6,-0.18913583733855588,0.8499863542232405
GO:0032045,10,-0.18913251604514808,0.8499889572556238
GO:0015651,5,0.18832125888904033,0.8506248213109152
GO:0015697,5,0.18832125888904033,0.8506248213109152
GO:1902110,6,-0.18815737982516448,0.850753281669856
GO:0090023,24,-0.18752769803238334,0.8512469089914072
GO:0044666,11,0.18618656982758822,0.8522984555404732
GO:0038196,8,-0.18605829198453389,0.8523990489181641
GO:0016709,13,0.18578515012555832,0.8526132502747681
GO:0014075,10,0.18519120259296493,0.8530790690610572
GO:1905198,8,-0.18487194793362294,0.8533294740068971
GO:0140150,30,0.18487016987210306,0.8533308686572353
GO:0045987,14,0.1841539944390725,0.8538926492827495
GO:0042584,9,0.18396806596462484,0.8540385069797498
GO:0033555,8,-0.18312067814418295,0.8547033312931798
GO:0060054,9,0.18274303252015858,0.8549996491927568
GO:0099617,7,-0.18226427920698332,0.8553753301656428
GO:0002693,5,-0.18106851452279576,0.8563137978411094
GO:0004383,8,0.18055026603387592,0.8567205961285359
GO:0051216,56,0.18054729621680854,0.856722927391286
GO:0046548,8,0.18021131059075848,0.8569866792351427
GO:2000323,6,-0.1798078757108913,0.8573034004696191
GO:0034703,17,-0.17971903280935742,0.8573731507092319
GO:0097192,16,0.1796150564631915,0.8574547835756832
GO:0036513,8,-0.17919444426140624,0.8577850259595013
GO:0061154,8,0.1789967202529211,0.8579402769644302
GO:1901526,15,0.17898446446211166,0.8579499002753479
GO:0160257,12,0.17886179062783886,0.8580462255732639
GO:0045842,13,0.17876059232620217,0.8581256895582767
GO:1902237,9,0.17853530895003544,0.8583025940796157
GO:0001665,6,0.17847065044258972,0.858353368702448
GO:0034088,6,-0.17837280469125058,0.8584302055079216
GO:0017108,8,0.1781210853582011,0.8586278830973266
GO:0001963,11,-0.1778998341540612,0.8588016410944166
GO:0048646,15,-0.17741659686193642,0.8591811716990546
GO:0045721,17,-0.17706413659468392,0.8594580116285861
GO:0034485,10,0.17670221977287812,0.8597422971880639
GO:0050900,30,-0.17553255573603282,0.8606611920983265
GO:0098974,19,-0.17537207266413013,0.8607872832857654
GO:0070966,5,-0.175280610151704,0.8608591467631841
GO:0006107,10,0.17511053549411185,0.8609927800529251
GO:1905913,6,0.17481774239259518,0.8612228466087812
GO:0042790,15,0.17475534790900737,0.861271875529681
GO:0007006,5,0.17470896527554683,0.8613083228556556
GO:2000622,7,0.1746246399360478,0.8613745861959892
GO:0036435,10,0.17450417957839137,0.8614692463353679
GO:0019534,6,0.1741654373836676,0.8617354473348329
GO:0007158,18,0.17396069840718423,0.8618963493458115
GO:0034497,16,0.173802336108344,0.8620208083893224
GO:0038172,8,0.17379940345845407,0.8620231132303136
GO:0030111,19,0.17350231710734731,0.8622566067150663
GO:0032027,7,0.17344698803262296,0.8623000936459546
GO:0042445,15,0.173331889166743,0.8623905591095775
GO:2000669,6,-0.17276298161447326,0.8628377358342587
GO:0033005,5,0.17235093016139832,0.8631616468763462
GO:0016597,14,0.1721105281979272,0.8633506359691057
GO:0031666,11,0.1716366037031396,0.8637232288652111
GO:0014037,5,-0.1714577350424027,0.8638638608200017
GO:0016772,16,0.17144528799194536,0.863873647228359
GO:2000045,68,0.1712349878286453,0.8640389974505777
GO:0071763,7,0.1711218804284252,0.8641279315314042
GO:0061891,23,-0.1708817157060848,0.8643167739434492
GO:0038084,20,0.17082632248440227,0.8643603309394466
GO:0042269,6,-0.17080606658769049,0.8643762587314479
GO:0044089,5,0.1706002677281669,0.8645380873947677
GO:0046321,7,-0.16934030447196197,0.8655289753561538
GO:0033391,13,-0.16916553388102484,0.865666439014027
GO:0001671,26,0.16875043694821482,0.8659929446812149
GO:0098712,6,-0.16849038380599754,0.8661975081373896
GO:0006688,31,0.16831687762932954,0.8663339968546618
GO:0070588,145,0.1681108754147747,0.8664960537712525
GO:0051177,8,-0.16772645176926707,0.8667984854784195
GO:0001541,28,-0.16770503511935167,0.8668153348441668
GO:2000774,19,-0.16739811514255634,0.8670568081495049
GO:0038111,8,0.1673592500392232,0.8670873866632476
GO:0016818,12,-0.16732976028432892,0.8671105889181245
GO:0060761,8,0.1670202945961058,0.8673540804396197
GO:0045056,10,-0.16700052512135036,0.8673696357405739
GO:0090324,6,0.16685962128367854,0.8674805052010239
GO:0030913,5,-0.16659875359506643,0.8676857744798089
GO:0019001,18,0.16642748639431493,0.8678205445646148
GO:0017171,7,0.16626029180146623,0.8679521136216337
GO:0045579,11,-0.16614423238463913,0.8680434454486301
GO:0045295,12,-0.16587672446104668,0.8682539649078682
GO:0016891,5,0.16513391359991358,0.8688385802352618
GO:0005261,47,0.16506491084342387,0.8688928912030792
GO:0070200,6,-0.16444609275064645,0.8693799806623956
GO:0034329,11,-0.16433753129302714,0.8694654376136665
GO:0050220,5,0.16366907360476074,0.8699916648820676
GO:0150076,7,0.16363322217074927,0.8700198896916831
GO:0042063,6,0.1630436369814521,0.8704840769907749
GO:0014823,39,-0.1628497773254769,0.8706367147161359
GO:0021915,19,-0.16230211470348158,0.8710679494681791
GO:0060397,11,-0.16173588172110587,0.8715138470014531
GO:0042475,21,-0.1615849830057476,0.8716326837215951
GO:0006110,12,0.1613561685663908,0.8718128866576582
GO:0006399,7,0.16121752595859573,0.8719220779563785
GO:0045120,8,0.16091909661999235,0.8721571213912963
GO:0014009,6,0.1606953389493128,0.8723333607041586
GO:1904385,14,0.16053684255484077,0.8724582018039885
GO:0035563,5,0.1599891097144987,0.8728896529024229
GO:0035197,11,-0.1598569125858294,0.8729937907177707
GO:0038132,5,-0.1588815477669441,0.8737621987677966
GO:0015914,45,0.1588238243216374,0.8738076779633775
GO:0031404,14,0.15857230550841284,0.8740058496774601
GO:0030274,7,0.15777515885627696,0.8746339738185436
GO:0048170,8,0.1574730496149653,0.8748720461741674
GO:0008299,14,0.15673589044327366,0.8754530001622326
GO:0045022,23,0.1565527106839287,0.8755973742683343
GO:0000722,11,0.15626759975049356,0.8758220942093644
GO:0030868,10,-0.1561113834682033,0.8759452256662351
GO:0043125,5,-0.15559458972904017,0.8763525897733347
GO:0007198,10,0.1555302923823045,0.8764032746298143
GO:0033157,6,-0.15531382262566013,0.8765739189656301
GO:0034499,5,-0.15527303948620172,0.8766060691880821
GO:0048846,8,-0.15518510037392275,0.8766753941667678
GO:0044323,6,-0.15492243962030358,0.8768824629652967
GO:0098850,14,0.15460052408846067,0.8771362568024451
GO:0035914,9,0.154540632135599,0.8771834761997783
GO:0003828,6,-0.15443321086360787,0.8772681692687615
GO:0010649,7,0.1543025955513063,0.8773711508735158
GO:0007194,15,0.15297024020130914,0.8784217439258843
GO:0009100,9,0.1521704587321752,0.8790524931089398
GO:0099527,5,-0.15120006974358163,0.8798178952800892
GO:0004994,5,0.15098570291502267,0.8799869940218402
GO:0031106,5,-0.15094997511026284,0.8800151776777865
GO:0099175,32,0.1509475736647602,0.8800170720485452
GO:0016342,31,0.1491700613286963,0.8814194432470287
GO:0001934,54,0.14892759206654035,0.8816107686802352
GO:0030198,115,-0.14872959459948717,0.8817670078399857
GO:0034504,34,0.1485683998558163,0.8818942094879032
GO:0001655,10,-0.14747081166918638,0.8827604167307838
GO:0061824,5,-0.14737719463428028,0.8828343050011594
GO:0071218,10,-0.1472939578604346,0.8829000013929543
GO:0036378,5,0.14676982195336324,0.8833137052774896
GO:0048861,6,0.14673601175826226,0.8833403929785603
GO:0006641,21,0.14638026678895558,0.883621204329211
GO:0048266,14,-0.14625124164114187,0.883723055417351
GO:0030219,12,-0.14592631196677452,0.8839795599793563
GO:0050811,18,-0.1458806506292139,0.8840156067279807
GO:0034113,31,0.14569665087535807,0.8841608653713052
GO:0016038,6,-0.14559447799263897,0.8842415274563445
GO:0002076,7,-0.14554569678224977,0.8842800390191108
GO:0042551,6,-0.1453987864899607,0.8843960227237385
GO:0015149,6,0.1452357102377288,0.8845247721381738
GO:0061036,14,0.1451408511366391,0.8845996652164054
GO:1901380,13,0.14503385109396222,0.8846841450381964
GO:0071028,9,0.14500667619823135,0.8847056006622562
GO:0071679,12,0.1442656995973091,0.8852906626822097
GO:1903936,5,0.14394732537733704,0.8855420645644134
GO:0046696,5,0.1434828639154593,0.8859088438304826
GO:0030870,6,0.1433114104613924,0.8860442446078314
GO:1990961,13,0.14241903147148896,0.8867490306694692
GO:0033689,15,-0.14213957585799325,0.8869697585023658
GO:0051279,11,0.1421271525401437,0.8869795712554934
GO:0010521,7,-0.14207313347727907,0.8870222392639173
GO:0030100,37,-0.14193685287648006,0.8871298846043976
GO:2000391,5,0.1413749234346296,0.8875737634845824
GO:1903059,5,-0.14133919562986977,0.8876019867589187
GO:0035032,5,-0.14130346782510994,0.8876302101757755
GO:0008142,16,-0.14068381257453935,0.8881197335951592
GO:0006488,19,-0.14050663081117984,0.8882597138331152
GO:0006085,7,0.1400499878996005,0.8886204949128887
GO:0042059,24,-0.13970381261610537,0.8888940139200108
GO:1905065,7,0.13962724106247362,0.8889545162007617
GO:0097440,19,0.13955342209595722,0.8890128441635337
GO:0033628,7,-0.13850998156435262,0.8898373815054444
GO:0001601,5,-0.13823087661576497,0.8900579533190727
GO:0007207,8,-0.13792661906186107,0.8902984124960354
GO:0071253,5,0.13780214295864704,0.8903967906835978
GO:0043527,5,-0.13740913710628896,0.8907074091889198
GO:1904417,5,0.13719477027773003,0.8908768445378664
GO:0000801,7,-0.13718134864766818,0.8908874531480705
GO:0007165,2181,0.13709375803228266,0.890956686253797
GO:0051983,9,-0.13667112254349373,0.8912907561755845
GO:1904999,6,-0.13665789937033093,0.8913012086724684
GO:0120192,8,0.13651430471553852,0.8914147168857371
GO:0045134,9,0.13643144208696772,0.8914802188665544
GO:0061049,11,0.13639388774276162,0.8915099053993718
GO:0031234,14,0.13617231244642453,0.8916850627250081
GO:0005742,10,-0.13557107682317185,0.8921603716607103
GO:0033148,10,0.13521736920566824,0.8924400145732834
GO:0098813,9,-0.13515314631882905,0.8924907909265949
GO:0098840,10,-0.1350910450565598,0.8925398902852134
GO:0070266,10,0.134914191247808,0.89267971914499
GO:0034314,18,0.1346373317000065,0.8928986238988267
GO:0008064,7,0.1345240828142993,0.8929881688358151
GO:0033627,25,-0.13446957302167487,0.8930312697546512
GO:0006820,17,0.133946296611848,0.8934450407146413
GO:0030042,12,0.13386380822746313,0.8935102694992761
GO:1904465,12,0.13310269422479148,0.8941121644246539
GO:0051213,88,-0.1330410032427398,0.8941609528134953
GO:0045732,74,0.1330028515690753,0.8941911253118237
GO:0098909,8,0.13239034682427667,0.8946755495884284
GO:0006884,18,0.13190654234534138,0.8950582138059656
GO:0035722,9,0.13161120179461144,0.8952918248537365
GO:0004497,87,0.13131564921535094,0.8955256127041291
GO:1902494,20,0.1311079964847342,0.895689875489367
GO:0002031,9,0.13105194739605078,0.8957342136428178
GO:0001527,28,0.13093225164203323,0.8958289011736921
GO:0097706,5,0.13090667664000072,0.8958491329425675
GO:0060841,5,0.13065658200668195,0.8960469803585032
GO:0035094,38,0.13008851851244774,0.8964963938279211
GO:0034763,5,0.12994202591148543,0.8966122942721008
GO:0000175,33,-0.12975276384277495,0.8967620358709805
GO:0016409,25,0.12933946451918404,0.8970890455034047
GO:0061700,11,-0.12933570881153075,0.8970920171650278
GO:1904315,41,0.12931220974427823,0.8971106105716109
GO:0071466,41,0.1286132248267416,0.8976637013260194
GO:0010793,7,-0.12851503848656742,0.8977413979170223
GO:0019287,5,-0.12840573030681293,0.8978278965700353
GO:0090399,13,-0.12828127791947247,0.8979263807406609
GO:0015377,9,0.12809588843223008,0.8980730898000732
GO:0005713,5,-0.12804845225921468,0.8981106292541381
GO:0003085,11,0.12760127576358324,0.8984645214738645
GO:0030507,28,-0.12756455935643074,0.8984935794689467
GO:0055078,13,0.1274170578747567,0.8986103160455408
GO:0002088,25,-0.12738970365530905,0.8986319651400506
GO:0052742,11,-0.12738447163258979,0.8986361059560463
GO:1990454,11,-0.1269508633706029,0.898979289128864
GO:0004703,7,-0.12667307012480036,0.8991991610331641
GO:0045109,71,0.12666064315892436,0.8992089970927268
GO:0098591,6,0.126612402232846,0.8992471803829946
GO:0070935,23,-0.12616189072996042,0.8996037770625386
GO:0006623,12,-0.12609121977593746,0.8996597176029052
GO:0005113,8,-0.12552649910114902,0.9001067477018151
GO:0042447,5,0.12454712739275178,0.9008820885663493
GO:0006903,9,-0.1242077388041416,0.9011507950109454
GO:0046850,6,0.12410102794847476,0.9012352842674776
GO:0007548,20,-0.12397906617710149,0.9013318499405005
GO:0047035,8,-0.12329504243395938,0.901873466446108
GO:0001618,83,-0.12274554926247845,0.9023085934647525
GO:0008525,5,0.1226178259357212,0.9024097379117307
GO:0031670,9,0.12255660677029581,0.9024582180956483
GO:0035617,7,-0.12181148149784139,0.9030483207483736
GO:0006740,6,-0.12149180791276439,0.9033015029794511
GO:0035515,6,-0.12149180791276439,0.9033015029794511
GO:1902554,6,-0.12142657741187163,0.9033531668983424
GO:0032182,5,0.12126016935484783,0.9034849674075984
GO:2000436,5,0.12126016935484783,0.9034849674075984
GO:0007339,25,0.12109293496377828,0.9036174250792991
GO:0032007,31,-0.12106701311532315,0.9036379566687734
GO:0120548,7,-0.1205432409864608,0.9040528279962521
GO:0140313,18,-0.12019239766532962,0.9043307399030919
GO:0170033,5,0.11993824057873428,0.9045320715094007
GO:0042608,12,0.11931038593395363,0.905029455490373
GO:0032651,12,-0.11903361720570939,0.9052487224327694
GO:0071356,88,-0.11900976781392261,0.9052676171860834
GO:0045569,5,-0.11893786204545917,0.905324585074804
GO:0050774,5,0.11872349521690022,0.9054944217056643
GO:0005001,17,-0.11863704106738043,0.9055629180484652
GO:0046581,6,-0.11858905062303658,0.9056009404703326
GO:0035313,14,-0.11851283269212108,0.905661327735016
GO:0009229,5,0.11836621716930196,0.9057774923587688
GO:0042723,5,0.11836621716930196,0.9057774923587688
GO:0010628,426,-0.1181039138105176,0.9059853223864638
GO:0015886,7,0.1175236207212689,0.9064451271139257
GO:1902603,6,0.11751274735830605,0.9064537431008225
GO:0032308,6,0.11721921010428864,0.9066863443984257
GO:0004712,29,-0.11697797344480541,0.9068775082737307
GO:0097226,6,-0.11650167459446828,0.9072549590019294
GO:0120163,48,0.11608349897611915,0.907586366304802
GO:0048661,47,0.11562005373882149,0.9079536689112826
GO:0043533,5,-0.1153293537647168,0.9081840726506916
GO:0030854,8,0.1153013432337737,0.9082062737182758
GO:0004935,9,-0.1149667256469724,0.9084714962106669
GO:0032527,6,0.11477306632081016,0.9086249979140617
GO:0022408,13,-0.11454239515732478,0.9088078410508429
GO:0071467,9,-0.11432757776290306,0.9089781219295594
GO:0008625,33,0.11411621333786671,0.9091456697995423
GO:0016877,6,-0.11248999878956359,0.9104348992215432
GO:0014002,5,-0.11243540157917092,0.9104781868772821
GO:0044721,5,0.11207812353157268,0.9107614630154601
GO:0051014,13,-0.11126279088507017,0.9114079607278042
GO:1905091,10,0.11116525121542233,0.9114853063154331
GO:0007162,48,-0.11111112886493774,0.911528223831045
GO:2000818,7,-0.11097104474580247,0.9116393078317485
GO:0001881,12,0.11020008196258078,0.9122506972739604
GO:1990726,5,-0.11007736646502245,0.9123480180046167
GO:1904045,6,0.10978293300251407,0.9125815267123618
GO:1904637,5,0.10968436061266436,0.9126597039956975
GO:0001534,12,0.10957735232403125,0.9127445727061824
GO:0050688,6,0.10883709073956906,0.9133317043924476
GO:0032836,8,-0.10807029378060219,0.9139399322434799
GO:0009311,23,-0.10765081563738434,0.9142726861219596
GO:0006072,8,-0.10677096458198544,0.9149706826760449
GO:1901653,6,-0.10560818094537747,0.9158932335987483
GO:0043388,13,0.10523541006038603,0.9161890135428371
GO:0006776,6,0.1052331055652441,0.9161908421108391
GO:0106071,7,0.10487141181011482,0.9164778439221459
GO:0034755,12,-0.10480309176181815,0.9165320566915675
GO:0035567,29,0.10406780765805156,0.9171155378751824
GO:0001974,19,-0.10391808089609635,0.9172343583128327
GO:0032687,5,-0.10343199477969489,0.9176201201524853
GO:0042923,23,0.10331879086324412,0.9177099624760714
GO:0030216,50,-0.10316022595232696,0.9178358065321617
GO:0010821,22,-0.10287981641350281,0.9180583568569697
GO:0090110,17,-0.10280455780177282,0.9181180878318507
GO:0038003,9,-0.10247671074578407,0.9183782976503868
GO:0045580,10,0.10219623662872347,0.9186009148524127
GO:0005881,55,0.10209447394693444,0.9186816872475997
GO:0001706,9,-0.10207724331824072,0.9186953638487072
GO:0045159,9,0.10186419402355094,0.9188644711109045
GO:0006702,11,-0.10180158417536393,0.9189141681951136
GO:0003916,7,-0.1016706143290114,0.9190181276166942
GO:0000070,36,-0.1016295337495968,0.9190507362724795
GO:0160049,16,-0.10161274379762625,0.9190640637226373
GO:0015020,26,-0.1015511544784948,0.9191129520012113
GO:0004957,5,0.10125259868934554,0.9193499435039535
GO:0000712,18,-0.10081320976222335,0.9196987403937624
GO:0055117,25,0.10063642753951588,0.9198390784916838
GO:0006144,7,0.10058355103354231,0.9198810548507738
GO:0120183,8,-0.09903148196413782,0.9211132739653795
GO:0007614,9,0.09893476622156648,0.9211900648547247
GO:0044341,8,0.09874901909487331,0.921337547424954
GO:0000278,128,-0.09850411082807048,0.921532007867946
GO:0030225,26,-0.09849521695946602,0.9215390698070466
GO:0045747,43,0.09838494713784596,0.9216266271308533
GO:0032815,6,-0.09810667334271013,0.9218475885314112
GO:0086005,16,-0.09805719663899101,0.9218868758011479
GO:0031314,7,-0.09780550038956576,0.9220867396484608
GO:0039532,8,0.09728021217469784,0.9225038698571949
GO:0044029,12,-0.09709969549235352,0.922647222682161
GO:0046471,12,0.09677679864273524,0.9229036494330827
GO:0042587,5,-0.0965722562658084,0.9230660897801901
GO:0051094,15,0.09656826626868888,0.9230692585272123
GO:1903351,7,0.09647686747288133,0.9231418452952986
GO:0071479,36,-0.09620840396767204,0.9233550563785887
GO:0031904,21,-0.09609310902607912,0.9234466241818793
GO:1990408,6,0.0960845278150346,0.9234534394619993
GO:0015293,122,0.09592904875181553,0.9235769233980984
GO:0006958,35,0.09578888036647544,0.9236882489299107
GO:0030548,9,0.09547271518285756,0.923939361375313
GO:0070102,15,-0.09543362524224626,0.9239704088710943
GO:0003406,6,0.0939971517864663,0.9251114192653392
GO:0071204,6,-0.09373622978289525,0.9253186897630624
GO:0046929,5,0.09357112066598305,0.9254498513053504
GO:0015108,21,0.09318119663134944,0.9257596123029791
GO:0046854,40,-0.09312049044711478,0.9258078391415159
GO:0008198,24,-0.09297276496343264,0.9259251978959325
GO:0038138,5,-0.09271365335174724,0.9261310499271973
GO:0004518,135,0.0921848944775822,0.9265511393983701
GO:0006015,5,-0.09174900262323195,0.9268974630862336
GO:0010818,13,-0.0915186867865644,0.9270804586359874
GO:1990275,8,0.09137673820706955,0.9271932446317426
GO:0043330,22,0.09124429486847509,0.9272984795073065
GO:0051932,24,0.09044455819688316,0.9279339494414662
GO:1901844,9,-0.09001332700643196,0.9282766244015652
GO:0019477,5,-0.0898554289709612,0.9284021003419025
GO:0010886,8,-0.08945599069607087,0.9287195276416595
GO:0098686,43,0.08898767332178065,0.9290917065171914
GO:0019233,31,-0.0888159664680047,0.929228168432042
GO:1990349,6,-0.0886808659637064,0.9293355393629656
GO:0060261,57,0.0885793219949092,0.929416242132611
GO:0005793,83,0.08836626313726371,0.9295855744878048
GO:0007192,5,-0.08749739385681271,0.9302761568892262
GO:0009449,5,-0.08699720459017515,0.9306737340981308
GO:0031727,6,0.0864304136829062,0.9311242707613762
GO:0045823,8,-0.08620766769952898,0.9313013354593607
GO:0007043,38,0.08618980178101979,0.93131553753947
GO:0035805,5,-0.08610400947117952,0.9313837363671973
GO:0044232,13,0.08573506033346674,0.9316770306123752
GO:0048022,6,-0.08558241717130033,0.9317983762351705
GO:0060729,7,0.08530427249167129,0.9320194949592282
GO:1990573,47,-0.08502743288466523,0.9322395813897821
GO:0031088,6,-0.0848322664110336,0.9323947411056563
GO:0016212,5,-0.08431761923318824,0.9328039041631779
GO:0150011,6,-0.08414734615165963,0.9329392813150386
GO:0005776,80,0.0840866903003156,0.9329875067664267
GO:0008528,40,0.08365553626813677,0.93333031008496
GO:0045933,9,0.08332890538554011,0.9335900170405276
GO:0048265,11,0.08325278630148077,0.933650540979612
GO:0070628,18,0.08294066426169094,0.9338987200081388
GO:0006309,12,0.0828922341091493,0.9339372290737744
GO:0006939,16,-0.08263650896221345,0.9341405705870633
GO:0043534,5,-0.08260268460471662,0.9341674665669104
GO:0016324,416,-0.08258499585198285,0.934181532092009
GO:0007506,9,0.08250333936861722,0.934246462957621
GO:0030947,5,0.08238831777615765,0.9343379255315711
GO:0110053,14,-0.0822756656509446,0.9344275047988053
GO:0046068,8,0.08194247837363486,0.9346924551406409
GO:0034236,13,0.08172419294645265,0.9348660395175435
GO:0045334,23,0.08170865189378314,0.9348783981517212
GO:0035315,9,0.0816511421898581,0.9349241314445935
GO:0000938,5,0.08153085046192185,0.9350197914179827
GO:0045162,6,-0.08121197361148545,0.9352733774061318
GO:0006771,5,-0.08095920558576464,0.9354743951901865
GO:1902041,6,-0.08095105160791441,0.9354808798390405
GO:1903589,24,0.0803806641648765,0.935934504899186
GO:0042306,5,-0.08031610510008778,0.9359858495753545
GO:0061098,8,0.08030419373190069,0.9359953228727578
GO:0046324,6,0.08016828559720131,0.9361034133789908
GO:0045171,43,0.08004137114150575,0.9362043520926515
GO:0060304,5,-0.08003028266200918,0.9362131711277671
GO:0042448,8,0.08002173086263617,0.9362199726624832
GO:0070593,15,0.07989935809840462,0.936317300362294
GO:0005876,43,0.07987073322526073,0.9363400669467586
GO:0048298,6,0.07980951784229112,0.9363887543306095
GO:1905460,8,-0.07965452913259231,0.9365120249778559
GO:0034137,7,-0.07959719019045858,0.9365576300307622
GO:0070083,5,0.07906563193349389,0.9369804196493035
GO:1901202,15,0.07895038560356171,0.9370720863656576
GO:0051260,123,-0.07775875843415428,0.938019953075021
GO:0019724,5,-0.07767224754786069,0.9380887706426966
GO:0070534,70,-0.07764106144744587,0.938113578634846
GO:0060296,8,0.07691463930072655,0.9386914515690965
GO:0033300,8,0.07680165415302075,0.9387813348035756
GO:0019210,7,-0.07669835473587436,0.938863513417674
GO:1903241,25,0.07616852686252702,0.9392850218517111
GO:0031340,10,0.07602187293345586,0.9394016964669334
GO:0002080,31,-0.07588397135041061,0.9395114090963781
GO:0030889,12,-0.07528109408243275,0.9399910635291928
GO:0071603,5,0.07499266219087378,0.9402205501771501
GO:0071375,16,0.07470644029941462,0.9404482833776614
GO:0033011,6,-0.07455846252042399,0.9405660241973681
GO:0140571,5,0.07427810609567727,0.940789097703881
GO:0015271,20,0.07421948996969009,0.940835737867559
GO:0034751,7,-0.0740712851051574,0.9409536636440339
GO:0021612,7,0.07274265218847296,0.9420109068953261
GO:0006940,17,0.07241859236667766,0.9422687890726458
GO:0007595,24,-0.07222515846632978,0.9424227238936846
GO:0002606,7,0.07189715851421923,0.9426837513765187
GO:0005200,118,0.07182162466265253,0.9427438632679023
GO:0002502,6,0.0718187814829281,0.9427461259539488
GO:0017017,13,0.07153082831647212,0.94297528994274
GO:0097114,5,0.07063387001017506,0.9436891533541731
GO:0032964,13,0.06982454771536668,0.9443333086075315
GO:0035987,28,-0.06975502541344307,0.9443886444548478
GO:0099128,5,-0.0697049470864196,0.9444285041565816
GO:0031998,5,-0.06959776367214013,0.9445138169573063
GO:0042592,14,0.06897233326045966,0.9450116418995229
GO:0045541,13,0.0687387327873905,0.9451975867968617
GO:0034122,17,0.06869786190523744,0.945230120137419
GO:0071459,5,-0.06852592952934536,0.9453669798062969
GO:0070987,5,0.06831156270078641,0.9455376199272058
GO:0048263,5,0.06824010709126675,0.9455945005231889
GO:0002768,12,0.06808510714808257,0.945717885619189
GO:0047496,16,0.06787499575866601,0.9458851433327199
GO:0015272,5,0.06756127880083007,0.9461348799774251
GO:0010631,7,0.06730733571112754,0.946337037081368
GO:1990830,10,-0.06697706385729195,0.9465999625808613
GO:0070542,17,0.06660495102067732,0.9468962041563236
GO:0090027,6,-0.06656772616106096,0.9469258395264422
GO:0016208,11,-0.0665106895192096,0.9469712475497797
GO:0098703,26,0.066384365797979,0.9470718170303918
GO:0035255,32,-0.06628413810342113,0.9471516114102155
GO:0003158,6,-0.06598065165302613,0.947393229626492
GO:1900242,18,-0.065877939052542,0.9474750045070238
GO:0072341,6,-0.06366496887133317,0.9492369989261181
GO:0005847,23,-0.06359745601112769,0.9492907574523964
GO:0015824,9,-0.06356858330306303,0.9493137480202486
GO:0003140,9,0.06346205865571815,0.9493985711224849
GO:0043320,5,0.06334539783917066,0.9494914660786417
GO:0048671,8,-0.06324343642832418,0.9495726567188352
GO:0009313,8,0.06301746613291256,0.9497525960010037
GO:0045654,11,0.06265639385710402,0.950040121788067
GO:0035773,7,0.06075475973566111,0.9515545202247273
GO:0001594,7,0.06066417112770535,0.9516266664014081
GO:0045780,14,0.06023868486927452,0.9519655355717339
GO:0005230,47,0.059587989781094745,0.9524837841374382
GO:0050796,43,-0.05954044434692487,0.9525216526688713
GO:0038092,12,0.059436084390450124,0.952604772661932
GO:0006613,10,0.05863967001613528,0.9532391129273363
GO:0005243,23,0.05863228915461314,0.953244991887642
GO:2000026,19,0.058622335986190884,0.9532529197307034
GO:0034446,44,0.05799309237193545,0.953754130756676
GO:0044548,14,0.05776165989769145,0.9539384781330555
GO:0045494,36,-0.0576477879512785,0.9540291836579495
GO:0006997,22,-0.05761542293599379,0.9540549643543563
GO:0070633,13,0.05761466964771608,0.954055564394701
GO:0141156,16,0.05750797904331943,0.9541405502718943
GO:1903751,9,-0.057470047242568094,0.954170765498338
GO:0014047,6,-0.05684838152803982,0.954665973339327
GO:0097470,5,-0.05662857054432346,0.9548410750537146
GO:0032190,5,-0.056414203715764506,0.9550118420464183
GO:0097443,6,0.05629392227045136,0.9551076604845055
GO:0070324,6,0.05609823076777308,0.9552635533637034
GO:0042288,18,-0.05535027526455715,0.9558594096552688
GO:1905075,5,-0.055342369572969737,0.9558657078308038
GO:0000290,18,0.05533144223452498,0.9558744132464855
GO:1990393,5,0.05509227493965096,0.9560649505045677
GO:0008305,28,0.05465326628518088,0.9564147017784512
GO:0047497,8,-0.05462831891575657,0.9564345772069891
GO:0060473,5,-0.0543062632349348,0.9566911595792691
GO:2001027,6,0.05417393099143668,0.9567965902311898
GO:0070782,7,-0.053205709072681344,0.9575680068783047
GO:0045603,18,-0.052468821669634645,0.9581551378055053
GO:0001704,7,0.05233001919577569,0.9582657342197942
GO:0000957,5,0.052269778363624744,0.9583137337587043
GO:0099092,23,-0.05178435768472226,0.958700519586706
GO:0033550,6,-0.05159732620617268,0.9588495498823144
GO:0006646,9,-0.05139814234390937,0.9590082650133336
GO:1904062,14,0.05109931687067491,0.9592463803416149
GO:1901098,7,0.05106177868439509,0.9592762924317727
GO:0045880,44,-0.05037795952775028,0.9598211998291492
GO:0097503,9,0.04998669076658958,0.960132994292891
GO:0036089,7,-0.04888765209345692,0.9610088292984329
GO:0005884,98,0.048601804131244805,0.9612366321772735
GO:0102033,8,-0.04810342663574635,0.961633815308592
GO:1900006,15,-0.04804689001063371,0.9616788729097524
GO:0036438,8,0.048018687774967,0.9617013490952573
GO:0062043,5,-0.0477323471591269,0.961929554170617
GO:0050920,12,-0.047627285318695964,0.9620132861601924
GO:0001946,10,0.047497880064771354,0.9621164198937864
GO:0030261,26,-0.04726516696097845,0.9623018897783313
GO:0045143,5,0.04648187399253301,0.9629261809282027
GO:0050965,16,0.04620213807822086,0.9631491383563977
GO:0045839,6,0.04556350487359244,0.963658157837267
GO:0015280,13,0.04520535618513108,0.9639436249982994
GO:0051053,5,0.044731211559301556,0.9643215553627693
GO:0033629,13,-0.044474093070371604,0.9645265022730535
GO:0014850,24,-0.04412128582913777,0.9648077256666492
GO:0001714,5,0.044052383268864875,0.9648626485543284
GO:0042470,102,0.043293895653772924,0.9654672572243705
GO:0036500,8,0.04324506528439675,0.9655061817669323
GO:0035752,5,-0.04319491595462906,0.9655461577884865
GO:0048709,20,-0.04263064589977866,0.9659959657944406
GO:0070126,5,-0.04262327107847185,0.9660018447069116
GO:0042350,5,0.04219453742135394,0.9663436171902801
GO:1990049,5,-0.04119415888807883,0.9671411102539488
GO:0071499,9,0.04087883341860149,0.9673924918249668
GO:0030867,11,-0.04042192575633239,0.9677567503067968
GO:0008306,23,0.0398046430208499,0.9682488745713981
GO:1990822,6,-0.039757990294136854,0.9682860686193324
GO:0016776,10,-0.039640517990226734,0.9683797241258238
GO:1903753,9,0.03821571723497925,0.9695156895084486
GO:0032780,10,0.03814989303074721,0.9695681713534364
GO:0003300,11,-0.03786845488018743,0.9697925643593067
GO:0000280,9,0.037549938189073685,0.9700465232815282
GO:0021794,6,0.03731184651065838,0.9702363599213791
GO:0006548,7,-0.0371111330592085,0.9703963952467479
GO:0016486,17,-0.03650966765288219,0.9708759701776467
GO:0051798,7,-0.03614485457434709,0.9711668568984146
GO:0042272,6,-0.03574631448923215,0.9714846405090303
GO:0005112,26,-0.03546454669519039,0.9717093162197944
GO:0003351,11,0.03483319704627928,0.9722127492712346
GO:0140015,5,-0.03440587598371198,0.9725534978900701
GO:0086083,5,0.03433442037419233,0.9726104775524956
GO:0008301,16,-0.034157222703743044,0.9727517779565927
GO:0016600,9,0.0336617885609852,0.9731468500029498
GO:0005436,12,-0.033489016117552804,0.973284624788751
GO:0060009,7,0.033457392538326296,0.9733098426226847
GO:0031669,34,0.03316748410065271,0.9735410277775208
GO:0008373,22,-0.033134830754141906,0.9735670670660481
GO:0030330,39,-0.033107455712456484,0.9735888972119294
GO:1900222,11,-0.033026495954667286,0.9736534584466174
GO:1902902,11,-0.032087011387029046,0.9744026614895132
GO:0050649,6,-0.03137587092941727,0.9749697838840439
GO:0060076,32,0.03134793317380467,0.9749920640281868
GO:0019674,13,-0.030735210308223924,0.9754807106534663
GO:0042311,37,-0.03073130601481874,0.9754838243580493
GO:0051123,63,0.03023586657057907,0.9758789442123553
GO:0046920,8,-0.029178414395024062,0.9767222967203462
GO:0001675,28,-0.029161496876674298,0.9767357892055376
GO:0004523,7,0.029078943153798033,0.976801629624603
GO:0006930,7,0.02889776593788652,0.9769461274024683
GO:0071169,10,-0.028498728038862813,0.9772643824964183
GO:0046677,18,0.02847554140864594,0.9772828752455738
GO:0007338,74,-0.02839438934615828,0.9773475990518744
GO:0008298,6,-0.0282774221370112,0.9774408879226854
GO:0002456,14,0.02780246993966516,0.9778196959984725
GO:0015889,9,-0.027776301795180036,0.977840567096533
GO:0006616,10,0.027766047974033894,0.9778487453078323
GO:0031090,51,0.027578932467386075,0.9779979847292244
GO:0010596,25,-0.026721312822942756,0.9786820140261764
GO:0008290,8,-0.026382031989305398,0.9789526255576116
GO:0007218,110,-0.02584598356286012,0.9793801845058663
GO:0003176,6,0.025831278353532723,0.9793919136493059
GO:0046718,106,-0.025341293620509627,0.9797827369501599
GO:0007566,23,0.025292360027480178,0.979821767798285
GO:0097524,7,-0.025213829214352397,0.979884406345537
GO:0032809,28,0.024676274415580426,0.9803131795908682
GO:0051293,9,-0.024633824698505787,0.9803470392719987
GO:0035082,29,-0.02458867207890937,0.9803830549408104
GO:0010918,8,-0.024574269626012522,0.9803945429642783
GO:0048038,13,0.024308958693670977,0.9806061672395662
GO:0070840,24,-0.024303406981669235,0.9806105955565613
GO:0007613,52,0.023943020032209023,0.9808980590839824
GO:0070104,15,-0.023817146636872743,0.980998462890533
GO:0051988,11,-0.023607560930396745,0.9811656410828625
GO:0099505,28,-0.02346813368531945,0.9812768571161836
GO:0097011,10,0.023268908265773627,0.9814357726054688
GO:0030291,27,-0.022883507537071208,0.9817431960305878
GO:0045576,5,0.022115511146332,0.9823558133968257
GO:0016746,178,0.021983910992161036,0.9824607896056814
GO:0009642,7,-0.021288322869602923,0.9830156587298656
GO:0030011,7,0.021227930464299084,0.9830638340110138
GO:2000304,5,-0.021150860417816712,0.9831253132078509
GO:1904714,5,-0.021043677003537233,0.9832108141691058
GO:0043027,14,-0.02032868769781969,0.9837811710390493
GO:0031848,6,0.020221455276755413,0.9838667125482473
GO:0098639,5,-0.019828931641703167,0.9841798383050763
GO:0004430,5,0.019757476032183516,0.9842368404656945
GO:0042262,6,0.01950391976693506,0.984439110116983
GO:0045471,111,0.019458527603185585,0.9844753209516319
GO:0002860,6,0.019340843514703162,0.9845692016012798
GO:0010248,18,0.019190857602784533,0.9846888508372821
GO:0061014,15,-0.019123858754769192,0.9847422983750552
GO:0007221,6,-0.019014691010239365,0.9848293857973552
GO:0035519,12,-0.019004786006104345,0.984837287419395
GO:0034199,5,-0.018721369694148574,0.985063380690881
GO:0048874,8,0.018444825362972615,0.9852839930469126
GO:0005943,7,0.0182385064017591,0.9854485840724599
GO:0045820,15,0.017989217728326578,0.9856474550270102
GO:0045869,10,0.017836969854110946,0.985768911767127
GO:0004875,11,0.0178020280893502,0.9857967868357556
GO:0042998,6,-0.017775311493276935,0.9858181002228424
GO:0001953,19,0.017396059052812742,0.9861206531011096
GO:0000151,104,0.016885544800663357,0.9865279247025104
GO:0035295,12,0.0168598283622115,0.986548440531201
GO:0035461,5,0.01629187897048044,0.9870015363257593
GO:0032281,27,0.016209151172092106,0.987067534843829
GO:0000082,71,0.015902557340202055,0.9873121297986193
GO:0110025,8,-0.015478965235695244,0.9876500657938772
GO:0051898,70,-0.015451765705910149,0.9876717652835828
GO:0090166,6,0.015329167709798459,0.9877695727474644
GO:0031462,46,0.014719067337171916,0.9882563074707945
GO:0050773,15,-0.013574432643622576,0.9891695023870237
GO:0032753,22,-0.012725819317914654,0.9898465392962743
GO:0086091,42,0.01269017023767512,0.9898749808503522
GO:0034204,14,0.012662722484041046,0.9898968792296838
GO:0015701,32,-0.01260133230781152,0.9899458575956259
GO:0032510,6,-0.012556871421856184,0.9899813294435527
GO:0002438,5,-0.012469003861179108,0.99005143212526
GO:0009953,20,-0.01239969331703537,0.990106729663297
GO:0043198,43,0.012346872082586467,0.9901488716846858
GO:0042755,17,-0.012150510413140728,0.9903055338763289
GO:0010633,16,0.012064890358515087,0.9903738437888115
GO:0070072,7,-0.011897303844856101,0.9905075488836962
GO:0006640,7,-0.011776519034248424,0.9906039144679544
GO:0098719,27,-0.011733949093269712,0.9906378780198963
GO:0017136,5,0.011468625327903994,0.9908495615095694
GO:0120094,5,-0.011289986304104866,0.9909920856005048
GO:0003925,117,0.011144826313309146,0.9911078992292498
GO:0098631,17,0.011104054970860665,0.9911404280410762
GO:0001578,30,0.011030056698232966,0.9911994665047004
GO:1900037,7,-0.010870632954690854,0.9913266606220081
GO:0034157,6,0.010828263148198061,0.9913604648468353
GO:0043067,7,0.010568670928171663,0.9915675776176046
GO:2001069,9,0.010199734983273206,0.9918619300396104
GO:0031629,9,0.009773636393893647,0.9922018905696687
GO:0120229,5,-0.009646507285152891,0.9923033201409118
GO:0051901,7,-0.009602392443310254,0.9923385170619338
GO:0016314,6,0.009295346377218214,0.9925834934404332
GO:0097345,6,-0.009132270124986316,0.9927136039412436
GO:0030594,32,0.008914171172902543,0.9928876146435034
GO:1990809,8,-0.007993699200185682,0.9936220187492205
GO:0019826,5,0.007788661437641964,0.993785610120493
GO:0035254,7,-0.0077604240815431925,0.993808139590071
GO:0046474,11,0.007684501976323022,0.9938687148593617
GO:0043434,49,-0.007604803524136667,0.9939323031657641
GO:0007059,110,-0.007603554326400573,0.9939332998525346
GO:0034405,9,-0.007376831828633624,0.9941141931583031
GO:0010614,22,-0.007359509966986789,0.994128013629114
GO:2000786,20,0.006896659395353966,0.9944973055689769
GO:1901842,5,-0.006645371685327548,0.9946977995565572
GO:0043231,55,0.006337790401266623,0.9949432087424314
GO:0033263,6,-0.005935975581241105,0.9952638045443853
GO:0090141,20,-0.005896107773230075,0.9952956138962069
GO:0006882,32,0.005269391200463785,0.9957956535729812
GO:0006812,52,-0.005254162729290314,0.9958078039668141
GO:0007249,38,0.005211838194339644,0.99584157359741
GO:0051051,10,0.00480031766612051,0.9961699153567306
GO:0021542,10,0.004345550729330145,0.9965327630773265
GO:0043422,10,0.004345550729330145,0.9965327630773265
GO:0004708,19,0.003996144229202506,0.9968115467029383
GO:0044754,12,-0.003990082498854432,0.9968163832254354
GO:0099503,10,-0.003941313452183155,0.9968552949888365
GO:0005223,7,0.0038047215341417986,0.9969642787538917
GO:0097177,7,0.0037745253314898797,0.9969883716647789
GO:0051457,12,-0.0033904169209919162,0.9972948438666521
GO:0070129,6,-0.0030658335419596915,0.997553822582953
GO:0016251,53,-0.0030304213047344254,0.9975820773290383
GO:1905274,7,-0.0028988354545842277,0.9976870671858373
GO:0005509,716,-0.002308982093232909,0.9981577004736447
GO:0007172,8,-0.0021749640933367404,0.9982646310978108
GO:0000445,6,0.0020873760285683007,0.9983345161036729
GO:0098586,80,-0.001966731008512591,0.9984307767046896
GO:1990246,6,0.0015981472718726052,0.9987248635086826
GO:0008016,32,-0.0015539759572413309,0.9987601070748824
GO:0046055,7,-0.0012078481060767616,0.9990362768786952
GO:0008381,11,0.0008190378281974381,0.9993465024352313
GO:2000008,10,0.0006821504051855461,0.9994557227657683
GO:0140096,5,0.0002500946333187787,0.9998004533554155
GO:0044306,21,-0.00010461960699627557,0.9999165256309727
GO:0008308,8,0.0,1.0
